Workbook

Sheet Rx. Pr. Calc. with N2
C1: H2/Naphtha (mol. Basis) | D1: 1.5
C2: Naphtha (M. Wt.) | D2: 100
C3: N2 flow, SLPH | D3: 2
C4: Naphtha flow rate, g/hr | D4: 2
C6: H2 flow, g/hr | D6: =(D4/D2)*D1*2 -> 0.06
C7: H2 flow, SLPH | D7: =D11*22.4 -> 0.672
D9: moles/hr | E9: %
C10: Naphtha flow rate | D10: =D4/D2 -> 0.02 | E10: =D10/$D$13*100 -> 14.358974
C11: H2 flow | D11: =D10*D1 -> 0.03 | E11: =D11/$D$13*100 -> 21.538462
C12: N2 flow | D12: =D3/22.4 -> 0.089285714 | E12: =D12/$D$13*100 -> 64.102564
C13: Total | D13: =SUM(D10:D12) -> 0.13928571 | E13: =SUM(E10:E12) -> 100
D15: gms/hr | E15: %
C16: Naphtha flow rate | D16: =D4 -> 2 | E16: =D16/$D$19*100 -> 43.859649
C17: H2 flow | D17: =D6 -> 0.06 | E17: =D17/$D$19*100 -> 1.3157895
C18: N2 flow | D18: =D12*28 -> 2.5 | E18: =D18/$D$19*100 -> 54.824561
C19: Total | D19: =SUM(D16:D18) -> 4.56 | E19: =D19/$D$19*100 -> 100
C21: Total Pressure, barg | D21: 24 | E21: w/o N2
C22: H2 Partial Pressure, barg | D22: =D21*D11/SUM(D10:D11) -> 14.4
C23: Total Pressure, barg | D23: =D22/(E11/100) -> 66.857143 | E23: with N2

Sheet ETCA data with syn. feed
B1: Catalyst | C1: Athos 3 Cy1.6
C2: 6.05 | D2: g
B3: Feed | C3: 85 | D3: %w n-hexane
C4: 10 | D4: %w n-heptane
C5: 5 | D5: %w n-octane
C6: 0.66 | D6: g/ml
C7: 86.18 | D7: assumed MW
K11: indicative results (08/01/2026)
C12: Pressure | D12: T | E12: feed flow | F12: H2 flow | H12: H2/HC | I12: WHSV | K12: hexaan conversie | L12: hexaan crack | M12: heptaan crack | N12: octaan crack
D13: isothermal | E13: ml/min | F13: Nl/h | H13: mol/mol
B14: #RN1 | C14: 26 | D14: 220 | E14: 0.257 | F14: 4 | H14: =(F14/22.4)/(60*E14*$C$6/$C$7) -> 1.5121336 | I14: =E14*60*$C$6/$C$2 -> 1.6821818 | K14: 32.53 | L14: 5.7 | M14: 37.53 | N14: 80.13
B15: #RN2 | C15: 26 | D15: 200 | E15: 0.257 | F15: 4 | H15: =(F15/22.4)/(60*E15*$C$6/$C$7) -> 1.5121336 | I15: =E15*60*$C$6/$C$2 -> 1.6821818 | K15: 11.26 | L15: 2.22 | M15: 3.59 | N15: 31.67
B16: #RN3 | C16: 26 | D16: 210 | E16: 0.257 | F16: 4 | H16: =(F16/22.4)/(60*E16*$C$6/$C$7) -> 1.5121336 | I16: =E16*60*$C$6/$C$2 -> 1.6821818 | K16: 16.22 | L16: 1.94 | M16: 13.73 | N16: 55.23
B17: #RN4 | C17: 26 | D17: 230 | E17: 0.257 | F17: 4 | H17: =(F17/22.4)/(60*E17*$C$6/$C$7) -> 1.5121336 | I17: =E17*60*$C$6/$C$2 -> 1.6821818 | K17: 45.45 | L17: 3.4 | M17: 59.2 | N17: 88.8
B18: #RN5 | C18: 26 | D18: 190 | E18: 0.257 | F18: 4 | H18: =(F18/22.4)/(60*E18*$C$6/$C$7) -> 1.5121336 | I18: =E18*60*$C$6/$C$2 -> 1.6821818 | K18: 8.29 | L18: 1.59 | M18: -0.03 | N18: 18.95
B19: #RN6 | C19: 26 | D19: 220 | E19: 0.257 | F19: 3.18 | H19: =(F19/22.4)/(60*E19*$C$6/$C$7) -> 1.2021462 | I19: =E19*60*$C$6/$C$2 -> 1.6821818
B20: #RN7 | C20: 26 | D20: 200 | E20: 0.257 | F20: 3.18 | H20: =(F20/22.4)/(60*E20*$C$6/$C$7) -> 1.2021462 | I20: =E20*60*$C$6/$C$2 -> 1.6821818 | K20: 12.1 | L20: 1.83 | M20: 6.17 | N20: 37.81
B21: #RN8 | C21: 26 | D21: 210 | E21: 0.257 | F21: 3.18 | H21: =(F21/22.4)/(60*E21*$C$6/$C$7) -> 1.2021462 | I21: =E21*60*$C$6/$C$2 -> 1.6821818 | K21: 17.08 | L21: 1.94 | M21: 15.23 | N21: 57.51
B22: #RN9 | C22: 26 | D22: 230 | E22: 0.257 | F22: 3.18 | H22: =(F22/22.4)/(60*E22*$C$6/$C$7) -> 1.2021462 | I22: =E22*60*$C$6/$C$2 -> 1.6821818 | K22: 46.11 | L22: 3.48 | M22: 60.33 | N22: 87.93
B23: #RN10 | C23: 26 | D23: 190 | E23: 0.257 | F23: 3.18 | H23: =(F23/22.4)/(60*E23*$C$6/$C$7) -> 1.2021462 | I23: =E23*60*$C$6/$C$2 -> 1.6821818 | K23: 10.63 | L23: 1.92 | M23: 2.82 | N23: 23.03
B24: #RN11 | C24: 26 | D24: 180 | E24: 0.257 | F24: 3.18 | H24: =(F24/22.4)/(60*E24*$C$6/$C$7) -> 1.2021462 | I24: =E24*60*$C$6/$C$2 -> 1.6821818 | K24: 4.39 | L24: 1.34 | M24: -6.06 | N24: 4.13
B25: #RN12 | C25: 26 | D25: 220 | E25: =2*0.257 -> 0.514 | F25: =2*3.18 -> 6.36 | H25: =(F25/22.4)/(60*E25*$C$6/$C$7) -> 1.2021462 | I25: =E25*60*$C$6/$C$2 -> 3.3643636 | K25: 16.88 | L25: 1.75 | M25: 16.48 | N25: 56.06
B26: #RN13 | C26: 26 | D26: 240 | E26: =1.5*0.257 -> 0.3855 | F26: =1.5*3.18 -> 4.77 | H26: =(F26/22.4)/(60*E26*$C$6/$C$7) -> 1.2021462 | I26: =E26*60*$C$6/$C$2 -> 2.5232727 | K26: 45.52 | L26: 3.29 | M26: 60.17 | N26: 84.99
B27: #RN14 | C27: 15 | D27: 220 | E27: 0.257 | F27: 4 | H27: =(F27/22.4)/(60*E27*$C$6/$C$7) -> 1.5121336 | I27: =E27*60*$C$6/$C$2 -> 1.6821818 | K27: 39.58 | L27: 3.03 | M27: 53.01 | N27: 84.63
B28: #RN15 | C28: 15 | D28: 200 | E28: 0.257 | F28: 4 | H28: =(F28/22.4)/(60*E28*$C$6/$C$7) -> 1.5121336 | I28: =E28*60*$C$6/$C$2 -> 1.6821818 | K28: 15.71 | L28: 1.99 | M28: 12.42 | N28: 52.49
B29: #RN16 | C29: 15 | D29: 210 | E29: 0.257 | F29: 4 | H29: =(F29/22.4)/(60*E29*$C$6/$C$7) -> 1.5121336 | I29: =E29*60*$C$6/$C$2 -> 1.6821818 | K29: 21.52 | L29: 1.87 | M29: 24.38 | N29: 72.96
B30: #RN17 | C30: 15 | D30: 230 | E30: 0.257 | F30: 4 | H30: =(F30/22.4)/(60*E30*$C$6/$C$7) -> 1.5121336 | I30: =E30*60*$C$6/$C$2 -> 1.6821818 | K30: 53.54 | L30: 3.11 | M30: 71.77 | N30: 87.85
B31: #RN18 | C31: 15 | D31: 190 | E31: 0.257 | F31: 4 | H31: =(F31/22.4)/(60*E31*$C$6/$C$7) -> 1.5121336 | I31: =E31*60*$C$6/$C$2 -> 1.6821818 | K31: 12.02 | L31: 1.92 | M31: 5.11 | N31: 32.75
B32: #RN19 | C32: 15 | D32: 180 | E32: 0.257 | F32: =F31 -> 4 | H32: =(F32/22.4)/(60*E32*$C$6/$C$7) -> 1.5121336 | I32: =E32*60*$C$6/$C$2 -> 1.6821818 | K32: 4.89 | L32: 1.4 | M32: -5.92 | N32: 8.72
S34: In ETCA, a total of 19 conditions were evaluated using the synthetic feed and catalyst system. For the chemical validation run in the ILS unit at STC B, it was agreed with stakeholders that the first five of these conditions (highlighted in grey) would be replicated at STCB. These will be executed in the order of increasing temperature from 190°C to 230°C, with 10°C increments, rather than following the sequence used in ETCA. In addition, a low pressure condition at 15 bar (ETCA condition RN 14) is also included. This low pressure condition is particularly important because ETCA results show a significant increase in conversion when operating pressure is reduced. Including this condition in the validation plan will allow us to determine whether the ILS unit exhibits a similar change in performance under the same pressure shift. In ETCA, each condition was held for approximately 6 hours, during which about four GC data points were collected. The stable points were then selected and averaged to generate the reported data. In the case of the ILS unit, achieving stabilization within 6 hours is unlikely due to system dynamics. Therefore, it was agreed that each condition will instead be run for approximately 24–30 hours to ensure stable data before moving on to the next condition
C35: ETCA
C37: Temperature | D37: Temperature | E37: 1/T | F37: Rate Constant
C38: degC | D38: K | E38: K-1 | F38: 1st order
C39: =D18 -> 190 | D39: =C39+273 -> 463 | E39: =1/D39 -> 0.0021598272 | F39: =-LN((100-K18)/100)*I14 -> 0.14557393
C40: =D15 -> 200 | D40: =C40+273 -> 473 | E40: =1/D40 -> 0.0021141649 | F40: =-LN((100-K15)/100)*I15 -> 0.2009525
C41: =D16 -> 210 | D41: =C41+273 -> 483 | E41: =1/D41 -> 0.0020703934 | F41: =-LN((100-K16)/100)*I16 -> 0.29770559
C42: =D14 -> 220 | D42: =C42+273 -> 493 | E42: =1/D42 -> 0.0020283976 | F42: =-LN((100-K14)/100)*I17 -> 0.6619169
C43: =D17 -> 230 | D43: =C43+273 -> 503 | E43: =1/D43 -> 0.0019880716 | F43: =-LN((100-K17)/100)*I18 -> 1.0194905
E49: E/R | F49: 1697
E50: R2 | F50: 0.97
E51: Activation Energy | F51: 14 KJ/mol
E54: E/R | F54: 8767
E55: R2 | F55: 1
E56: Activation Energy | F56: 72 KJ/mol
C59: STCB
C60: Temperature | D60: Temperature | E60: 1/T | F60: Conversion | G60: Rate Constant
C61: degC | D61: K | E61: K-1 | G61: 1st order
C62: 190 | D62: =C62+273 -> 463 | E62: =1/D62 -> 0.0021598272 | F62: 4.8 | G62: =-LN((100-F62)/100)*1.68 -> 0.08263961
C63: 200 | D63: =C63+273 -> 473 | E63: =1/D63 -> 0.0021141649 | F63: 8.8 | G63: =-LN((100-F63)/100)*1.68 -> 0.15475369
C64: 210 | D64: =C64+273 -> 483 | E64: =1/D64 -> 0.0020703934 | F64: 17.1 | G64: =-LN((100-F64)/100)*1.68 -> 0.31505901
C65: 220 | D65: =C65+273 -> 493 | E65: =1/D65 -> 0.0020283976 | F65: 32 | G65: =-LN((100-F65)/100)*1.68 -> 0.64791297
C66: 230 | D66: =C66+273 -> 503 | E66: =1/D66 -> 0.0019880716 | F66: 53 | G66: =-LN((100-F66)/100)*1.68 -> 1.2684379

Sheet Feed Specs. for ATHOS-3

Sheet Catalyst Activation Step
A1: Steps | B1: Start Temperature | C1: Target Temperature | D1: Ramp Rate, oC/hr | E1: Holding, hrs | F1: N2 flow, NLPH | G1: H2 flow, NLPH | H1: Pressure, barg | I1: Remarks | L1: Step | M1: Time, hrs | N1: Cumulative Time, hrs | O1: Temperature, oC | P1: N2/H2, barg
A2: 1 | B2: 25 | C2: =B2 -> 25 | D2: 0 | E2: 1 | H2: 15 | L2: 1 | M2: =(C2-B2) -> 0 | N2: 0 | O2: =B2 -> 25 | P2: =H2 -> 15
A3: =A2+1 -> 2 | B3: 25 | C3: 180 | D3: 30 | E3: 0.5 | H3: 15 | M3: =E2 -> 1 | N3: =M3+N2 -> 1 | O3: =C2 -> 25 | P3: =H2 -> 15
A4: =A3+1 -> 3 | B4: =C3 -> 180 | C4: 220 | D4: 30 | E4: 0.5 | H4: 15 | L4: 2 | M4: =(C3-B3)/D3 -> 5.1666667 | N4: =M4+N3 -> 6.1666667 | O4: =C3 -> 180 | P4: =H3 -> 15
A5: =A4+1 -> 4 | B5: 220 | C5: 260 | D5: 30 | E5: 2 | H5: 15 | M5: =E3 -> 0.5 | N5: =M5+N4 -> 6.6666667 | O5: =C3 -> 180 | P5: =H3 -> 15
A6: =A5+1 -> 5 | B6: 260 | C6: 160 | D6: 30 | E6: 0.5 | H6: 15 | L6: 3 | M6: =(C4-B4)/D4 -> 1.3333333 | N6: =M6+N5 -> 8 | O6: =C4 -> 220 | P6: =H4 -> 15
A7: =A6+1 -> 6 | B7: 160 | C7: 160 | D7: 0 | E7: 1 | H7: 25 | I7: Switch to H2 gas and increase Pressure to 25 barg | M7: =E4 -> 0.5 | N7: =M7+N6 -> 8.5 | O7: =C4 -> 220 | P7: =H4 -> 15
A8: =A7+1 -> 7 | B8: 160 | C8: 260 | D8: 30 | E8: 6 | H8: 25 | L8: 4 | M8: =(C5-B5)/D5 -> 1.3333333 | N8: =M8+N7 -> 9.8333333 | O8: =C5 -> 260 | P8: =H5 -> 15
A9: =A8+1 -> 8 | B9: 260 | C9: 190 | D9: 30 | E9: 0.5 | H9: 25 | M9: =E5 -> 2 | N9: =M9+N8 -> 11.833333 | O9: =C5 -> 260 | P9: =H5 -> 15
A10: =A9+1 -> 9 | B10: 190 | C10: 190 | D10: 0 | E10: 1 | H10: 25 | I10: Adjust H2 flow and introduce liquid feed as per condition 1 | L10: 5 | M10: =(B6-C6)/D6 -> 3.3333333 | N10: =M10+N9 -> 15.166667 | O10: =C6 -> 160 | P10: =H6 -> 15
M11: =E6 -> 0.5 | N11: =M11+N10 -> 15.666667 | O11: =C6 -> 160 | P11: =H6 -> 15
L12: 6 | M12: =(C7-B7) -> 0 | N12: =M12+N11 -> 15.666667 | O12: 160 | P12: =H7 -> 25 | Q12: =I7 -> Switch to H2 gas and increase Pressure to 25 barg
M13: =E7 -> 1 | N13: =M13+N12 -> 16.666667 | O13: =C7 -> 160 | P13: =H7 -> 25
L14: 7 | M14: =(C8-B8)/D8 -> 3.3333333 | N14: =M14+N13 -> 20 | O14: =C8 -> 260 | P14: =H8 -> 25
M15: =E8 -> 6 | N15: =M15+N14 -> 26 | O15: =C8 -> 260 | P15: =H8 -> 25
L16: 8 | M16: =(B9-C9)/D9 -> 2.3333333 | N16: =M16+N15 -> 28.333333 | O16: =C9 -> 190 | P16: =H9 -> 25
M17: =E9 -> 0.5 | N17: =M17+N16 -> 28.833333 | O17: =C9 -> 190 | P17: =H9 -> 25
L18: 9 | M18: =(C10-B10) -> 0 | N18: =M18+N17 -> 28.833333 | O18: =C10 -> 190 | P18: =H10 -> 25
M19: =E10 -> 1 | N19: =M19+N18 -> 29.833333 | O19: =C10 -> 190 | P19: =H10 -> 25 | Q19: Adjust H2 flow and introduce liquid feed as per condition 1

Sheet Catalyst Loading Details
T5: Zones | U5: Reactor
O6: Reactor ID | P6: mm | Q6: 4.4 | U6: 1 | V6: 2 | W6: 6
G7: Empty space | O7: Isothermal zone height | P7: mm | Q7: 300 | T7: Preheating Zone, mm | U7: =875-U8-U9 -> 421 | V7: =875-V8-V9 -> 419 | W7: =875-W8-W9 -> 420
O8: Isothermal zone volume | P8: ml | Q8: =(22/28)*(Q6*Q6)*Q7/1000 -> 4.5634286 | T8: Catalyst Bed Zone, mm | U8: 154 | V8: 156 | W8: 155
G9: Preheating Zone SiC, 0.8 mm | O9: Catalyst volume | P9: ml | Q9: 2 | T9: Post Heating Zone, mm | U9: 300 | V9: 300 | W9: 300
G13: ATHOS-3, CY 1.6 (1.9ml) + SiC 50 microns (1.9 ml) equally divided into 10 portions
G19: Post Heating Zone SiC, 0.8 mm
AE57: =AE56*40 -> 0

Sheet Exp. Plan for Validation Run
A2: Objective | B2: Chemically validate the ILS‑8 reactor unit for the isomerization application using ETCA‑equivalent feed, catalyst, and operating conditions and also evaluate tube to tube repeatability across the identified reactors.
A4: Catalyst Loading Plan | B4: Units | C4: Block 1 | G4: Block 2
A5: Reactor | B5: -- | C5: 1 | D5: 2 | E5: 3 | F5: 4 | G5: 5 | H5: 6 | I5: 7 | J5: 8
A6: Catalyst | B6: -- | C6: ATHOS-3 | D6: ATHOS-3 | E6: X | F6: X | G6: SiC-INERT | H6: ATHOS-3 | I6: X | J6: X
A7: Shape & Size | B7: mm | C7: CY 1.6 | D7: CY 1.6 | E7: X | F7: X | G7: 0.8 mm | H7: CY 1.6 | I7: X | J7: X
A8: Catalyst volume | B8: ml | C8: 1.9 | D8: 1.9 | E8: X | F8: X | G8: 1.9 | H8: 1.9 | I8: X | J8: X
A9: Catalyst CBD (as-is) | B9: g/ml | C9: 0.654 | D9: 0.654 | E9: X | F9: X | G9: 1.7 | H9: 0.654 | I9: X | J9: X
A10: Catalyst amount | B10: gms | C10: =C8*C9 -> 1.2426 | D10: =D8*D9 -> 1.2426 | E10: X | F10: X | G10: =G8*G9 -> 3.23 | H10: =H8*H9 -> 1.2426 | I10: X | J10: X
A12: Op.Conditions | B12: Units | C12: 1 | D12: 2 | E12: 3 | F12: 4 | G12: 5 | H12: 6
A13: Pressure | B13: barg | C13: 26 | D13: 26 | E13: 26 | F13: 26 | G13: 26 | H13: 15
A14: Temperature | B14: oC | C14: 190 | D14: 200 | E14: 210 | F14: 220 | G14: 230 | H14: 230
A15: WHSV | B15: h-1 | C15: 1.68 | D15: 1.68 | E15: 1.68 | F15: 1.68 | G15: 1.68 | H15: 1.68
A16: H2/Naphtha | B16: mol.basis | C16: 1.51 | D16: 1.51 | E16: 1.51 | F16: 1.51 | G16: 1.51 | H16: 1.51
A17: Duration | B17: hrs | C17: 24 to 36 | D17: 24 to 36 | E17: 24 to 36 | F17: 24 to 36 | G17: 24 to 36 | H17: 24 to 36
A19: Feed molecular weight | C19: 88.5 | D19: from offline DHA
A20: Pressure | B20: barg | D20: Constant for R1, R2, R5 and R6 across all six conditions
A21: Temperature | B21: oC | D21: Temperature for R1, R2, R5, and R6 remain constant within each condition; when the condition changes, all reactor temperatures are to be adjusted accordingly
A22: Naphtha flow | B22: gms/hr | C22: =C15*C9*C8*0.965 -> 2.0145031 | D22: Constant for R1, R2, and R6 across all six conditions; R5 to be operated under gas and liquid feed
A23: H2 flow | B23: gms/hr | C23: =(C22/C19)*(C16*2) -> 0.068743496 | D23: Constant for R1, R2, R5 and R6 across all six conditions
A24: N2 dilution flow | B24: NLPH | C24: 2 | D24: Constant for R1, R2, R5 and R6 across all six conditions
A26: Note
A27: Identical conditions for all reactors loaded with catalyst
A28: A reactor loaded with inert material will operate under the same conditions as a catalyst‑loaded reactor, except that no naphtha feed is introduced.
A52: H2 flow rate | B52: NLPH

Sheet Synthetic Feed_Calc
J1: Synthetic Feed Blend Composition (ETCA) | AJ1: APR 06, 2026 - 04:53:53
B2: Target Blend Feed, gms | D2: 50 | E2: B00009774001 | F2: also check for "S" and "N" and " moisture content analysis" | Y2: Synthetic Feed b lend (STCB), offline | AJ2: Synthetic Feed blend (STCB), online from R5
L3: SAMPLE_ID | M3: Alkane mix feed | V3: COMPONENT | W3: %WGT | Y3: CARBON# | Z3: Paraffin | AA3: I-Paraffins | AB3: Aromatics | AC3: Naphthenes | AD3: Olefins | AE3: Oxygenates | AF3: Plus | AG3: TOTAL | AJ3: CARBON# | AK3: Paraffin | AL3: I-Paraffins | AM3: Aromatics | AN3: Naphthenes | AO3: Olefins | AP3: Oxygenates | AQ3: Plus | AR3: TOTAL
A4: S.No. | B4: Solvents | C4: Purity, wt% | D4: Blend Composition, wt% | E4: Blend Quantity, gms | F4: Blend Composition (Estimated), wt% | G4: Blend Composition (ETCA), wt% | V4: 2-Methylpentane | W4: 0.019 | Y4: 1 | Z4: -- | AA4: -- | AB4: -- | AC4: -- | AD4: -- | AE4: -- | AF4: -- | AG4: 0 | AJ4: 1 | AK4: -- | AL4: -- | AM4: -- | AN4: -- | AO4: -- | AP4: -- | AQ4: -- | AR4: 0
A5: 1 | B5: n-hexane | C5: 95 | D5: 85 | E5: =$D$2*(D5/100)*(C5/100) -> 40.375 | F5: =E5/$D$2*100 -> 80.75 | G5: 83.42 | V5: 3-Methylpentane | W5: 0.304 | Y5: 2 | Z5: -- | AA5: -- | AB5: -- | AC5: -- | AD5: -- | AE5: -- | AF5: -- | AG5: 0 | AJ5: 2 | AK5: -- | AL5: -- | AM5: -- | AN5: -- | AO5: -- | AP5: -- | AQ5: -- | AR5: 0
A6: 2 | B6: n-heptane | C6: 99 | D6: 10 | E6: =$D$2*(D6/100)*(C6/100) -> 4.95 | F6: =E6/$D$2*100 -> 9.9 | G6: 10.37 | J6: SUMMARY_BY_CARBON_TABULAR(%WGT) | V6: n-Hexane | W6: 83.429 | Y6: 3 | Z6: -- | AA6: -- | AB6: -- | AC6: -- | AD6: -- | AE6: -- | AF6: -- | AG6: 0 | AJ6: 3 | AK6: -- | AL6: -- | AM6: -- | AN6: -- | AO6: -- | AP6: -- | AQ6: -- | AR6: 0
A7: 3 | B7: n-Octane | C7: 99 | D7: 5 | E7: =$D$2*(D7/100)*(C7/100) -> 2.475 | F7: =E7/$D$2*100 -> 4.95 | G7: 5.3 | V7: 2,2-Dimethylpentane | W7: 0.511 | Y7: 4 | Z7: -- | AA7: -- | AB7: -- | AC7: -- | AD7: -- | AE7: -- | AF7: -- | AG7: 0 | AJ7: 4 | AK7: 0.002040731 | AL7: -- | AM7: -- | AN7: -- | AO7: -- | AP7: -- | AQ7: -- | AR7: 0.002040731
D8: =SUM(D5:D7) -> 100 | K8: CARBON# | L8: Paraffin | M8: I-Paraffins | N8: Aromatics | O8: Naphthenes | P8: Olefins | Q8: Oxygenates | R8: Plus | S8: TOTAL | V8: n-Heptane | W8: 10.368 | Y8: 5 | Z8: -- | AA8: -- | AB8: -- | AC8: -- | AD8: -- | AE8: -- | AF8: -- | AG8: 0 | AJ8: 5 | AK8: 0.00703464 | AL8: 0.005083027 | AM8: -- | AN8: 0.00126478 | AO8: -- | AP8: -- | AQ8: -- | AR8: 0.013382448
K9: 1 | L9: -- | M9: -- | N9: -- | O9: -- | P9: -- | Q9: -- | R9: -- | S9: 0 | V9: 1c,2c,3-Trimethylcyclopentane | W9: 0.006 | Y9: 6 | Z9: 82.194557 | AA9: 0.57953048 | AB9: -- | AC9: 1.5385151 | AD9: -- | AE9: -- | AF9: -- | AG9: 84.312599 | AJ9: 6 | AK9: 86.275978 | AL9: 0.42940185 | AM9: -- | AN9: 0.57664788 | AO9: -- | AP9: -- | AQ9: -- | AR9: 87.282028
K10: 2 | L10: -- | M10: -- | N10: -- | O10: -- | P10: -- | Q10: -- | R10: -- | S10: 0 | V10: n-Octane | W10: 5.363 | Y10: 7 | Z10: 10.286925 | AA10: -- | AB10: -- | AC10: 0.020310303 | AD10: -- | AE10: -- | AF10: -- | AG10: 10.307236 | AJ10: 7 | AK10: 9.4333334 | AL10: 0.010966498 | AM10: -- | AN10: 0.004715566 | AO10: -- | AP10: -- | AQ10: -- | AR10: 9.4490156
K11: 3 | L11: -- | M11: -- | N11: -- | O11: -- | P11: -- | Q11: -- | R11: -- | S11: 0 | Y11: 8 | Z11: 5.3801694 | AA11: -- | AB11: -- | AC11: -- | AD11: -- | AE11: -- | AF11: -- | AG11: 5.3801694 | AJ11: 8 | AK11: 3.0644438 | AL11: 0.029610613 | AM11: -- | AN11: 0.048574667 | AO11: -- | AP11: -- | AQ11: -- | AR11: 3.1426291
K12: 4 | L12: -- | M12: -- | N12: -- | O12: -- | P12: -- | Q12: -- | R12: -- | S12: 0 | Y12: 9 | Z12: -- | AA12: -- | AB12: -- | AC12: -- | AD12: -- | AE12: -- | AF12: -- | AG12: 0 | AJ12: 9 | AK12: 0.009293201 | AL12: 0.007923766 | AM12: 0.001734306 | AN12: 0.0022839 | AO12: -- | AP12: -- | AQ12: -- | AR12: 0.021235174
D13: Synthetic Feed Blend Composition, wt% | E13: STCB | G13: ETCA | K13: 5 | L13: -- | M13: -- | N13: -- | O13: -- | P13: -- | Q13: -- | R13: -- | S13: 0 | Y13: 10 | Z13: -- | AA13: -- | AB13: -- | AC13: -- | AD13: -- | AE13: -- | AF13: -- | AG13: 0 | AJ13: 10 | AK13: 0.008122366 | AL13: 0.005322486 | AM13: 0.002272646 | AN13: 0.001946052 | AO13: -- | AP13: -- | AQ13: -- | AR13: 0.01766355
D14: Molecules | E14: Offline | F14: Online | K14: 6 | L14: 83.429 | M14: 0.322 | N14: -- | O14: -- | P14: -- | Q14: -- | R14: -- | S14: =SUM(L14:O14) -> 83.751 | Y14: 11 | Z14: -- | AA14: -- | AB14: -- | AC14: -- | AD14: -- | AE14: -- | AF14: -- | AG14: 0 | AJ14: 11 | AK14: 0.00554406 | AL14: 0.008197479 | AM14: 0.00588339 | AN14: -- | AO14: -- | AP14: -- | AQ14: -- | AR14: 0.019624928 | AV14: Big Batch (off line analysis)
D15: 2-Methylpentane (C6) | G15: 0.019 | K15: 7 | L15: 10.368 | M15: 0.511 | N15: -- | O15: -- | P15: -- | Q15: -- | R15: -- | S15: =SUM(L15:O15) -> 10.879 | Y15: 12 | Z15: -- | AA15: -- | AB15: -- | AC15: -- | AD15: -- | AE15: -- | AF15: -- | AG15: 0 | AJ15: 12 | AK15: 0.00175657 | AL15: -- | AM15: 0.004322175 | AN15: -- | AO15: -- | AP15: -- | AQ15: -- | AR15: 0.006078744
D16: 3-Methylpentane (C6) | E16: 0.57953048 | G16: 0.304 | K16: 8 | L16: 5.363 | M16: -- | N16: -- | O16: 0.006 | P16: -- | Q16: -- | R16: -- | S16: =SUM(L16:O16) -> 5.369 | Y16: 13 | Z16: -- | AA16: -- | AB16: -- | AC16: -- | AD16: -- | AE16: -- | AF16: -- | AG16: 0 | AJ16: 13 | AK16: -- | AL16: -- | AM16: -- | AN16: -- | AO16: -- | AP16: -- | AQ16: -- | AR16: 0
D17: Methyl cyclopentane (C6) | E17: 1.5385151 | F17: 0.58100563 | K17: 9 | L17: -- | M17: -- | N17: -- | O17: -- | P17: -- | Q17: -- | R17: -- | S17: =SUM(L17:O17) -> 0 | Y17: 14 | Z17: -- | AA17: -- | AB17: -- | AC17: -- | AD17: -- | AE17: -- | AF17: -- | AG17: 0 | AJ17: 14 | AK17: -- | AL17: -- | AM17: -- | AN17: -- | AO17: -- | AP17: -- | AQ17: -- | AR17: 0
D18: n-hexane (C6) | E18: 82.194557 | F18: 86.275978 | G18: 83.429 | K18: 10 | L18: -- | M18: -- | N18: -- | O18: -- | P18: -- | Q18: -- | R18: -- | S18: =SUM(L18:O18) -> 0 | Y18: 15 | Z18: -- | AA18: -- | AB18: -- | AC18: -- | AD18: -- | AE18: -- | AF18: -- | AG18: 0 | AJ18: 15 | AK18: -- | AL18: -- | AM18: -- | AN18: -- | AO18: -- | AP18: -- | AQ18: -- | AR18: 0
D19: 2,2-Dimethylpentane (C7) | G19: 0.511 | K19: 11 | L19: -- | M19: -- | N19: -- | O19: -- | P19: -- | Q19: -- | R19: -- | S19: =SUM(L19:O19) -> 0
D20: 1c,2-Dimethylcyclopentane (C7) | K20: 12 | L20: -- | M20: -- | N20: -- | O20: -- | P20: -- | Q20: -- | R20: -- | S20: =SUM(L20:O20) -> 0 | Y20: TOTAL | Z20: 97.861656 | AA20: 0.57953048 | AB20: 0 | AC20: 1.5588254 | AD20: 0 | AE20: 0 | AF20: 0 | AG20: 100.00001 | AJ20: TOTAL | AK20: 98.807556 | AL20: 0.49650571 | AM20: 0.014212515 | AN20: 0.63543278 | AO20: 0 | AP20: 0 | AQ20: 0 | AR20: 99.953697
D21: n-heptane (C7) | E21: 10.286925 | F21: 9.4722185 | G21: 10.368 | K21: 13 | L21: -- | M21: -- | N21: -- | O21: -- | P21: -- | Q21: -- | R21: -- | S21: 0 | AF21: UNKNOWNS | AG21: 0 | AQ21: UNKNOWNS | AR21: 0.046287667
D22: 1c,2-Dimethylcyclopentane (C7) | E22: 0.020310303 | K22: 14 | L22: -- | M22: -- | N22: -- | O22: -- | P22: -- | Q22: -- | R22: -- | S22: 0 | AF22: GRAND_TOTAL | AG22: 100.00001 | AQ22: GRAND_TOTAL | AR22: 99.999985
D23: 1c,2c,3-Trimethylcyclopentane (C7) | G23: 0.006 | K23: 15 | L23: -- | M23: -- | N23: -- | O23: -- | P23: -- | Q23: -- | R23: -- | S23: 0
D24: n-octane (C8) | E24: 5.3801694 | F24: 3.2154758 | G24: 5.363
D25: Total | E25: =SUM(E15:E24) -> 100.00001 | F25: =SUM(F16:F24) -> 99.544678 | G25: =SUM(G15:G24) -> 100 | K25: TOTAL | L25: =SUM(L14:L16) -> 99.16 | M25: =SUM(M14:M16) -> 0.833 | N25: =SUM(N14:N16) -> 0 | O25: =SUM(O14:O16) -> 0.006 | P25: 0 | Q25: 0 | R25: 0 | S25: 100 | AJ25: APR 05, 2026 - 19:50:50
R26: UNKNOWNS | S26: 0 | AJ26: Synthetic Feed blend (STCB), online from R5
R27: GRAND_TOTAL | S27: 100 | AJ27: CARBON# | AK27: Paraffin | AL27: I-Paraffins | AM27: Aromatics | AN27: Naphthenes | AO27: Olefins | AP27: Oxygenates | AQ27: Plus | AR27: TOTAL
AJ28: 1 | AK28: -- | AL28: -- | AM28: -- | AN28: -- | AO28: -- | AP28: -- | AQ28: -- | AR28: 0
AJ29: 2 | AK29: -- | AL29: -- | AM29: -- | AN29: -- | AO29: -- | AP29: -- | AQ29: -- | AR29: 0
AJ30: 3 | AK30: -- | AL30: -- | AM30: -- | AN30: -- | AO30: -- | AP30: -- | AQ30: -- | AR30: 0
AJ31: 4 | AK31: 0.002012269 | AL31: 0.000497388 | AM31: -- | AN31: -- | AO31: -- | AP31: -- | AQ31: -- | AR31: 0.002509656
AJ32: 5 | AK32: 0.006954285 | AL32: 0.005316882 | AM32: -- | AN32: 0.001348769 | AO32: -- | AP32: -- | AQ32: -- | AR32: 0.013619935
AJ33: 6 | AK33: 86.080444 | AL33: 0.42624071 | AM33: -- | AN33: 0.58100563 | AO33: -- | AP33: -- | AQ33: -- | AR33: 87.087692
AJ34: 7 | AK34: 9.4722185 | AL34: 0.010982258 | AM34: -- | AN34: 0.004822898 | AO34: -- | AP34: -- | AQ34: -- | AR34: 9.4880238
E35: Moisture content, ppmw | F35: <100 | G35: actual value is below 30 ppm | AJ35: 8 | AK35: 3.2154758 | AL35: 0.030950319 | AM35: -- | AN35: 0.049831167 | AO35: -- | AP35: -- | AQ35: -- | AR35: 3.2962573
E36: Total Sulfur, ppmw | F36: <2.5 | AJ36: 9 | AK36: 0.011423086 | AL36: 0.009861145 | AM36: 0.001813711 | AN36: 0.002859483 | AO36: -- | AP36: -- | AQ36: -- | AR36: 0.025957424
E37: Total Nitrogen, ppmw | F37: <2.5 | AJ37: 10 | AK37: 0.008134374 | AL37: 0.005598063 | AM37: 0.002172304 | AN37: 0.002434537 | AO37: -- | AP37: -- | AQ37: -- | AR37: 0.018339278
E38: RON (Estimated) | F38: 23 | AJ38: 11 | AK38: 0.004806483 | AL38: 0.007187498 | AM38: 0.003648059 | AN38: -- | AO38: -- | AP38: -- | AQ38: -- | AR38: 0.01564204
AJ39: 12 | AK39: 0.001373788 | AL39: -- | AM39: 0.003038012 | AN39: -- | AO39: -- | AP39: -- | AQ39: -- | AR39: 0.0044118
AJ40: 13 | AK40: -- | AL40: -- | AM40: -- | AN40: -- | AO40: -- | AP40: -- | AQ40: -- | AR40: 0
AJ41: 14 | AK41: -- | AL41: -- | AM41: -- | AN41: -- | AO41: -- | AP41: -- | AQ41: -- | AR41: 0
AJ42: 15 | AK42: -- | AL42: -- | AM42: -- | AN42: -- | AO42: -- | AP42: -- | AQ42: -- | AR42: 0
AJ44: TOTAL | AK44: 98.802841 | AL44: 0.49663424 | AM44: 0.010672087 | AN44: 0.64230251 | AO44: 0 | AP44: 0 | AQ44: 0 | AR44: 99.952446
AQ45: UNKNOWNS | AR45: 0.047558017
AQ46: GRAND_TOTAL | AR46: 100.00001

Sheet N2 FLOW Callibration
D1: N2 Dilution FIC calibration
C3: Set Point Value(mln/hr) | E3: Defender Value(ml/min) | Q3: Average, ml/min | R3: Average, ml/hr | W3: =2000*1.2647+33.268 -> 2562.668 | AF3: =2000*1.2611+83.216 -> 2605.416
B4: Reactor Block 1
E5: 1 | F5: 2 | G5: 3 | H5: 4 | I5: 5 | J5: 6 | K5: 7 | L5: 8 | M5: 9 | N5: 10 | O5: Average
B6: 10i1FIC04 | C6: 1000 | E6: 21.506 | F6: 21.63 | G6: 21.51 | H6: 21.475 | I6: 21.642 | J6: 21.587 | K6: 21.601 | L6: 21.626 | M6: 21.664 | N6: 21.688 | O6: 21.592 | Q6: =AVERAGE(E6:O6) -> 21.592818 | R6: =Q6*60 -> 1295.5691
C7: 2000 | E7: 42.784 | F7: 42.921 | G7: 42.819 | H7: 42.667 | I7: 42.81 | J7: 42.618 | K7: 42.78 | L7: 42.743 | M7: 42.644 | N7: 42.729 | O7: 42.751 | Q7: =AVERAGE(E7:O7) -> 42.751455 | R7: =Q7*60 -> 2565.0873
C8: 2500 | E8: 53.421 | F8: 53.385 | G8: 53.344 | H8: 53.31 | I8: 53.299 | J8: 53.302 | K8: 53.273 | L8: 53.31 | M8: 53.364 | N8: 53.294 | O8: 53.33 | Q8: =AVERAGE(E8:O8) -> 53.330182 | R8: =Q8*60 -> 3199.8109
C9: 3000 | E9: 63.75 | F9: 63.729 | G9: 63.662 | H9: 63.713 | I9: 63.723 | J9: 63.532 | K9: 63.672 | L9: 63.75 | M9: 63.737 | N9: 63.83 | O9: 63.709 | Q9: =AVERAGE(E9:O9) -> 63.709727 | R9: =Q9*60 -> 3822.5836
B11: 10i1FIC03 | C11: 1000 | E11: 22.424 | F11: 22.426 | G11: 22.4 | H11: 22.426 | I11: 22.412 | J11: 22.403 | K11: 22.355 | L11: 22.395 | M11: 22.399 | N11: 22.426 | O11: 22.406 | Q11: =AVERAGE(E11:O11) -> 22.406545 | R11: =Q11*60 -> 1344.3927
C12: 2000 | E12: 43.399 | F12: 43.529 | G12: 43.431 | H12: 43.41 | I12: 43.371 | J12: 43.393 | K12: 43.439 | L12: 43.392 | M12: 43.43 | N12: 43.431 | O12: 43.422 | Q12: =AVERAGE(E12:O12) -> 43.422455 | R12: =Q12*60 -> 2605.3473
C13: 2500 | E13: 53.939 | F13: 54.002 | G13: 53.97 | H13: 54.001 | I13: 54.04 | J13: 54.002 | K13: 53.983 | L13: 53.827 | M13: 53.734 | N13: 53.821 | O13: 53.931 | Q13: =AVERAGE(E13:O13) -> 53.931818 | R13: =Q13*60 -> 3235.9091
C14: 3000 | E14: 64.576 | F14: 64.519 | G14: 64.466 | H14: 64.453 | I14: 64.41 | J14: 64.451 | K14: 64.424 | L14: 64.288 | M14: 64.52 | N14: 64.336 | O14: 64.444 | Q14: =AVERAGE(E14:O14) -> 64.444273 | R14: =Q14*60 -> 3866.6564
B16: 10i1FIC02 | C16: 1000 | E16: 21.949 | F16: 21.896 | G16: 21.979 | H16: 21.841 | I16: 21.91 | J16: 21.904 | K16: 21.891 | L16: 21.879 | M16: 21.881 | N16: 21.92 | O16: 21.905 | Q16: =AVERAGE(E16:O16) -> 21.905 | R16: =Q16*60 -> 1314.3
C17: 2000 | E17: 42.825 | F17: 42.736 | G17: 42.795 | H17: 42.583 | I17: 42.827 | J17: 42.613 | K17: 42.845 | L17: 42.892 | M17: 42.81 | N17: 43.025 | O17: 42.795 | Q17: =AVERAGE(E17:O17) -> 42.795091 | R17: =Q17*60 -> 2567.7055
C18: 2500 | E18: 53.179 | F18: 53.506 | G18: 53.141 | H18: 53.208 | I18: 53.172 | J18: 53.319 | K18: 53.685 | L18: 53.754 | M18: 53.723 | N18: 53.973 | O18: 53.466 | Q18: =AVERAGE(E18:O18) -> 53.466 | R18: =Q18*60 -> 3207.96
C19: 3000 | E19: 63.747 | F19: 63.761 | G19: 63.824 | H19: 63.82 | I19: 63.768 | J19: 63.646 | K19: 63.704 | L19: 63.698 | M19: 63.733 | N19: 63.786 | O19: 63.757 | Q19: =AVERAGE(E19:O19) -> 63.749455 | R19: =Q19*60 -> 3824.9673
B21: 10i1FIC01 | C21: 1000 | E21: 21.899 | F21: 21.868 | G21: 21.864 | H21: 21.89 | I21: 21.9 | J21: 21.899 | K21: 21.901 | L21: 21.941 | M21: 21.96 | N21: 21.961 | O21: 21.908 | Q21: =AVERAGE(E21:O21) -> 21.908273 | R21: =Q21*60 -> 1314.4964
C22: 2000 | E22: 42.932 | F22: 42.958 | G22: 42.934 | H22: 42.858 | I22: 43.018 | J22: 42.999 | K22: 42.97 | L22: 42.979 | M22: 42.937 | N22: 42.982 | O22: 42.956 | Q22: =AVERAGE(E22:O22) -> 42.956636 | R22: =Q22*60 -> 2577.3982
C23: 2500 | E23: 53.514 | F23: 53.645 | G23: 53.608 | H23: 54.467 | I23: 53.605 | J23: 53.629 | K23: 53.581 | L23: 53.618 | M23: 53.695 | N23: 53.48 | O23: 53.684 | Q23: =AVERAGE(E23:O23) -> 53.684182 | R23: =Q23*60 -> 3221.0509
C24: 3000 | E24: 64.25 | F24: 64.155 | G24: 64.23 | H24: 64.38 | I24: 64.28 | J24: 64.219 | K24: 64.247 | L24: 64.271 | M24: 64.169 | N24: 64.194 | O24: 64.239 | Q24: =AVERAGE(E24:O24) -> 64.239455 | R24: =Q24*60 -> 3854.3673
B26: Reactor Block 2
E27: 1 | F27: 2 | G27: 3 | H27: 4 | I27: 5 | J27: 6 | K27: 7 | L27: 8 | M27: 9 | N27: 10 | O27: Average
B28: 10i2FIC04 | C28: 1000 | E28: 21.765 | F28: 21.759 | G28: 21.753 | H28: 21.685 | I28: 21.741 | J28: 21.728 | K28: 21.738 | L28: 21.746 | M28: 21.767 | N28: 21.748 | O28: 21.743 | Q28: =AVERAGE(E28:O28) -> 21.743 | R28: =Q28*60 -> 1304.58
C29: 2000 | E29: 42.655 | F29: 42.657 | G29: 42.658 | H29: 42.683 | I29: 42.663 | J29: 42.522 | K29: 42.57 | L29: 42.711 | M29: 42.616 | N29: 42.595 | O29: 42.633 | Q29: =AVERAGE(E29:O29) -> 42.633 | R29: =Q29*60 -> 2557.98
C30: 2500 | E30: 53.986 | F30: 52.994 | G30: 53.065 | H30: 53 | I30: 52.943 | J30: 52.958 | K30: 53.015 | L30: 53.058 | M30: 53.036 | N30: 53.032 | O30: 53.108 | Q30: =AVERAGE(E30:O30) -> 53.108636 | R30: =Q30*60 -> 3186.5182
C31: 3000 | E31: 63.475 | F31: 63.392 | G31: 63.344 | H31: 63.364 | I31: 63.356 | J31: 63.392 | K31: 63.374 | L31: 63.553 | M31: 63.771 | N31: 63.694 | O31: 63.471 | Q31: =AVERAGE(E31:O31) -> 63.471455 | R31: =Q31*60 -> 3808.2873
B33: 10i2FIC03 | C33: 1000 | E33: 21.353 | F33: 21.351 | G33: 21.383 | H33: 21.351 | I33: 21.358 | J33: 21.36 | K33: 21.393 | L33: 21.412 | M33: 21.355 | N33: 21.4 | O33: 21.371 | Q33: =AVERAGE(E33:O33) -> 21.371545 | R33: =Q33*60 -> 1282.2927
C34: 2000 | E34: 42.442 | F34: 42.357 | G34: 42.306 | H34: 42.328 | I34: 42.353 | J34: 42.289 | K34: 42.334 | L34: 42.298 | M34: 42.296 | N34: 41.454 | O34: 42.245 | Q34: =AVERAGE(E34:O34) -> 42.245636 | R34: =Q34*60 -> 2534.7382
C35: 2500 | E35: 52.819 | F35: 52.865 | G35: 52.797 | H35: 52.773 | I35: 52.751 | J35: 52.849 | K35: 52.939 | L35: 52.728 | M35: 52.718 | N35: 52.715 | O35: 52.796 | Q35: =AVERAGE(E35:O35) -> 52.795455 | R35: =Q35*60 -> 3167.7273
C36: 3000 | E36: 63.011 | F36: 63.032 | G36: 62.999 | H36: 63.012 | I36: 63.105 | J36: 63.118 | K36: 63.112 | L36: 63.146 | M36: 63.047 | N36: 62.969 | O36: 63.055 | Q36: =AVERAGE(E36:O36) -> 63.055091 | R36: =Q36*60 -> 3783.3055
Y37: =2000*1.2525+52.826 -> 2557.826
B38: 10i2FIC02 | C38: 1000 | E38: 21.499 | F38: 21.523 | G38: 21.523 | H38: 21.53 | I38: 21.524 | J38: 21.537 | K38: 21.521 | L38: 21.536 | M38: 21.545 | N38: 21.534 | O38: 21.527 | Q38: =AVERAGE(E38:O38) -> 21.527182 | R38: =Q38*60 -> 1291.6309
C39: 2000 | E39: 42.437 | F39: 42.425 | G39: 42.4 | H39: 42.337 | I39: 42.397 | J39: 42.396 | K39: 42.382 | L39: 42.492 | M39: 42.436 | N39: 42.44 | O39: 42.414 | Q39: =AVERAGE(E39:O39) -> 42.414182 | R39: =Q39*60 -> 2544.8509
C40: 2500 | E40: 52.86 | F40: 52.781 | G40: 52.828 | H40: 52.838 | I40: 52.785 | J40: 52.805 | K40: 52.873 | L40: 52.82 | M40: 52.835 | N40: 52.826 | O40: 52.825 | Q40: =AVERAGE(E40:O40) -> 52.825091 | R40: =Q40*60 -> 3169.5055
C41: 3000 | E41: 63.282 | F41: 63.26 | G41: 63.314 | H41: 63.321 | I41: 63.309 | J41: 63.359 | K41: 63.357 | L41: 63.366 | M41: 63.384 | N41: 63.386 | O41: 63.333 | Q41: =AVERAGE(E41:O41) -> 63.333727 | R41: =Q41*60 -> 3800.0236
B43: 10i2FIC01 | C43: 1000 | E43: 21.096 | F43: 21.064 | G43: 21.069 | H43: 21.096 | I43: 21.096 | J43: 21.102 | K43: 21.093 | L43: 21.117 | M43: 21.087 | N43: 21.128 | O43: 21.094 | Q43: =AVERAGE(E43:O43) -> 21.094727 | R43: =Q43*60 -> 1265.6836
C44: 2000 | E44: 42.01 | F44: 42.005 | G44: 41.983 | H44: 41.995 | I44: 42.042 | J44: 42.03 | K44: 42.019 | L44: 42.0341 | M44: 42.074 | N44: 42.071 | O44: 42.026 | Q44: =AVERAGE(E44:O44) -> 42.026282 | R44: =Q44*60 -> 2521.5769
C45: 2500 | E45: 52.535 | F45: 52.476 | G45: 52.477 | H45: 52.473 | I45: 52.458 | J45: 52.45 | K45: 52.465 | L45: 52.434 | M45: 52.472 | N45: 52.493 | O45: 52.473 | Q45: =AVERAGE(E45:O45) -> 52.473273 | R45: =Q45*60 -> 3148.3964 | AJ45: =1.2521*2000+31.401 -> 2535.601
C46: 3000 | E46: 62.937 | F46: 62.974 | G46: 62.97 | H46: 62.986 | I46: 62.973 | J46: 62.971 | K46: 62.962 | L46: 62.947 | M46: 62.938 | N46: 62.969 | O46: 62.962 | Q46: =AVERAGE(E46:O46) -> 62.962636 | R46: =Q46*60 -> 3777.7582

Sheet GC Calibration Data
A2: 0 | H2: N2 | K2: H2
F3: ter # | G3: Batch # | H3: Conc (Vol%) | I3: Area | J3: RF | K3: Conc (Vol%) | L3: Area | M3: RF
F4: CAN-01 | G4: CFC2512006/30033552 | H4: 80.23 | I4: 442000000 | J4: 1.81317e-07 | K4: 19.77 | L4: 4556250 | M4: 4.3391e-06 | P4: 1.81317e-07 | Q4: =1.63/10000000 -> 1.63e-07
F5: CSL/16-17/SB3-207 | G5: CFC2512004/30035552 | H5: 60.13 | I5: 334000000 | J5: 1.80091e-07 | K5: 39.87 | L5: 9023977 | M5: 4.41823e-06 | P5: 1.80091e-07 | Q5: =1.74/1000000 -> 1.74e-06
F6: CSL/17-18/SB3/043 | G6: CFC2512005/30033552 | H6: 40.24 | I6: 229000000 | J6: 1.76049e-07 | K6: 59.76 | L6: 13285364 | M6: 4.49818e-06 | P6: 1.76049e-07 | Q6: =1.79/1000000 -> 1.79e-06
F7: CSL/19-20/SB3/HP05 | G7: CFC2512008/300333552 | H7: 20.43 | I7: 125000000 | J7: 1.63839e-07 | K7: 79.57 | L7: 17515766 | M7: 4.54276e-06
J8: 1.75324e-07 | M8: 4.44957e-06
J14: Inter/Extra polation | K14: =-0.0000000000244761948*K15^2 + 0.00000000584415609*K15 + 0.00000423201041 -> 4.3391031e-06 | L14: Determined from Co-Pilot
J15: H2 | K15: 20
J28: Inter/Extra polation | K28: =1.07154555E-13*K29^3 - 0.0000000000231369299*K29^2 + 0.00000000170314458*K29 + 0.000000137948036 -> 1.6361339e-07 | L28: Determined from Co-Pilot
J29: N2 | K29: 20

Sheet RF Factors (applied)
B3: H2 (RF) | C3: 4.54276e-06
B4: N2 (RF) | C4: 1.75809e-07

Sheet Feed
D5: APR 05, 2026 - 19:50:50
D6: Synthetic Feed DHA (Online) - Under no reaction conditions
D8: Synthetic Feed blend (STCB), online from R5
D9: CARBON# | E9: Paraffin | F9: I-Paraffins | G9: Aromatics | H9: Naphthenes | I9: Olefins | J9: Oxygenates | K9: Plus | L9: TOTAL
D10: 1 | E10: -- | F10: -- | G10: -- | H10: -- | I10: -- | J10: -- | K10: -- | L10: 0
D11: 2 | E11: -- | F11: -- | G11: -- | H11: -- | I11: -- | J11: -- | K11: -- | L11: 0
D12: 3 | E12: -- | F12: -- | G12: -- | H12: -- | I12: -- | J12: -- | K12: -- | L12: 0
D13: 4 | E13: 0.002012269 | F13: 0.000497388 | G13: -- | H13: -- | I13: -- | J13: -- | K13: -- | L13: 0.002509656
D14: 5 | E14: 0.006954285 | F14: 0.005316882 | G14: -- | H14: 0.001348769 | I14: -- | J14: -- | K14: -- | L14: 0.013619935
D15: 6 | E15: 86.080444 | F15: 0.42624071 | G15: -- | H15: 0.58100563 | I15: -- | J15: -- | K15: -- | L15: 87.087692
D16: 7 | E16: 9.4722185 | F16: 0.010982258 | G16: -- | H16: 0.004822898 | I16: -- | J16: -- | K16: -- | L16: 9.4880238
D17: 8 | E17: 3.2154758 | F17: 0.030950319 | G17: -- | H17: 0.049831167 | I17: -- | J17: -- | K17: -- | L17: 3.2962573
D18: 9 | E18: 0.011423086 | F18: 0.009861145 | G18: 0.001813711 | H18: 0.002859483 | I18: -- | J18: -- | K18: -- | L18: 0.025957424
D19: 10 | E19: 0.008134374 | F19: 0.005598063 | G19: 0.002172304 | H19: 0.002434537 | I19: -- | J19: -- | K19: -- | L19: 0.018339278
D20: 11 | E20: 0.004806483 | F20: 0.007187498 | G20: 0.003648059 | H20: -- | I20: -- | J20: -- | K20: -- | L20: 0.01564204
D21: 12 | E21: 0.001373788 | F21: -- | G21: 0.003038012 | H21: -- | I21: -- | J21: -- | K21: -- | L21: 0.0044118
D22: 13 | E22: -- | F22: -- | G22: -- | H22: -- | I22: -- | J22: -- | K22: -- | L22: 0
D23: 14 | E23: -- | F23: -- | G23: -- | H23: -- | I23: -- | J23: -- | K23: -- | L23: 0
D24: 15 | E24: -- | F24: -- | G24: -- | H24: -- | I24: -- | J24: -- | K24: -- | L24: 0
D26: TOTAL | E26: 98.802841 | F26: 0.49663424 | G26: 0.010672087 | H26: 0.64230251 | I26: 0 | J26: 0 | K26: 0 | L26: 99.952446
K27: UNKNOWNS | L27: 0.047558017
K28: GRAND_TOTAL | L28: 100.00001

Sheet Raw Data
A1: Date | B1: TOS_h | C1: Reactor | D1: Time | E1: 10i1TIC02, oC | F1: 10i2TIC02, oC | G1: 10i1PIC01, barg | H1: 10i2PIC01, barg | I1: H2 flow, Nml/hr | Q1: Total H2 flow, gm/hr | R1: N2 Dilution Flow, Nml/hr | Z1: Oven Temperature | AA1: HC flow, gms/hr | AI1: GC Composition, % vol | AL1: Molecular. Wt | AM1: Carbon, wt% | AN1: Hydrogen, wt% | AO1: RON | AP1: Paraffins, wt% | BE1: Iso Paraffins, wt% | BT1: Aromatics, wt% | CI1: Naphthenes, wt% | CX1: Olefins, wt% | DM1: Unknowns | DN1: Total | DP1: C3 & Below | DQ1: Propane | DR1: i-Butane | DS1: n-Butane | DT1: i-Pentane | DU1: n-Pentane | DV1: 2,2-Dimethylbutane | DW1: 2,3-Dimethylbutane | DX1: 2-Methylpentane | DY1: 3-Methylpentane | DZ1: n-Hexane | EA1: C6-C7 Unknowns | EB1: Methylcyclopentane | EC1: 2-Methylhexane | ED1: 3-Methylhexane | EE1: n-Heptane | EF1: C7-C8 Unknowns | EG1: n-Octane | EH1: C8 Plus
I2: 01i14FIC01 | J2: 01i14FIC02 | K2: 01i14FIC03 | L2: 01i14FIC04 | M2: 01i14FIC05 | N2: 01i14FIC06 | O2: 01i14FIC07 | P2: 01i14FIC08 | Q2: 01i14FI01 | R2: 10i1FIC01 | S2: 10i1FIC02 | T2: 10i1FIC03 | U2: 10i1FIC04 | V2: 10i2FIC05 | W2: 10i2FIC06 | X2: 10i2FIC07 | Y2: 10i2FIC08 | Z2: 10i2TIC01, oC | AA2: 02i2FIC01 | AB2: 02i2FIC02 | AC2: 02i2FIC03 | AD2: 02i2FIC04 | AE2: 02i2FIC05 | AF2: 02i2FIC06 | AG2: 02i2FIC07 | AH2: 02i2FIC08 | AI2: H2 | AJ2: N2 | AP2: C1 | AQ2: C2 | AR2: C3 | AS2: C4 | AT2: C5 | AU2: C6 | AV2: C7 | AW2: C8 | AX2: C9 | AY2: C10 | AZ2: C11 | BA2: C12 | BB2: C13 | BC2: C14 | BD2: C15 | BE2: C1 | BF2: C2 | BG2: C3 | BH2: C4 | BI2: C5 | BJ2: C6 | BK2: C7 | BL2: C8 | BM2: C9 | BN2: C10 | BO2: C11 | BP2: C12 | BQ2: C13 | BR2: C14 | BS2: C15 | BT2: C1 | BU2: C2 | BV2: C3 | BW2: C4 | BX2: C5 | BY2: C6 | BZ2: C7 | CA2: C8 | CB2: C9 | CC2: C10 | CD2: C11 | CE2: C12 | CF2: C13 | CG2: C14 | CH2: C15 | CI2: C1 | CJ2: C2 | CK2: C3 | CL2: C4 | CM2: C5 | CN2: C6 | CO2: C7 | CP2: C8 | CQ2: C9 | CR2: C10 | CS2: C11 | CT2: C12 | CU2: C13 | CV2: C14 | CW2: C15 | CX2: C1 | CY2: C2 | CZ2: C3 | DA2: C4 | DB2: C5 | DC2: C6 | DD2: C7 | DE2: C8 | DF2: C9 | DG2: C10 | DH2: C11 | DI2: C12 | DJ2: C13 | DK2: C14 | DL2: C15 | DM2: wt% | DN2: wt%
A3: 46120 | C3: 1 | D3: 13:15:12 | E3: 190 | F3: 190.1 | G3: 24.0046 | H3: 24.0017 | I3: 819.532 | J3: 819.636 | K3: 0 | L3: 0 | M3: 819.825 | N3: 820.086 | O3: 0 | P3: 0 | Q3: 0.264749 | R3: 1999.97 | S3: 1998.71 | T3: 0 | U3: 0 | V3: 1999.78 | W3: 2000.14 | X3: 0 | Y3: 0 | Z3: 219.7 | AA3: 1.99884 | AB3: 1.99683 | AC3: -0.0733567 | AD3: 0.00669135 | AE3: 1.99633 | AF3: 2.00026 | AG3: -0.112909 | AH3: 0.26966 | AI3: 23.581826 | AJ3: 58.624301 | AL3: 88.415359 | AM3: 83.620697 | AN3: 15.947486 | AO3: 26.55468 | AP3: 0 | AQ3: 0 | AR3: 0.062192425 | AS3: 0.14041644 | AT3: 0.26477492 | AU3: 81.083046 | AV3: 8.5302315 | AW3: 2.6210358 | AX3: 0 | AY3: 0 | AZ3: 0 | BA3: 0 | BB3: 0 | BC3: 0 | BD3: 0 | BE3: 0 | BF3: 0 | BG3: 0 | BH3: 0.35577157 | BI3: 0.43755233 | BJ3: 2.7414827 | BK3: 0.93520123 | BL3: 0 | BM3: 0 | BN3: 0 | BO3: 0 | BP3: 0 | BQ3: 0 | BR3: 0 | BS3: 0 | BT3: 0 | BU3: 0 | BV3: 0 | BW3: 0 | BX3: 0 | BY3: 0 | BZ3: 0 | CA3: 0 | CB3: 0 | CC3: 0 | CD3: 0 | CE3: 0 | CF3: 0 | CG3: 0 | CH3: 0 | CI3: 0 | CJ3: 0 | CK3: 0 | CL3: 0 | CM3: 0 | CN3: 0.45878011 | DM3: 2.3695371 | DN3: =SUM(AP3:DM3) -> 100.00002 | DP3: 0.0028669657 | DQ3: 0.062284186 | DR3: 0.35629648 | DS3: 0.14062363 | DT3: 0.43819794 | DU3: 0.26516557 | DV3: 0.032030974 | DW3: 0.16747658 | DX3: 1.4466473 | DY3: 1.0993727 | DZ3: 81.202682 | EA3: 0.50374722 | EB3: 0.45945701 | EC3: 0.50759774 | ED3: 0.42898336 | EE3: 8.5428171 | EF3: 1.0807484 | EG3: 2.6249032 | EH3: 0.6381098
A4: 46120 | C4: 2 | D4: 15:19:22 | E4: 189.7 | F4: 189.8 | G4: 24.0148 | H4: 24.0003 | I4: 781.55 | J4: 782.924 | K4: 0 | L4: 0 | M4: 781.596 | N4: 780.465 | O4: 0 | P4: 0 | Q4: 0.332457 | R4: 2000.3 | S4: 1998.59 | T4: 0 | U4: 0 | V4: 1999.87 | W4: 2000.24 | X4: 0 | Y4: 0 | Z4: 220 | AA4: 2.00117 | AB4: 2.00103 | AC4: -0.0827623 | AD4: -0.0185442 | AE4: 1.99867 | AF4: 1.99657 | AG4: -0.114037 | AH4: -0.257098 | AI4: 22.166466 | AJ4: 59.290763 | AL4: 88.289795 | AM4: 83.610947 | AN4: 16.068733 | AO4: 26.527403 | AP4: 0 | AQ4: 0 | AR4: 0.036769748 | AS4: 0.045819584 | AT4: 0.064356632 | AU4: 82.752235 | AV4: 8.3845625 | AW4: 2.3690841 | AX4: 0 | AY4: 0 | AZ4: 0 | BA4: 0 | BB4: 0 | BC4: 0 | BD4: 0 | BE4: 0 | BF4: 0 | BG4: 0 | BH4: 0.14659333 | BI4: 0.11668522 | BJ4: 3.0759048 | BK4: 0.92185974 | BL4: 0 | BM4: 0 | BN4: 0 | BO4: 0 | BP4: 0 | BQ4: 0 | BR4: 0 | BS4: 0 | BT4: 0 | BU4: 0 | BV4: 0 | BW4: 0 | BX4: 0 | BY4: 0 | BZ4: 0 | CA4: 0 | CB4: 0 | CC4: 0 | CD4: 0 | CE4: 0 | CF4: 0 | CG4: 0 | CH4: 0 | CI4: 0 | CJ4: 0 | CK4: 0 | CL4: 0 | CM4: 0 | CN4: 0.48299909 | DM4: 1.6031146 | DN4: =SUM(AP4:DM4) -> 99.999985 | DP4: 0.0020376805 | DQ4: 0.036790256 | DR4: 0.1466751 | DS4: 0.04584514 | DT4: 0.1167503 | DU4: 0.064392529 | DV4: 0.028997583 | DW4: 0.17084102 | DX4: 1.6194693 | DY4: 1.2583125 | DZ4: 82.798393 | EA4: 0.48698446 | EB4: 0.48326847 | EC4: 0.49346334 | ED4: 0.42891061 | EE4: 8.3892384 | EF4: 0.90384263 | EG4: 2.3704054 | EH4: 0.15539023
A5: 46120 | C5: 5 | D5: 17:23:32 | E5: 190 | F5: 190 | G5: 23.9945 | H5: 24.0061 | I5: 754.74 | J5: 757.574 | K5: 0 | L5: 0 | M5: 755.854 | N5: 752.214 | O5: 0 | P5: 0 | Q5: 0.248383 | R5: 2000.27 | S5: 1999.94 | T5: 0 | U5: 0 | V5: 1999.88 | W5: 2000.42 | X5: 0 | Y5: 0 | Z5: 219.9 | AA5: 2.00073 | AB5: 1.99892 | AC5: -0.076165 | AD5: -0.00398628 | AE5: 1.99926 | AF5: 1.99631 | AG5: -0.115156 | AH5: 0.00374242 | AI5: 23.366536 | AJ5: 58.075819 | AL5: 88.127716 | AM5: 83.605835 | AN5: 16.272116 | AO5: 24.783337 | AP5: 0 | AQ5: 0 | AR5: 0 | AS5: 0.008234838 | AT5: 0.021623714 | AU5: 85.969894 | AV5: 9.5062857 | AW5: 3.1488898 | AX5: 0 | AY5: 0 | AZ5: 0 | BA5: 0 | BB5: 0 | BC5: 0 | BD5: 0 | BE5: 0 | BF5: 0 | BG5: 0 | BH5: 0.0022863878 | BI5: 0.017265417 | BJ5: 0.4426221 | BK5: 0.024941638 | BL5: 0 | BM5: 0 | BN5: 0 | BO5: 0 | BP5: 0 | BQ5: 0 | BR5: 0 | BS5: 0 | BT5: 0 | BU5: 0 | BV5: 0 | BW5: 0 | BX5: 0 | BY5: 0 | BZ5: 0 | CA5: 0 | CB5: 0 | CC5: 0 | CD5: 0 | CE5: 0 | CF5: 0 | CG5: 0 | CH5: 0 | CI5: 0 | CJ5: 0 | CK5: 0 | CL5: 0 | CM5: 0 | CN5: 0.55082244 | DM5: 0.30714354 | DN5: =SUM(AP5:DM5) -> 100.00001 | DP5: 0.0022871955 | DR5: 0.002130724 | DS5: 0.0082377475 | DT5: 0.017271515 | DU5: 0.021631353 | DV5: 0.002108884 | DW5: 0.049772982 | DX5: 0.39089659 | DZ5: 86.000259 | EA5: 0.55101699 | EC5: 0.01129413 | ED5: 9.5096436 | EE5: 0.13413477 | EF5: 3.150002 | EG5: 0.1243696
A6: 46120 | C6: 6 | D6: 19:27:42 | E6: 190 | F6: 190 | G6: 24.0003 | H6: 23.9902 | I6: 784.381 | J6: 784.822 | K6: 0 | L6: 0 | M6: 784.816 | N6: 782.414 | O6: 0 | P6: 0 | Q6: 0.262405 | R6: 2000.71 | S6: 1999.71 | T6: 0 | U6: 0 | V6: 1999.91 | W6: 2000.27 | X6: 0 | Y6: 0 | Z6: 219.9 | AA6: 1.99943 | AB6: 2.00022 | AC6: -0.0840526 | AD6: -0.00220196 | AE6: 2.00298 | AF6: 1.99995 | AG6: -0.0934312 | AH6: -0.0355248 | AI6: 22.253473 | AJ6: 59.348592 | AL6: 88.25737 | AM6: 83.609375 | AN6: 15.994471 | AO6: 28.051004 | AP6: 0 | AQ6: 0 | AR6: 0.071534544 | AS6: 0.049571723 | AT6: 0.02370123 | AU6: 80.745018 | AV6: 7.5231051 | AW6: 1.7587446 | AX6: 0 | AY6: 0 | AZ6: 0 | BA6: 0 | BB6: 0 | BC6: 0 | BD6: 0 | BE6: 0 | BF6: 0 | BG6: 0 | BH6: 0.23335926 | BI6: 0.09594138 | BJ6: 5.3967938 | BK6: 1.5692658 | BL6: 0 | BM6: 0 | BN6: 0 | BO6: 0 | BP6: 0 | BQ6: 0 | BR6: 0 | BS6: 0 | BT6: 0 | BU6: 0 | BV6: 0 | BW6: 0 | BX6: 0 | BY6: 0 | BZ6: 0 | CA6: 0 | CB6: 0 | CC6: 0 | CD6: 0 | CE6: 0 | CF6: 0 | CG6: 0 | CH6: 0 | CI6: 0 | CJ6: 0 | CK6: 0 | CL6: 0 | CM6: 0 | CN6: 0.44129381 | DM6: 2.0916877 | DN6: =SUM(AP6:DM6) -> 100.00002 | DP6: 0.0013643811 | DQ6: 0.071562313 | DR6: 0.23344986 | DS6: 0.049590968 | DT6: 0.095978625 | DU6: 0.02371043 | DV6: 0.056568887 | DW6: 0.31616277 | DX6: 2.9737091 | DY6: 2.0524483 | DZ6: 80.776367 | EA6: 0.74855006 | EB6: 0.44146511 | EC6: 0.81051385 | ED6: 0.75936115 | EE6: 7.5260258 | EF6: 1.2701463 | EG6: 1.7594274 | EH6: 0.033622168
A7: 46120 | C7: 1 | D7: 21:31:52 | E7: 190 | F7: 190 | G7: 24.0133 | H7: 23.9945 | I7: 746.34 | J7: 746.422 | K7: 0 | L7: 0 | M7: 746.822 | N7: 745.886 | O7: 0 | P7: 0 | Q7: 0.359877 | R7: 2001.57 | S7: 1999.87 | T7: 0 | U7: 0 | V7: 1999.55 | W7: 1999.09 | X7: 0 | Y7: 0 | Z7: 220 | AA7: 2.00148 | AB7: 2.00034 | AC7: -0.0779799 | AD7: -0.00732437 | AE7: 2.00146 | AF7: 2.00316 | AG7: -0.0661632 | AH7: -0.243327 | AI7: 24.104657 | AJ7: 58.758333 | AL7: 88.218704 | AM7: 83.607758 | AN7: 16.098692 | AO7: 26.610477 | AP7: 0 | AQ7: 0 | AR7: 0.042025063 | AS7: 0.028201008 | AT7: 0.0136956 | AU7: 83.10537 | AV7: 8.3135891 | AW7: 2.2755797 | AX7: 0 | AY7: 0 | AZ7: 0 | BA7: 0 | BB7: 0 | BC7: 0 | BD7: 0 | BE7: 0 | BF7: 0 | BG7: 0 | BH7: 0.13843997 | BI7: 0.0560828 | BJ7: 3.2100019 | BK7: 0.93117154 | BL7: 0 | BM7: 0 | BN7: 0 | BO7: 0 | BP7: 0 | BQ7: 0 | BR7: 0 | BS7: 0 | BT7: 0 | BU7: 0 | BV7: 0 | BW7: 0 | BX7: 0 | BY7: 0 | BZ7: 0 | CA7: 0 | CB7: 0 | CC7: 0 | CD7: 0 | CE7: 0 | CF7: 0 | CG7: 0 | CH7: 0 | CI7: 0 | CJ7: 0 | CK7: 0 | CL7: 0 | CM7: 0 | CN7: 0.46289611 | DM7: 1.4229755 | DN7: =SUM(AP7:DM7) -> 100.00003 | DP7: 0.0010367234 | DQ7: 0.04203691 | DR7: 0.13847899 | DS7: 0.028208958 | DT7: 0.05609861 | DU7: 0.013699461 | DV7: 0.032620303 | DW7: 0.18171835 | DX7: 1.6962819 | DY7: 1.3002863 | DZ7: 83.128792 | EA7: 0.50311363 | EB7: 0.46302661 | EC7: 0.49657971 | ED7: 0.43485433 | EE7: 8.3159323 | EF7: 0.86751813 | EG7: 2.276221 | EH7: 0.023488384
A8: 46120 | C8: 2 | D8: 23:36:02 | E8: 190 | F8: 190 | G8: 23.996 | H8: 23.9988 | I8: 766.046 | J8: 766.293 | K8: 0 | L8: 0 | M8: 766.319 | N8: 765.254 | O8: 0 | P8: 0 | Q8: 0.185756 | R8: 2000.08 | S8: 2000.41 | T8: 0 | U8: 0 | V8: 1999.95 | W8: 1999.73 | X8: 0 | Y8: 0 | Z8: 220 | AA8: 2 | AB8: 2.00019 | AC8: -0.0613518 | AD8: 0.00856933 | AE8: 2.0012 | AF8: 1.99928 | AG8: -0.0882053 | AH8: -0.0252444 | AI8: 21.805334 | AJ8: 60.018318 | AL8: 88.220924 | AM8: 83.607803 | AN8: 16.112299 | AO8: 26.479305 | AP8: 0 | AQ8: 0 | AR8: 0.036710881 | AS8: 0.024184916 | AT8: 0.011443716 | AU8: 83.269905 | AV8: 8.4190588 | AW8: 2.3493876 | AX8: 0 | AY8: 0 | AZ8: 0 | BA8: 0 | BB8: 0 | BC8: 0 | BD8: 0 | BE8: 0 | BF8: 0 | BG8: 0 | BH8: 0.12142396 | BI8: 0.048441142 | BJ8: 3.0429361 | BK8: 0.86683172 | BL8: 0 | BM8: 0 | BN8: 0 | BO8: 0 | BP8: 0 | BQ8: 0 | BR8: 0 | BS8: 0 | BT8: 0 | BU8: 0 | BV8: 0 | BW8: 0 | BX8: 0 | BY8: 0 | BZ8: 0 | CA8: 0 | CB8: 0 | CC8: 0 | CD8: 0 | CE8: 0 | CF8: 0 | CG8: 0 | CH8: 0 | CI8: 0 | CJ8: 0 | CK8: 0 | CL8: 0 | CM8: 0 | CN8: 0.47651261 | DM8: 1.3331186 | DN8: =SUM(AP8:DM8) -> 99.999955 | DP8: 0.0008638578 | DQ8: 0.036720771 | DR8: 0.12145667 | DS8: 0.024191432 | DT8: 0.048454192 | DU8: 0.011446799 | DV8: 0.030724382 | DW8: 0.17209703 | DX8: 1.593253 | DY8: 1.2476814 | DZ8: 83.292336 | EA8: 0.46989584 | EB8: 0.47664097 | EC8: 0.46421194 | ED8: 0.40285328 | EE8: 8.4213266 | EF8: 0.81409866 | EG8: 2.3500204 | EH8: 0.02174155
A9: 46121 | C9: 5 | D9: 01:40:12 | E9: 190 | F9: 190 | G9: 23.9612 | H9: 24.0075 | I9: 763.178 | J9: 760.712 | K9: 0 | L9: 0 | M9: 761.804 | N9: 764.329 | O9: 0 | P9: 0 | Q9: 0.292864 | R9: 1999.76 | S9: 1999.81 | T9: 0 | U9: 0 | V9: 2000.12 | W9: 2000.27 | X9: 0 | Y9: 0 | Z9: 219.9 | AA9: 2.00191 | AB9: 2.00096 | AC9: -0.0633015 | AD9: -0.00282936 | AE9: 1.99793 | AF9: 2.00178 | AG9: -0.0982186 | AH9: 0.00154748 | AI9: 23.407452 | AJ9: 58.500476 | AL9: 88.090355 | AM9: 83.605171 | AN9: 16.287558 | AO9: 24.812828 | AP9: 0 | AQ9: 0 | AR9: 0 | AS9: 0.0017248455 | AT9: 0.0059430422 | AU9: 86.138435 | AV9: 9.4945898 | AW9: 3.1289647 | AX9: 0 | AY9: 0 | AZ9: 0 | BA9: 0 | BB9: 0 | BC9: 0 | BD9: 0 | BE9: 0 | BF9: 0 | BG9: 0 | BH9: 0 | BI9: 0.0046695694 | BJ9: 0.42853561 | BK9: 0.0081720389 | BL9: 0 | BM9: 0 | BN9: 0 | BO9: 0 | BP9: 0 | BQ9: 0 | BR9: 0 | BS9: 0 | BT9: 0 | BU9: 0 | BV9: 0 | BW9: 0 | BX9: 0 | BY9: 0 | BZ9: 0 | CA9: 0 | CB9: 0 | CC9: 0 | CD9: 0 | CE9: 0 | CF9: 0 | CG9: 0 | CH9: 0 | CI9: 0 | CJ9: 0 | CK9: 0 | CL9: 0 | CM9: 0 | CN9: 0.57978088 | DM9: 0.20915928 | DN9: =SUM(AP9:DM9) -> 99.999975 | DP9: 0.0017252481 | DQ9: 0.0046706591 | DR9: 0.0059444294 | DS9: 0.0015077635 | DT9: 0.041467022 | DU9: 0.38566086 | DV9: 86.158539 | DW9: 0.57991618 | DX9: 0.0041954946 | DY9: 0.0039784517 | DZ9: 0.010130772 | EA9: 9.4968061 | EB9: 0.10982592 | EC9: 3.1296949 | ED9: 0.065932862
A10: 46121 | C10: 6 | D10: 03:44:23 | E10: 190 | F10: 190 | G10: 23.9554 | H10: 23.9902 | I10: 802.076 | J10: 802.547 | K10: 0 | L10: 0 | M10: 801.936 | N10: 801.84 | O10: 0 | P10: 0 | Q10: 0.270651 | R10: 2000.14 | S10: 2000.61 | T10: 0 | U10: 0 | V10: 1999.92 | W10: 1998.98 | X10: 0 | Y10: 0 | Z10: 220 | AA10: 1.99939 | AB10: 2.00044 | AC10: -0.0599026 | AD10: -0.00318803 | AE10: 2.00261 | AF10: 1.99866 | AG10: -0.0803121 | AH10: -0.0345935 | AI10: 22.594453 | AJ10: 59.152436 | AL10: 88.23864 | AM10: 83.608643 | AN10: 16.007288 | AO10: 27.970734 | AP10: 0 | AQ10: 0 | AR10: 0.072446726 | AS10: 0.044775739 | AT10: 0.011734557 | AU10: 80.987595 | AV10: 7.5566211 | AW10: 1.7823794 | AX10: 0 | AY10: 0 | AZ10: 0 | BA10: 0 | BB10: 0 | BC10: 0 | BD10: 0 | BE10: 0 | BF10: 0 | BG10: 0 | BH10: 0.22738113 | BI10: 0.076894455 | BJ10: 5.2709808 | BK10: 1.5156231 | BL10: 0 | BM10: 0 | BN10: 0 | BO10: 0 | BP10: 0 | BQ10: 0 | BR10: 0 | BS10: 0 | BT10: 0 | BU10: 0 | BV10: 0 | BW10: 0 | BX10: 0 | BY10: 0 | BZ10: 0 | CA10: 0 | CB10: 0 | CC10: 0 | CD10: 0 | CE10: 0 | CF10: 0 | CG10: 0 | CH10: 0 | CI10: 0 | CJ10: 0 | CK10: 0 | CL10: 0 | CM10: 0 | CN10: 0.44187012 | DM10: 2.0117118 | DN10: =SUM(AP10:DM10) -> 100.00001 | DP10: 0.0010217624 | DQ10: 0.072466612 | DR10: 0.22744355 | DS10: 0.044788029 | DT10: 0.076915562 | DU10: 0.011737778 | DV10: 0.055982776 | DW10: 0.31539735 | DX10: 2.8949969 | DY10: 2.0060503 | DZ10: 81.009819 | EA10: 0.75283349 | EB10: 0.44199142 | EC10: 0.78428078 | ED10: 0.7317583 | EE10: 7.5586948 | EF10: 1.2195942 | EG10: 1.7828685 | EH10: 0.011369604
A11: 46121 | C11: 1 | D11: 05:48:33 | E11: 190 | F11: 190 | G11: 24.0032 | H11: 23.9931 | I11: 800.113 | J11: 800.794 | K11: 0 | L11: 0 | M11: 799.955 | N11: 800.322 | O11: 0 | P11: 0 | Q11: 0.240064 | R11: 1999.91 | S11: 2000.13 | T11: 0 | U11: 0 | V11: 1999.66 | W11: 1999.64 | X11: 0 | Y11: 0 | Z11: 219.9 | AA11: 1.99948 | AB11: 1.99969 | AC11: -0.0616554 | AD11: -0.00113907 | AE11: 1.99806 | AF11: 2.0023 | AG11: -0.133934 | AH11: -0.0220774 | AI11: 24.425367 | AJ11: 58.728386 | AL11: 88.217499 | AM11: 83.607643 | AN11: 16.103294 | AO11: 26.55908 | AP11: 0 | AQ11: 0 | AR11: 0.042004023 | AS11: 0.026720399 | AT11: 0.010588287 | AU11: 83.170242 | AV11: 8.35114 | AW11: 2.2993696 | AX11: 0 | AY11: 0 | AZ11: 0 | BA11: 0 | BB11: 0 | BC11: 0 | BD11: 0 | BE11: 0 | BF11: 0 | BG11: 0 | BH11: 0.13786973 | BI11: 0.051444426 | BJ11: 3.1453612 | BK11: 0.9121232 | BL11: 0 | BM11: 0 | BN11: 0 | BO11: 0 | BP11: 0 | BQ11: 0 | BR11: 0 | BS11: 0 | BT11: 0 | BU11: 0 | BV11: 0 | BW11: 0 | BX11: 0 | BY11: 0 | BZ11: 0 | CA11: 0 | CB11: 0 | CC11: 0 | CD11: 0 | CE11: 0 | CF11: 0 | CG11: 0 | CH11: 0 | CI11: 0 | CJ11: 0 | CK11: 0 | CL11: 0 | CM11: 0 | CN11: 0.4591752 | DM11: 1.3939586 | DN11: =SUM(AP11:DM11) -> 99.999997 | DP11: 0.000822352 | DQ11: 0.042014547 | DR11: 0.13790427 | DS11: 0.026727093 | DT11: 0.051457316 | DU11: 0.010590941 | DV11: 0.032028299 | DW11: 0.17882405 | DX11: 1.6594604 | DY11: 1.2758365 | DZ11: 83.191078 | EA11: 0.50146371 | EB11: 0.45929024 | EC11: 0.48806638 | ED11: 0.42428535 | EE11: 8.3532324 | EF11: 0.84888107 | EG11: 2.2999456 | EH11: 0.01807352
A12: 46121 | C12: 2 | D12: 07:52:45 | E12: 190 | F12: 190 | G12: 24.0104 | H12: 24.0003 | I12: 773.706 | J12: 770.885 | K12: 0 | L12: 0 | M12: 772.512 | N12: 775.44 | O12: 0 | P12: 0 | Q12: 0.250211 | R12: 1999.65 | S12: 1999.36 | T12: 0 | U12: 0 | V12: 2000.2 | W12: 1998.77 | X12: 0 | Y12: 0 | Z12: 220 | AA12: 0.789375 | AB12: 1.13808 | AC12: -0.0575566 | AD12: 3.62769e-05 | AE12: -0.258702 | AF12: -1.83143 | AG12: -0.185263 | AH12: 0.0302421 | AI12: 21.840241 | AJ12: 60.39062 | AL12: 88.213226 | AM12: 83.607498 | AN12: 16.112036 | AO12: 26.507113 | AP12: 0 | AQ12: 0 | AR12: 0.039317522 | AS12: 0.025144458 | AT12: 0.0098485816 | AU12: 83.256012 | AV12: 8.4044666 | AW12: 2.3352902 | AX12: 0 | AY12: 0 | AZ12: 0 | BA12: 0 | BB12: 0 | BC12: 0 | BD12: 0 | BE12: 0 | BF12: 0 | BG12: 0 | BH12: 0.12782566 | BI12: 0.047998708 | BJ12: 3.078898 | BK12: 0.87130964 | BL12: 0 | BM12: 0 | BN12: 0 | BO12: 0 | BP12: 0 | BQ12: 0 | BR12: 0 | BS12: 0 | BT12: 0 | BU12: 0 | BV12: 0 | BW12: 0 | BX12: 0 | BY12: 0 | BZ12: 0 | CA12: 0 | CB12: 0 | CC12: 0 | CD12: 0 | CE12: 0 | CF12: 0 | CG12: 0 | CH12: 0 | CI12: 0 | CJ12: 0 | CK12: 0 | CL12: 0 | CM12: 0 | CN12: 0.46661776 | DM12: 1.3372741 | DN12: =SUM(AP12:DM12) -> 100 | DP12: 0.0008647467 | DQ12: 0.039326605 | DR12: 0.12785518 | DS12: 0.025150266 | DT12: 0.048009794 | DU12: 0.0098508568 | DV12: 0.032111879 | DW12: 0.17723283 | DX12: 1.6142468 | DY12: 1.2560178 | DZ12: 83.275246 | EA12: 0.48408529 | EB12: 0.46672556 | EC12: 0.46745327 | ED12: 0.40405768 | EE12: 8.4064083 | EF12: 0.81088841 | EG12: 2.3358297 | EH12: 0.018609818
A25: 46122 | C25: 5 | D25: 10:47:06 | E25: 190 | F25: 190 | G25: 23.9771 | H25: 24.0003 | I25: 810.658 | J25: 806.775 | K25: 0 | L25: 0 | M25: 808.276 | N25: 812.466 | O25: 0 | P25: 0 | Q25: 0.434997 | R25: 1999.69 | S25: 2000.43 | T25: 0 | U25: 0 | V25: 1999.48 | W25: 2000.4 | X25: 0 | Y25: 0 | Z25: 220 | AA25: 1.99552 | AB25: 1.9964 | AC25: -0.0586952 | AD25: -0.00135834 | AE25: 2.00153 | AF25: 2.00493 | AG25: -0.0506218 | AH25: 0.00568774 | AI25: 23.365182 | AJ25: 58.641352 | AL25: 88.093262 | AM25: 83.605247 | AN25: 16.278395 | AO25: 24.851723 | AP25: 0 | AQ25: 0 | AR25: 0 | AS25: 0.0066033001 | AT25: 0.017517582 | AU25: 86.101036 | AV25: 9.451642 | AW25: 3.0916703 | AX25: 0 | AY25: 0 | AZ25: 0 | BA25: 0 | BB25: 0 | BC25: 0 | BD25: 0 | BE25: 0 | BF25: 0 | BG25: 0 | BH25: 0.0019434597 | BI25: 0.01368668 | BJ25: 0.43947756 | BK25: 0.019623075 | BL25: 0 | BM25: 0 | BN25: 0 | BO25: 0 | BP25: 0 | BQ25: 0 | BR25: 0 | BS25: 0 | BT25: 0 | BU25: 0 | BV25: 0 | BW25: 0 | BX25: 0 | BY25: 0 | BZ25: 0 | CA25: 0 | CB25: 0 | CC25: 0 | CD25: 0 | CE25: 0 | CF25: 0 | CG25: 0 | CH25: 0 | CI25: 0 | CJ25: 0 | CK25: 0 | CL25: 0 | CM25: 0 | CN25: 0.59039086 | DM25: 0.26640782 | DN25: =SUM(AP25:DM25) -> 99.999999 | DP25: 0.0019440536 | DQ25: 0.0066053178 | DR25: 0.0014328742 | DS25: 0.013690861 | DT25: 0.017522933 | DU25: 0.0019310142 | DV25: 0.047891959 | DW25: 0.38978887 | DX25: 86.127342 | DY25: 0.59057122 | DZ25: 0.010328353 | EA25: 0.0093007162 | EB25: 0.010101865 | EC25: 9.4545298 | ED25: 0.12166159 | EE25: 3.0926149 | EF25: 0.10274826
A26: 46122 | C26: 6 | D26: 12:51:17 | E26: 190 | F26: 190 | G26: 23.9945 | H26: 23.9873 | I26: 855.956 | J26: 854.208 | K26: 0 | L26: 0 | M26: 855.68 | N26: 856.816 | O26: 0 | P26: 0 | Q26: 0.171192 | R26: 1999.55 | S26: 1999.88 | T26: 0 | U26: 0 | V26: 2000.05 | W26: 2000.76 | X26: 0 | Y26: 0 | Z26: 220 | AA26: 2.00409 | AB26: 1.99987 | AC26: -0.0663496 | AD26: -0.0070684 | AE26: 2.00199 | AF26: 1.99634 | AG26: -0.108407 | AH26: -0.0113871 | AI26: 22.941751 | AJ26: 60.183502 | AL26: 88.309021 | AM26: 83.610687 | AN26: 15.996447 | AO26: 27.690372 | AP26: 0 | AQ26: 0 | AR26: 0.061887246 | AS26: 0.043907992 | AT26: 0.020247986 | AU26: 81.120857 | AV26: 7.6584949 | AW26: 1.8632283 | AX26: 0 | AY26: 0 | AZ26: 0 | BA26: 0 | BB26: 0 | BC26: 0 | BD26: 0 | BE26: 0 | BF26: 0 | BG26: 0 | BH26: 0.20188843 | BI26: 0.08177948 | BJ26: 4.9241047 | BK26: 1.5051723 | BL26: 0 | BM26: 0 | BN26: 0 | BO26: 0 | BP26: 0 | BQ26: 0 | BR26: 0 | BS26: 0 | BT26: 0 | BU26: 0 | BV26: 0 | BW26: 0 | BX26: 0 | BY26: 0 | BZ26: 0 | CA26: 0 | CB26: 0 | CC26: 0 | CD26: 0 | CE26: 0 | CF26: 0 | CG26: 0 | CH26: 0 | CI26: 0 | CJ26: 0 | CK26: 0 | CL26: 0 | CM26: 0 | CN26: 0.44770679 | DM26: 2.0707104 | DN26: =SUM(AP26:DM26) -> 99.999986 | DP26: 0.0033109563 | DQ26: 0.061921164 | DR26: 0.2019991 | DS26: 0.043932058 | DT26: 0.081824303 | DU26: 0.020259086 | DV26: 0.047105659 | DW26: 0.26527494 | DX26: 2.7109711 | DY26: 1.903452 | DZ26: 81.165321 | EA26: 0.68621928 | EB26: 0.44795221 | EC26: 0.78107733 | ED26: 0.72491992 | EE26: 7.6626925 | EF26: 1.2996428 | EG26: 1.8642496 | EH26: 0.027876235
A27: 46122 | C27: 1 | D27: 14:55:28 | E27: 190 | F27: 190 | G27: 24.0162 | H27: 23.9945 | I27: 847.186 | J27: 849.934 | K27: 0 | L27: 0 | M27: 849.486 | N27: 845.856 | O27: 0 | P27: 0 | Q27: 0.189193 | R27: 1999.08 | S27: 1999.19 | T27: 0 | U27: 0 | V27: 2000.1 | W27: 1998.88 | X27: 0 | Y27: 0 | Z27: 220 | AA27: 2.00099 | AB27: 1.99936 | AC27: -0.0579538 | AD27: -0.00589139 | AE27: 2.00004 | AF27: 1.98481 | AG27: -0.153703 | AH27: -0.0588924 | AI27: 24.693267 | AJ27: 58.199308 | AL27: 88.608261 | AM27: 83.617531 | AN27: 16.061209 | AO27: 25.661228 | AP27: 0 | AQ27: 0 | AR27: 0.039085288 | AS27: 0.026637917 | AT27: 0.0040656193 | AU27: 81.982841 | AV27: 8.7207832 | AW27: 3.4970307 | AX27: 0 | AY27: 0 | AZ27: 0 | BA27: 0 | BB27: 0 | BC27: 0 | BD27: 0 | BE27: 0 | BF27: 0 | BG27: 0 | BH27: 0.1334777 | BI27: 0.039185509 | BJ27: 2.6782608 | BK27: 0.80530018 | BL27: 0 | BM27: 0 | BN27: 0 | BO27: 0 | BP27: 0 | BQ27: 0 | BR27: 0 | BS27: 0 | BT27: 0 | BU27: 0 | BV27: 0 | BW27: 0 | BX27: 0 | BY27: 0 | BZ27: 0 | CA27: 0 | CB27: 0 | CC27: 0 | CD27: 0 | CE27: 0 | CF27: 0 | CG27: 0 | CH27: 0 | CI27: 0 | CJ27: 0 | CK27: 0 | CL27: 0 | CM27: 0 | CN27: 0.46456555 | DM27: 1.6087554 | DN27: =SUM(AP27:DM27) -> 99.999989 | DP27: 0.0007204142 | DQ27: 0.039113209 | DR27: 0.13357306 | DS27: 0.026656946 | DT27: 0.039213505 | DU27: 0.0040685236 | DV27: 0.026913324 | DW27: 0.14450115 | DX27: 1.3881416 | DY27: 1.120618 | DZ27: 82.041405 | EA27: 0.43761253 | EB27: 0.46489742 | EC27: 0.43259591 | ED27: 0.37327954 | EE27: 8.7270136 | EF27: 1.0951984 | EG27: 3.4995289 | EH27: 0.0049632727
A28: 46122 | C28: 2 | D28: 16:59:39 | E28: 190 | F28: 190 | G28: 23.9742 | H28: 23.9988 | I28: 758.153 | J28: 757.75 | K28: 0 | L28: 0 | M28: 758.299 | N28: 758.955 | O28: 0 | P28: 0 | Q28: 0.338746 | R28: 1998.9 | S28: 2000.1 | T28: 0 | U28: 0 | V28: 1999.94 | W28: 1999.95 | X28: 0 | Y28: 0 | Z28: 220 | AA28: 2.00224 | AB28: 1.99862 | AC28: -0.0561603 | AD28: -0.00636061 | AE28: 1.99698 | AF28: 2.00216 | AG28: -0.0841603 | AH28: -0.0185198 | AI28: 22.496629 | AJ28: 59.366862 | AL28: 88.581261 | AM28: 83.616257 | AN28: 16.088379 | AO28: 25.509985 | AP28: 0 | AQ28: 0 | AR28: 0.04009201 | AS28: 0.02666495 | AT28: 0.0033761237 | AU28: 82.160011 | AV28: 8.8690948 | AW28: 3.6518736 | AX28: 0 | AY28: 0 | AZ28: 0 | BA28: 0 | BB28: 0 | BC28: 0 | BD28: 0 | BE28: 0 | BF28: 0 | BG28: 0 | BH28: 0.13563178 | BI28: 0.037596811 | BJ28: 2.4783325 | BK28: 0.70121646 | BL28: 0 | BM28: 0 | BN28: 0 | BO28: 0 | BP28: 0 | BQ28: 0 | BR28: 0 | BS28: 0 | BT28: 0 | BU28: 0 | BV28: 0 | BW28: 0 | BX28: 0 | BY28: 0 | BZ28: 0 | CA28: 0 | CB28: 0 | CC28: 0 | CD28: 0 | CE28: 0 | CF28: 0 | CG28: 0 | CH28: 0 | CI28: 0 | CJ28: 0 | CK28: 0 | CL28: 0 | CM28: 0 | CN28: 0.4576259 | DM28: 1.4384559 | DN28: =SUM(AP28:DM28) -> 99.999972 | DQ28: 0.040113952 | DR28: 0.13570602 | DS28: 0.026679544 | DT28: 0.037617389 | DU28: 0.0033779715 | DV28: 0.028703738 | DW28: 0.14559467 | DX28: 1.2672386 | DY28: 1.0381516 | DZ28: 82.204979 | EA28: 0.42183146 | EB28: 0.45787635 | EC28: 0.38322765 | ED28: 0.31837255 | EE28: 8.8739491 | EF28: 0.95896703 | EG28: 3.6538723 | EH28: 0.0037510104
A29: 46122 | C29: 5 | D29: 19:03:49 | E29: 190 | F29: 190 | G29: 24.022 | H29: 24.0046 | I29: 720.778 | J29: 710.742 | K29: 0 | L29: 0 | M29: 716.358 | N29: 725.745 | O29: 0 | P29: 0 | Q29: 0.338087 | R29: 1999.52 | S29: 1999.51 | T29: 0 | U29: 0 | V29: 2000.02 | W29: 2000.04 | X29: 0 | Y29: 0 | Z29: 219.9 | AA29: 1.99839 | AB29: 2.00116 | AC29: -0.067394 | AD29: -0.00232141 | AE29: 2.00153 | AF29: 2.00146 | AG29: -0.240027 | AH29: -0.0313091 | AI29: 23.147193 | AJ29: 58.675473 | AL29: 88.439217 | AM29: 83.61203 | AN29: 16.28479 | AO29: 24.100986 | AP29: 0 | AQ29: 0 | AR29: 0 | AS29: 0 | AT29: 0.0015589115 | AU29: 84.494438 | AV29: 9.7401171 | AW29: 4.6050434 | AX29: 0 | AY29: 0 | AZ29: 0 | BA29: 0 | BB29: 0 | BC29: 0 | BD29: 0 | BE29: 0 | BF29: 0 | BG29: 0 | BH29: 0 | BI29: 0.0008560614 | BJ29: 0.41592088 | BK29: 0 | BL29: 0 | BM29: 0 | BN29: 0 | BO29: 0 | BP29: 0 | BQ29: 0 | BR29: 0 | BS29: 0 | BT29: 0 | BU29: 0 | BV29: 0 | BW29: 0 | BX29: 0 | BY29: 0 | BZ29: 0 | CA29: 0 | CB29: 0 | CC29: 0 | CD29: 0 | CE29: 0 | CF29: 0 | CG29: 0 | CH29: 0 | CI29: 0 | CJ29: 0 | CK29: 0 | CL29: 0 | CM29: 0 | CN29: 0.56256455 | DM29: 0.17947623 | DN29: =SUM(AP29:DM29) -> 99.999975 | DP29: 0.0008562281 | DQ29: 0.001559215 | DR29: 0.0011883206 | DS29: 0.037639387 | DT29: 0.37717414 | DU29: 84.510887 | DV29: 0.56267411 | DW29: 0.010556314 | DX29: 9.742013 | DY29: 0.12996434 | DZ29: 4.6059399 | EA29: 0.019541545
A30: 46122 | C30: 6 | D30: 21:08:00 | E30: 190 | F30: 190 | G30: 24.0017 | H30: 23.996 | I30: 746.383 | J30: 747.759 | K30: 0 | L30: 0 | M30: 746.949 | N30: 745.464 | O30: 0 | P30: 0 | Q30: 0.318725 | R30: 1999.19 | S30: 2000.46 | T30: 0 | U30: 0 | V30: 2000.03 | W30: 1999 | X30: 0 | Y30: 0 | Z30: 220.1 | AA30: 1.99857 | AB30: 1.99832 | AC30: -0.0625391 | AD30: 0.00184537 | AE30: 1.99936 | AF30: 1.99353 | AG30: -0.0876914 | AH30: -0.0333827 | AI30: 22.240676 | AJ30: 59.670652 | AL30: 88.639481 | AM30: 83.61924 | AN30: 15.949175 | AO30: 26.878149 | AP30: 0 | AQ30: 0 | AR30: 0.076156191 | AS30: 0.052496426 | AT30: 0.004917243 | AU30: 80.060806 | AV30: 8.0730476 | AW30: 2.9258962 | AX30: 0 | AY30: 0 | AZ30: 0 | BA30: 0 | BB30: 0 | BC30: 0 | BD30: 0 | BE30: 0 | BF30: 0 | BG30: 0 | BH30: 0.25475991 | BI30: 0.071024947 | BJ30: 4.4132462 | BK30: 1.3059802 | BL30: 0 | BM30: 0 | BN30: 0 | BO30: 0 | BP30: 0 | BQ30: 0 | BR30: 0 | BS30: 0 | BT30: 0 | BU30: 0 | BV30: 0 | BW30: 0 | BX30: 0 | BY30: 0 | BZ30: 0 | CA30: 0 | CB30: 0 | CC30: 0 | CD30: 0 | CE30: 0 | CF30: 0 | CG30: 0 | CH30: 0 | CI30: 0 | CJ30: 0 | CK30: 0 | CL30: 0 | CM30: 0 | CN30: 0.43117771 | DM30: 2.3304944 | DN30: =SUM(AP30:DM30) -> 100 | DP30: 0.000706828 | DQ30: 0.076226607 | DR30: 0.25499547 | DS30: 0.052544966 | DT30: 0.071090624 | DU30: 0.0049217897 | DV30: 0.048238289 | DW30: 0.26904026 | DX30: 2.4060755 | DY30: 1.6939731 | DZ30: 80.134834 | EA30: 0.67073148 | EB30: 0.4315764 | EC30: 0.68632305 | ED30: 0.62086487 | EE30: 8.080513 | EF30: 1.5658834 | EG30: 2.9286017 | EH30: 0.002842708
A31: 46122 | C31: 1 | D31: 23:12:11 | E31: 190 | F31: 190 | G31: 24.0495 | H31: 23.9945 | I31: 779.575 | J31: 774.943 | K31: 0 | L31: 0 | M31: 777.255 | N31: 782.221 | O31: 0 | P31: 0 | Q31: 0.390127 | R31: 2000.27 | S31: 1999.85 | T31: 0 | U31: 0 | V31: 2000.13 | W31: 2000.34 | X31: 0 | Y31: 0 | Z31: 220 | AA31: 1.99906 | AB31: 1.99812 | AC31: -0.0606721 | AD31: -0.00310757 | AE31: 1.9996 | AF31: 2.0101 | AG31: -0.11897 | AH31: -0.0133675 | AI31: 24.365066 | AJ31: 58.933912 | AL31: 88.616646 | AM31: 83.617561 | AN31: 16.063866 | AO31: 25.616652 | AP31: 0 | AQ31: 0 | AR31: 0.041344039 | AS31: 0.0280676 | AT31: 0.0034591176 | AU31: 81.919022 | AV31: 8.7603531 | AW31: 3.5771291 | AX31: 0 | AY31: 0 | AZ31: 0 | BA31: 0 | BB31: 0 | BC31: 0 | BD31: 0 | BE31: 0 | BF31: 0 | BG31: 0 | BH31: 0.14052331 | BI31: 0.03957849 | BJ31: 2.6546526 | BK31: 0.78698987 | BL31: 0 | BM31: 0 | BN31: 0 | BO31: 0 | BP31: 0 | BQ31: 0 | BR31: 0 | BS31: 0 | BT31: 0 | BU31: 0 | BV31: 0 | BW31: 0 | BX31: 0 | BY31: 0 | BZ31: 0 | CA31: 0 | CB31: 0 | CC31: 0 | CD31: 0 | CE31: 0 | CF31: 0 | CG31: 0 | CH31: 0 | CI31: 0 | CJ31: 0 | CK31: 0 | CL31: 0 | CM31: 0 | CN31: 0.457479 | DM31: 1.5914005 | DN31: =SUM(AP31:DM31) -> 99.999998 | DP31: 0.0006458959 | DQ31: 0.041372731 | DR31: 0.14062084 | DS31: 0.02808708 | DT31: 0.039605956 | DU31: 0.0034615181 | DV31: 0.02775079 | DW31: 0.14801484 | DX31: 1.371241 | DY31: 1.1094882 | DZ31: 81.975868 | EA31: 0.43703067 | EB31: 0.45779651 | EC31: 0.42489392 | ED31: 0.36264211 | EE31: 8.7664328 | EF31: 1.0817391 | EG31: 3.5796118 | EH31: 0.0036918928
A32: 46123 | C32: 2 | D32: 01:16:23 | E32: 190 | F32: 190 | G32: 24.0046 | H32: 24.0046 | I32: 755.271 | J32: 756.147 | K32: 0 | L32: 0 | M32: 755.265 | N32: 755.922 | O32: 0 | P32: 0 | Q32: 0.323005 | R32: 2000.26 | S32: 2000.39 | T32: 0 | U32: 0 | V32: 2000.23 | W32: 2000.62 | X32: 0 | Y32: 0 | Z32: 220 | AA32: 2.00236 | AB32: 1.99834 | AC32: -0.0582785 | AD32: -0.00580267 | AE32: 1.99759 | AF32: 1.99579 | AG32: -0.0867301 | AH32: -0.0399278 | AI32: 22.032132 | AJ32: 60.115765 | AL32: 88.57769 | AM32: 83.616089 | AN32: 16.089581 | AO32: 25.516701 | AP32: 0 | AQ32: 0 | AR32: 0.043015044 | AS32: 0.02776449 | AT32: 0.0030895646 | AU32: 82.118294 | AV32: 8.869833 | AW32: 3.6784847 | AX32: 0 | AY32: 0 | AZ32: 0 | BA32: 0 | BB32: 0 | BC32: 0 | BD32: 0 | BE32: 0 | BF32: 0 | BG32: 0 | BH32: 0.14397812 | BI32: 0.039575946 | BJ32: 2.4974861 | BK32: 0.69722039 | BL32: 0 | BM32: 0 | BN32: 0 | BO32: 0 | BP32: 0 | BQ32: 0 | BR32: 0 | BS32: 0 | BT32: 0 | BU32: 0 | BV32: 0 | BW32: 0 | BX32: 0 | BY32: 0 | BZ32: 0 | CA32: 0 | CB32: 0 | CC32: 0 | CD32: 0 | CE32: 0 | CF32: 0 | CG32: 0 | CH32: 0 | CI32: 0 | CJ32: 0 | CK32: 0 | CL32: 0 | CM32: 0 | CN32: 0.44884774 | DM32: 1.4324366 | DN32: =SUM(AP32:DM32) -> 100.00003 | DP32: 0.0005938704 | DQ32: 0.043037023 | DR32: 0.14405169 | DS32: 0.027778674 | DT32: 0.039596163 | DU32: 0.0030911432 | DV32: 0.029449156 | DW32: 0.15153748 | DX32: 1.2801356 | DY32: 1.0376399 | DZ32: 82.160248 | EA32: 0.43107501 | EB32: 0.44907707 | EC32: 0.3813912 | ED32: 0.31618541 | EE32: 8.8743649 | EF32: 0.94706678 | EG32: 3.6803639 | EH32: 0.0033201028
A33: 46123 | C33: 5 | D33: 03:20:33 | E33: 190 | F33: 190 | G33: 23.9916 | H33: 24.0017 | I33: 754.273 | J33: 758.175 | K33: 0 | L33: 0 | M33: 756.168 | N33: 753.017 | O33: 0 | P33: 0 | Q33: 0.0378626 | R33: 1999.68 | S33: 1999.87 | T33: 0 | U33: 0 | V33: 2000.01 | W33: 2000.35 | X33: 0 | Y33: 0 | Z33: 219.9 | AA33: 2.00049 | AB33: 2.00057 | AC33: -0.0521107 | AD33: -0.00262945 | AE33: 1.998 | AF33: 2.00229 | AG33: -0.0694546 | AH33: -0.00488175 | AI33: 23.300184 | AJ33: 58.568771 | AL33: 88.452522 | AM33: 83.612427 | AN33: 16.284428 | AO33: 24.076862 | AP33: 0 | AQ33: 0 | AR33: 0 | AS33: 0 | AT33: 0.0011517757 | AU33: 84.421906 | AV33: 9.7649879 | AW33: 4.6506062 | AX33: 0 | AY33: 0 | AZ33: 0 | BA33: 0 | BB33: 0 | BC33: 0 | BD33: 0 | BE33: 0 | BF33: 0 | BG33: 0 | BH33: 0 | BI33: 0.0009804331 | BJ33: 0.41485059 | BK33: 0 | BL33: 0 | BM33: 0 | BN33: 0 | BO33: 0 | BP33: 0 | BQ33: 0 | BR33: 0 | BS33: 0 | BT33: 0 | BU33: 0 | BV33: 0 | BW33: 0 | BX33: 0 | BY33: 0 | BZ33: 0 | CA33: 0 | CB33: 0 | CC33: 0 | CD33: 0 | CE33: 0 | CF33: 0 | CG33: 0 | CH33: 0 | CI33: 0 | CJ33: 0 | CK33: 0 | CL33: 0 | CM33: 0 | CN33: 0.56603116 | DM33: 0.17948285 | DN33: =SUM(AP33:DM33) -> 99.999996 | DP33: 0.0009806267 | DQ33: 0.0011520031 | DR33: 0.0010681973 | DS33: 0.036995132 | DT33: 0.3768692 | DU33: 84.438576 | DV33: 0.56614292 | DW33: 0.0095940903 | DX33: 9.7669163 | DY33: 0.13082467 | DZ33: 4.6515245 | EA33: 0.019360783
A34: 46123 | C34: 6 | D34: 05:24:44 | E34: 190 | F34: 190 | G34: 24.0017 | H34: 23.9988 | I34: 788.773 | J34: 792.209 | K34: 0 | L34: 0 | M34: 790.27 | N34: 785.412 | O34: 0 | P34: 0 | Q34: 0.307071 | R34: 2000.03 | S34: 1999.97 | T34: 0 | U34: 0 | V34: 1999.81 | W34: 1999.89 | X34: 0 | Y34: 0 | Z34: 219.9 | AA34: 1.99955 | AB34: 1.99919 | AC34: -0.0597189 | AD34: -0.00875523 | AE34: 2.00064 | AF34: 1.99807 | AG34: -0.0493788 | AH34: -0.041266 | AI34: 22.158148 | AJ34: 59.787741 | AL34: 88.620026 | AM34: 83.618805 | AN34: 15.947886 | AO34: 26.979841 | AP34: 0 | AQ34: 0 | AR34: 0.081868835 | AS34: 0.055399612 | AT34: 0.0047859526 | AU34: 79.962379 | AV34: 8.020072 | AW34: 2.9024775 | AX34: 0 | AY34: 0 | AZ34: 0 | BA34: 0 | BB34: 0 | BC34: 0 | BD34: 0 | BE34: 0 | BF34: 0 | BG34: 0 | BH34: 0.2720491 | BI34: 0.075695679 | BJ34: 4.534286 | BK34: 1.3246155 | BL34: 0 | BM34: 0 | BN34: 0 | BO34: 0 | BP34: 0 | BQ34: 0 | BR34: 0 | BS34: 0 | BT34: 0 | BU34: 0 | BV34: 0 | BW34: 0 | BX34: 0 | BY34: 0 | BZ34: 0 | CA34: 0 | CB34: 0 | CC34: 0 | CD34: 0 | CE34: 0 | CF34: 0 | CG34: 0 | CH34: 0 | CI34: 0 | CJ34: 0 | CK34: 0 | CL34: 0 | CM34: 0 | CN34: 0.42387104 | DM34: 2.3424871 | DN34: =SUM(AP34:DM34) -> 99.999988 | DP34: 0.000980517 | DQ34: 0.08194448 | DR34: 0.27230045 | DS34: 0.055450801 | DT34: 0.075765617 | DU34: 0.004790375 | DV34: 0.051941622 | DW34: 0.28374541 | DX34: 2.4713466 | DY34: 1.7314421 | DZ34: 80.036263 | EA34: 0.67596054 | EB34: 0.42426267 | EC34: 0.69525075 | ED34: 0.63058865 | EE34: 8.027482 | EF34: 1.5736462 | EG34: 2.9051592 | EH34: 0.0016558992
A35: 46123 | C35: 1 | D35: 07:28:56 | E35: 190 | F35: 190 | G35: 23.9844 | H35: 24.0075 | I35: 796.172 | J35: 796.177 | K35: 0 | L35: 0 | M35: 796.624 | N35: 796.272 | O35: 0 | P35: 0 | Q35: 0.245759 | R35: 1999.77 | S35: 2000.27 | T35: 0 | U35: 0 | V35: 1999.59 | W35: 1999.67 | X35: 0 | Y35: 0 | Z35: 220.1 | AA35: 2.00281 | AB35: 2.00132 | AC35: -0.0467527 | AD35: -0.00321112 | AE35: 1.99837 | AF35: 1.99396 | AG35: -0.100362 | AH35: -0.0197918 | AI35: 24.286113 | AJ35: 58.718091 | AL35: 88.612366 | AM35: 83.617432 | AN35: 16.06015 | AO35: 25.671312 | AP35: 0 | AQ35: 0 | AR35: 0.04378929 | AS35: 0.029345944 | AT35: 0.0035648365 | AU35: 81.853935 | AV35: 8.730504 | AW35: 3.5512502 | AX35: 0 | AY35: 0 | AZ35: 0 | BA35: 0 | BB35: 0 | BC35: 0 | BD35: 0 | BE35: 0 | BF35: 0 | BG35: 0 | BH35: 0.14889213 | BI35: 0.041628342 | BJ35: 2.7230363 | BK35: 0.80419743 | BL35: 0 | BM35: 0 | BN35: 0 | BO35: 0 | BP35: 0 | BQ35: 0 | BR35: 0 | BS35: 0 | BT35: 0 | BU35: 0 | BV35: 0 | BW35: 0 | BX35: 0 | BY35: 0 | BZ35: 0 | CA35: 0 | CB35: 0 | CC35: 0 | CD35: 0 | CE35: 0 | CF35: 0 | CG35: 0 | CH35: 0 | CI35: 0 | CJ35: 0 | CK35: 0 | CL35: 0 | CM35: 0 | CN35: 0.45335546 | DM35: 1.6164886 | DN35: =SUM(AP35:DM35) -> 99.999988 | DP35: 0.0006101741 | DQ35: 0.043818943 | DR35: 0.14899296 | DS35: 0.029365817 | DT35: 0.041656531 | DU35: 0.0035672504 | DV35: 0.029530466 | DW35: 0.15508167 | DX35: 1.4152886 | DY35: 1.1249794 | DZ35: 81.909363 | EA35: 0.45321462 | EB35: 0.45366246 | EC35: 0.43346751 | ED35: 0.37127453 | EE35: 8.7364159 | EF35: 1.0926564 | EG35: 3.5536551 | EH35: 0.003401571
A36: 46123 | C36: 2 | D36: 09:33:04 | E36: 200 | F36: 200 | G36: 23.9771 | H36: 23.9945 | I36: 766.542 | J36: 767.879 | K36: 0 | L36: 0 | M36: 767.61 | N36: 764.211 | O36: 0 | P36: 0 | Q36: 0.396303 | R36: 1999.5 | S36: 2000.08 | T36: 0 | U36: 0 | V36: 2000.46 | W36: 2000.03 | X36: 0 | Y36: 0 | Z36: 220 | AA36: 2.00223 | AB36: 1.99793 | AC36: -0.0479828 | AD36: -0.00677034 | AE36: 1.99947 | AF36: 1.99697 | AG36: -0.0991028 | AH36: -0.0199265 | AI36: 21.875493 | AJ36: 60.152656 | AL36: 88.461723 | AM36: 83.614433 | AN36: 15.943132 | AO36: 27.669636 | AP36: 0 | AQ36: 0 | AR36: 0.1386275 | AS36: 0.084643342 | AT36: 0.0080824746 | AU36: 79.144493 | AV36: 7.8435979 | AW36: 2.7529516 | AX36: 0 | AY36: 0 | AZ36: 0 | BA36: 0 | BB36: 0 | BC36: 0 | BD36: 0 | BE36: 0 | BF36: 0 | BG36: 0 | BH36: 0.42382336 | BI36: 0.11331837 | BJ36: 5.312593 | BK36: 1.39961 | BL36: 0 | BM36: 0 | BN36: 0 | BO36: 0 | BP36: 0 | BQ36: 0 | BR36: 0 | BS36: 0 | BT36: 0 | BU36: 0 | BV36: 0 | BW36: 0 | BX36: 0 | BY36: 0 | BZ36: 0 | CA36: 0 | CB36: 0 | CC36: 0 | CD36: 0 | CE36: 0 | CF36: 0 | CG36: 0 | CH36: 0 | CI36: 0 | CJ36: 0 | CK36: 0 | CL36: 0 | CM36: 0 | CN36: 0.37640005 | DM36: 2.4018648 | DN36: =SUM(AP36:DM36) -> 100.00001 | DP36: 0.0008555097 | DQ36: 0.13871191 | DR36: 0.42408144 | DS36: 0.084694885 | DT36: 0.11338737 | DU36: 0.0080873957 | DV36: 0.085358955 | DW36: 0.38763019 | DX36: 2.8993697 | DY36: 1.9434694 | DZ36: 79.19268 | EA36: 0.80559361 | EB36: 0.37662926 | EC36: 0.73425269 | ED36: 0.6662097 | EE36: 7.8483744 | EF36: 1.5343535 | EG36: 2.7546282 | EH36: 0.001635754
A37: 46123 | C37: 5 | D37: 11:37:16 | E37: 200 | F37: 200 | G37: 23.9786 | H37: 24.0017 | I37: 821.206 | J37: 815.917 | K37: 0 | L37: 0 | M37: 814.953 | N37: 821.451 | O37: 0 | P37: 0 | Q37: 0.247258 | R37: 2000.07 | S37: 1999.66 | T37: 0 | U37: 0 | V37: 1999.71 | W37: 2000.22 | X37: 0 | Y37: 0 | Z37: 220.1 | AA37: 1.99981 | AB37: 2.00123 | AC37: -0.0588941 | AD37: -0.00682896 | AE37: 1.99947 | AF37: 1.99909 | AG37: -0.129676 | AH37: -0.0308205 | AI37: 23.141192 | AJ37: 58.772364 | AL37: 88.477493 | AM37: 83.612511 | AN37: 16.283739 | AO37: 24.014835 | AP37: 0 | AQ37: 0 | AR37: 0 | AS37: 0 | AT37: 0.0010249602 | AU37: 84.33223 | AV37: 9.7863894 | AW37: 4.7399282 | AX37: 0 | AY37: 0 | AZ37: 0 | BA37: 0 | BB37: 0 | BC37: 0 | BD37: 0 | BE37: 0 | BF37: 0 | BG37: 0 | BH37: 0 | BI37: 0.0008478066 | BJ37: 0.4163619 | BK37: 0 | BL37: 0 | BM37: 0 | BN37: 0 | BO37: 0 | BP37: 0 | BQ37: 0 | BR37: 0 | BS37: 0 | BT37: 0 | BU37: 0 | BV37: 0 | BW37: 0 | BX37: 0 | BY37: 0 | BZ37: 0 | CA37: 0 | CB37: 0 | CC37: 0 | CD37: 0 | CE37: 0 | CF37: 0 | CG37: 0 | CH37: 0 | CI37: 0 | CJ37: 0 | CK37: 0 | CL37: 0 | CM37: 0 | CN37: 0.53930926 | DM37: 0.18391608 | DN37: =SUM(AP37:DM37) -> 100.00001 | DP37: 0.0008479789 | DQ37: 0.0010251686 | DR37: 0.0011932233 | DS37: 0.037488349 | DT37: 0.37776497 | DU37: 84.349373 | DV37: 0.53941894 | DW37: 0.0095249563 | DX37: 9.7883787 | DY37: 0.13429534 | DZ37: 4.7408915 | EA37: 0.019814802
A38: 46123 | C38: 6 | D38: 13:41:27 | E38: 200 | F38: 200 | G38: 23.9974 | H38: 24.0075 | I38: 726.693 | J38: 722.135 | K38: 0 | L38: 0 | M38: 724.419 | N38: 729.454 | O38: 0 | P38: 0 | Q38: 0.280387 | R38: 2000.34 | S38: 1999.85 | T38: 0 | U38: 0 | V38: 2000.02 | W38: 1999.73 | X38: 0 | Y38: 0 | Z38: 220 | AA38: 2.00232 | AB38: 2.0012 | AC38: -0.0518708 | AD38: 0.0029742 | AE38: 2.00081 | AF38: 2.00348 | AG38: -0.140668 | AH38: -0.0292517 | AI38: 22.53795 | AJ38: 59.151422 | AL38: 88.274193 | AM38: 83.610596 | AN38: 15.778931 | AO38: 31.029446 | AP38: 0 | AQ38: 0 | AR38: 0.25441393 | AS38: 0.1580743 | AT38: 0.012566262 | AU38: 74.478516 | AV38: 6.3100605 | AW38: 1.6415991 | AX38: 0 | AY38: 0 | AZ38: 0 | BA38: 0 | BB38: 0 | BC38: 0 | BD38: 0 | BE38: 0 | BF38: 0 | BG38: 0 | BH38: 0.75827605 | BI38: 0.20822594 | BJ38: 9.8828735 | BK38: 2.4381051 | BL38: 0 | BM38: 0 | BN38: 0 | BO38: 0 | BP38: 0 | BQ38: 0 | BR38: 0 | BS38: 0 | BT38: 0 | BU38: 0 | BV38: 0 | BW38: 0 | BX38: 0 | BY38: 0 | BZ38: 0 | CA38: 0 | CB38: 0 | CC38: 0 | CD38: 0 | CE38: 0 | CF38: 0 | CG38: 0 | CH38: 0 | CI38: 0 | CJ38: 0 | CK38: 0 | CL38: 0 | CM38: 0 | CN38: 0.37009469 | DM38: 3.4872079 | DN38: =SUM(AP38:DM38) -> 100.00001 | DP38: 0.001303443 | DQ38: 0.25454506 | DR38: 0.75866687 | DS38: 0.15815577 | DT38: 0.20833325 | DU38: 0.012572738 | DV38: 0.15152508 | DW38: 0.73168111 | DX38: 5.4996767 | DY38: 3.5050843 | DZ38: 74.516899 | EA38: 1.2922349 | EB38: 0.37028542 | EC38: 1.220121 | ED38: 1.2192407 | EE38: 6.3133125 | EF38: 2.1427064 | EG38: 1.6424451 | EH38: 0.0012159393
A39: 46123 | C39: 1 | D39: 15:45:38 | E39: 200 | F39: 200 | G39: 24.0046 | H39: 24.0119 | I39: 752.428 | J39: 754.825 | K39: 0 | L39: 0 | M39: 753.748 | N39: 750.241 | O39: 0 | P39: 0 | Q39: 0.297877 | R39: 1999.93 | S39: 2000.46 | T39: 0 | U39: 0 | V39: 2000.03 | W39: 1999.19 | X39: 0 | Y39: 0 | Z39: 219.9 | AA39: 1.99927 | AB39: 1.99769 | AC39: -0.0550105 | AD39: -0.00267605 | AE39: 2.00325 | AF39: 1.9963 | AG39: -0.0852971 | AH39: -0.0043793 | AI39: 24.55936 | AJ39: 58.255677 | AL39: 88.491562 | AM39: 83.615707 | AN39: 15.895249 | AO39: 28.121914 | AP39: 0 | AQ39: 0 | AR39: 0.14390615 | AS39: 0.091225617 | AT39: 0.0082178526 | AU39: 78.500771 | AV39: 7.5508018 | AW39: 2.4710526 | AX39: 0 | AY39: 0 | AZ39: 0 | BA39: 0 | BB39: 0 | BC39: 0 | BD39: 0 | BE39: 0 | BF39: 0 | BG39: 0 | BH39: 0.44163135 | BI39: 0.12029363 | BJ39: 5.9439807 | BK39: 1.6343023 | BL39: 0 | BM39: 0 | BN39: 0 | BO39: 0 | BP39: 0 | BQ39: 0 | BR39: 0 | BS39: 0 | BT39: 0 | BU39: 0 | BV39: 0 | BW39: 0 | BX39: 0 | BY39: 0 | BZ39: 0 | CA39: 0 | CB39: 0 | CC39: 0 | CD39: 0 | CE39: 0 | CF39: 0 | CG39: 0 | CH39: 0 | CI39: 0 | CJ39: 0 | CK39: 0 | CL39: 0 | CM39: 0 | CN39: 0.38946548 | DM39: 2.7043526 | DN39: =SUM(AP39:DM39) -> 100 | DP39: 0.0012388636 | DQ39: 0.14402114 | DR39: 0.44198424 | DS39: 0.091298513 | DT39: 0.12038976 | DU39: 0.0082244193 | DV39: 0.086422771 | DW39: 0.40716255 | DX39: 3.2732823 | DY39: 2.1818628 | DZ39: 78.563499 | EA39: 0.86935925 | EB39: 0.38977668 | EC39: 0.84653163 | ED39: 0.78907657 | EE39: 7.5568352 | EF39: 1.754701 | EG39: 2.4730272 | EH39: 0.0012948544
A40: 46123 | C40: 2 | D40: 17:49:50 | E40: 200 | F40: 200 | G40: 24.0133 | H40: 23.9988 | I40: 763.172 | J40: 759.885 | K40: 0 | L40: 0 | M40: 761.418 | N40: 765.571 | O40: 0 | P40: 0 | Q40: 0.327218 | R40: 2000.98 | S40: 2000.21 | T40: 0 | U40: 0 | V40: 1999.9 | W40: 2000.29 | X40: 0 | Y40: 0 | Z40: 220 | AA40: 2.00309 | AB40: 2.0004 | AC40: -0.0819118 | AD40: 0.00176327 | AE40: 2.00069 | AF40: 1.99582 | AG40: -0.0783609 | AH40: -0.0288184 | AI40: 22.286372 | AJ40: 59.445221 | AL40: 88.437096 | AM40: 83.613968 | AN40: 15.932349 | AO40: 27.899488 | AP40: 0 | AQ40: 0 | AR40: 0.14788374 | AS40: 0.090394057 | AT40: 0.0082626017 | AU40: 78.898399 | AV40: 7.727973 | AW40: 2.6549621 | AX40: 0 | AY40: 0 | AZ40: 0 | BA40: 0 | BB40: 0 | BC40: 0 | BD40: 0 | BE40: 0 | BF40: 0 | BG40: 0 | BH40: 0.45180702 | BI40: 0.12026484 | BJ40: 5.5944591 | BK40: 1.4582787 | BL40: 0 | BM40: 0 | BN40: 0 | BO40: 0 | BP40: 0 | BQ40: 0 | BR40: 0 | BS40: 0 | BT40: 0 | BU40: 0 | BV40: 0 | BW40: 0 | BX40: 0 | BY40: 0 | BZ40: 0 | CA40: 0 | CB40: 0 | CC40: 0 | CD40: 0 | CE40: 0 | CF40: 0 | CG40: 0 | CH40: 0 | CI40: 0 | CJ40: 0 | CK40: 0 | CL40: 0 | CM40: 0 | CN40: 0.37190062 | DM40: 2.4754403 | DN40: =SUM(AP40:DM40) -> 100.00003 | DP40: 0.0010147665 | DQ40: 0.14797065 | DR40: 0.45207253 | DS40: 0.090447173 | DT40: 0.1203355 | DU40: 0.0082674567 | DV40: 0.089874089 | DW40: 0.41221476 | DX40: 3.0632973 | DY40: 2.0323601 | DZ40: 78.944763 | EA40: 0.84348929 | EB40: 0.37211913 | EC40: 0.76329446 | ED40: 0.69584113 | EE40: 7.7325139 | EF40: 1.571864 | EG40: 2.6565223 | EH40: 0.0017565328
A41: 46123 | C41: 5 | D41: 19:53:59 | E41: 200 | F41: 200 | G41: 23.996 | H41: 23.9902 | I41: 763.187 | J41: 769.967 | K41: 0 | L41: 0 | M41: 767.33 | N41: 759.261 | O41: 0 | P41: 0 | Q41: 0.342614 | R41: 2000.91 | S41: 1999.99 | T41: 0 | U41: 0 | V41: 2000.02 | W41: 2000.26 | X41: 0 | Y41: 0 | Z41: 219.9 | AA41: 2.00021 | AB41: 2.00032 | AC41: -0.0623515 | AD41: 0.00173725 | AE41: 1.99757 | AF41: 2.00089 | AG41: -0.088722 | AH41: -0.0225477 | AI41: 23.562333 | AJ41: 58.167951 | AL41: 88.472504 | AM41: 83.612968 | AN41: 16.283323 | AO41: 24.041327 | AP41: 0 | AQ41: 0 | AR41: 0 | AS41: 0 | AT41: 0.0011106251 | AU41: 84.336426 | AV41: 9.7589636 | AW41: 4.736362 | AX41: 0 | AY41: 0 | AZ41: 0 | BA41: 0 | BB41: 0 | BC41: 0 | BD41: 0 | BE41: 0 | BF41: 0 | BG41: 0 | BH41: 0 | BI41: 0.000634364 | BJ41: 0.41561714 | BK41: 0 | BL41: 0 | BM41: 0 | BN41: 0 | BO41: 0 | BP41: 0 | BQ41: 0 | BR41: 0 | BS41: 0 | BT41: 0 | BU41: 0 | BV41: 0 | BW41: 0 | BX41: 0 | BY41: 0 | BZ41: 0 | CA41: 0 | CB41: 0 | CC41: 0 | CD41: 0 | CE41: 0 | CF41: 0 | CG41: 0 | CH41: 0 | CI41: 0 | CJ41: 0 | CK41: 0 | CL41: 0 | CM41: 0 | CN41: 0.5672881 | DM41: 0.18359371 | DN41: =SUM(AP41:DM41) -> 99.999995 | DP41: 0.0006344927 | DQ41: 0.0011108504 | DR41: 0.0010344943 | DS41: 0.037757099 | DT41: 0.37690985 | DU41: 84.353539 | DV41: 0.5674032 | DW41: 0.0095033543 | DX41: 9.7609434 | DY41: 0.13413416 | DZ41: 4.7373228 | EA41: 0.0197092
A42: 46123 | C42: 6 | D42: 21:58:10 | E42: 200 | F42: 200 | G42: 24.0046 | H42: 23.996 | I42: 760.422 | J42: 760.861 | K42: 0 | L42: 0 | M42: 761.169 | N42: 761.406 | O42: 0 | P42: 0 | Q42: 0.222535 | R42: 1999 | S42: 1999.98 | T42: 0 | U42: 0 | V42: 1999.69 | W42: 2000.47 | X42: 0 | Y42: 0 | Z42: 220 | AA42: 1.99916 | AB42: 2.00086 | AC42: -0.0577106 | AD42: 0.000266253 | AE42: 1.9971 | AF42: 2.00043 | AG42: -0.0673703 | AH42: -0.0176097 | AI42: 22.596847 | AJ42: 59.080063 | AL42: 88.249207 | AM42: 83.609947 | AN42: 15.782986 | AO42: 31.033775 | AP42: 0 | AQ42: 0 | AR42: 0.2633613 | AS42: 0.1640728 | AT42: 0.012725451 | AU42: 74.46524 | AV42: 6.3560438 | AW42: 1.664397 | AX42: 0 | AY42: 0 | AZ42: 0 | BA42: 0 | BB42: 0 | BC42: 0 | BD42: 0 | BE42: 0 | BF42: 0 | BG42: 0 | BH42: 0.78485483 | BI42: 0.21376812 | BJ42: 9.8324051 | BK42: 2.4061685 | BL42: 0 | BM42: 0 | BN42: 0 | BO42: 0 | BP42: 0 | BQ42: 0 | BR42: 0 | BS42: 0 | BT42: 0 | BU42: 0 | BV42: 0 | BW42: 0 | BX42: 0 | BY42: 0 | BZ42: 0 | CA42: 0 | CB42: 0 | CC42: 0 | CD42: 0 | CE42: 0 | CF42: 0 | CG42: 0 | CH42: 0 | CI42: 0 | CJ42: 0 | CK42: 0 | CL42: 0 | CM42: 0 | CN42: 0.37267989 | DM42: 3.4642758 | DN42: =SUM(AP42:DM42) -> 99.999993 | DP42: 0.0014699802 | DQ42: 0.26347077 | DR42: 0.78518105 | DS42: 0.164141 | DT42: 0.21385697 | DU42: 0.01273074 | DV42: 0.15564832 | DW42: 0.74143386 | DX42: 5.4676352 | DY42: 3.4717741 | DZ42: 74.496193 | EA42: 1.3157613 | EB42: 0.3728348 | EC42: 1.2040105 | ED42: 1.2031579 | EE42: 6.358686 | EF42: 2.1059163 | EG42: 1.6650887 | EH42: 0.0010327051
A48: 46124 | C48: 2 | D48: 10:23:15 | E48: 200 | F48: 200 | G48: 23.996 | H48: 24.0017 | I48: 756.731 | J48: 759.668 | K48: 0 | L48: 0 | M48: 757.032 | N48: 756.021 | O48: 0 | P48: 0 | Q48: 0.304632 | R48: 2000.29 | S48: 2000.61 | T48: 0 | U48: 0 | V48: 1999.55 | W48: 1999.78 | X48: 0 | Y48: 0 | Z48: 220 | AA48: 1.99952 | AB48: 1.99468 | AC48: -0.0697595 | AD48: -0.00170204 | AE48: 2.00335 | AF48: 1.99604 | AG48: -0.17381 | AH48: -0.0157317 | AI48: 22.019021 | AJ48: 59.945253 | AL48: 88.501976 | AM48: 83.615616 | AN48: 15.952435 | AO48: 27.368395 | AP48: 0 | AQ48: 0 | AR48: 0.11783738 | AS48: 0.07261426 | AT48: 0.0076866639 | AU48: 79.627411 | AV48: 7.9244061 | AW48: 2.7945907 | AX48: 0 | AY48: 0 | AZ48: 0 | BA48: 0 | BB48: 0 | BC48: 0 | BD48: 0 | BE48: 0 | BF48: 0 | BG48: 0 | BH48: 0.36083713 | BI48: 0.097108781 | BJ48: 4.9272933 | BK48: 1.3460089 | BL48: 0 | BM48: 0 | BN48: 0 | BO48: 0 | BP48: 0 | BQ48: 0 | BR48: 0 | BS48: 0 | BT48: 0 | BU48: 0 | BV48: 0 | BW48: 0 | BX48: 0 | BY48: 0 | BZ48: 0 | CA48: 0 | CB48: 0 | CC48: 0 | CD48: 0 | CE48: 0 | CF48: 0 | CG48: 0 | CH48: 0 | CI48: 0 | CJ48: 0 | CK48: 0 | CL48: 0 | CM48: 0 | CN48: 0.38975257 | DM48: 2.3344731 | DN48: =SUM(AP48:DM48) -> 100.00002 | DP48: 0.0010373554 | DQ48: 0.11792341 | DR48: 0.36110058 | DS48: 0.072667271 | DT48: 0.097179674 | DU48: 0.0076922756 | DV48: 0.074454442 | DW48: 0.33806002 | DX48: 2.6868155 | DY48: 1.8315606 | DZ48: 79.685547 | EA48: 0.73688692 | EB48: 0.39003709 | EC48: 0.70696652 | ED48: 0.64002508 | EE48: 7.9301915 | EF48: 1.52359 | EG48: 2.7966311 | EH48: 0.0016188464
A49: 46124 | C49: 5 | D49: 12:27:26 | E49: 200.3 | F49: 200.3 | G49: 24.0495 | H49: 23.9931 | I49: 766.154 | J49: 771.782 | K49: 0 | L49: 0 | M49: 769.248 | N49: 761.385 | O49: 0 | P49: 0 | Q49: 0.320413 | R49: 1999.03 | S49: 1999.69 | T49: 0 | U49: 0 | V49: 1999.96 | W49: 2000.17 | X49: 0 | Y49: 0 | Z49: 220.2 | AA49: 1.99905 | AB49: 2.0006 | AC49: -0.0542704 | AD49: 0.000712189 | AE49: 2.00004 | AF49: 1.99304 | AG49: -0.0809266 | AH49: -0.0177188 | AI49: 23.413194 | AJ49: 58.367153 | AL49: 88.446678 | AM49: 83.612259 | AN49: 16.284819 | AO49: 24.085997 | AP49: 0 | AQ49: 0 | AR49: 0 | AS49: 0.0010545123 | AT49: 0.0018683822 | AU49: 84.446877 | AV49: 9.7597847 | AW49: 4.6320105 | AX49: 0 | AY49: 0 | AZ49: 0 | BA49: 0 | BB49: 0 | BC49: 0 | BD49: 0 | BE49: 0 | BF49: 0 | BG49: 0 | BH49: 0 | BI49: 0.0014999271 | BJ49: 0.41642705 | BK49: 0 | BL49: 0 | BM49: 0 | BN49: 0 | BO49: 0 | BP49: 0 | BQ49: 0 | BR49: 0 | BS49: 0 | BT49: 0 | BU49: 0 | BV49: 0 | BW49: 0 | BX49: 0 | BY49: 0 | BZ49: 0 | CA49: 0 | CB49: 0 | CC49: 0 | CD49: 0 | CE49: 0 | CF49: 0 | CG49: 0 | CH49: 0 | CI49: 0 | CJ49: 0 | CK49: 0 | CL49: 0 | CM49: 0 | CN49: 0.56217003 | DM49: 0.1783316 | DN49: =SUM(AP49:DM49) -> 100.00002 | DP49: 0.0010547199 | DQ49: 0.0015002224 | DR49: 0.0018687499 | DS49: 0.0010315118 | DT49: 0.038011853 | DU49: 0.37746564 | DV49: 84.463493 | DW49: 0.56228065 | DX49: 0.0092701539 | DY49: 9.7617054 | DZ49: 0.13004266 | EA49: 4.6329222 | EB49: 0.019362953
A50: 46124 | C50: 6 | D50: 14:31:37 | E50: 200 | F50: 200 | G50: 24.0046 | H50: 23.9902 | I50: 856.794 | J50: 861.508 | K50: 0 | L50: 0 | M50: 860.332 | N50: 858.446 | O50: 0 | P50: 0 | Q50: 0.249025 | R50: 1998.9 | S50: 2000.23 | T50: 0 | U50: 0 | V50: 2000.1 | W50: 1999.78 | X50: 0 | Y50: 0 | Z50: 220 | AA50: 2.00101 | AB50: 2.0002 | AC50: -0.0535843 | AD50: -0.00282682 | AE50: 1.99717 | AF50: 1.99762 | AG50: -0.0660116 | AH50: -0.0212971 | AI50: 22.560859 | AJ50: 58.95711 | AL50: 88.26741 | AM50: 83.610466 | AN50: 15.783257 | AO50: 30.978249 | AP50: 0 | AQ50: 0 | AR50: 0.25626576 | AS50: 0.16062912 | AT50: 0.012440935 | AU50: 74.527702 | AV50: 6.363596 | AW50: 1.6594886 | AX50: 0 | AY50: 0 | AZ50: 0 | BA50: 0 | BB50: 0 | BC50: 0 | BD50: 0 | BE50: 0 | BF50: 0 | BG50: 0 | BH50: 0.76453853 | BI50: 0.20897454 | BJ50: 9.796505 | BK50: 2.4228446 | BL50: 0 | BM50: 0 | BN50: 0 | BO50: 0 | BP50: 0 | BQ50: 0 | BR50: 0 | BS50: 0 | BT50: 0 | BU50: 0 | BV50: 0 | BW50: 0 | BX50: 0 | BY50: 0 | BZ50: 0 | CA50: 0 | CB50: 0 | CC50: 0 | CD50: 0 | CE50: 0 | CF50: 0 | CG50: 0 | CH50: 0 | CI50: 0 | CJ50: 0 | CK50: 0 | CL50: 0 | CM50: 0 | CN50: 0.36621577 | DM50: 3.4608035 | DN50: =SUM(AP50:DM50) -> 100 | DP50: 0.00172567 | DQ50: 0.2563985 | DR50: 0.7649346 | DS50: 0.16071233 | DT50: 0.2090828 | DU50: 0.012447379 | DV50: 0.1528624 | DW50: 0.72765142 | DX50: 5.4490418 | DY50: 3.4720249 | DZ50: 74.566315 | EA50: 1.2801251 | EB50: 0.36640546 | EC50: 1.2134845 | ED50: 1.2106153 | EE50: 6.3668923 | EF50: 2.126241 | EG50: 1.6603483 | EH50: 0.0026800383
A51: 46124 | C51: 1 | D51: 16:35:48 | E51: 200 | F51: 200 | G51: 24.0133 | H51: 24.0133 | I51: 786.919 | J51: 785.637 | K51: 0 | L51: 0 | M51: 785.725 | N51: 787.336 | O51: 0 | P51: 0 | Q51: 0.223809 | R51: 2000.13 | S51: 1999.89 | T51: 0 | U51: 0 | V51: 2000.13 | W51: 2000.94 | X51: 0 | Y51: 0 | Z51: 219.9 | AA51: 2.00281 | AB51: 2.00162 | AC51: -0.072089 | AD51: 0.00249811 | AE51: 2.00238 | AF51: 2.00184 | AG51: -0.197462 | AH51: -0.0226059 | AI51: 24.514546 | AJ51: 58.117285 | AL51: 88.492821 | AM51: 83.615776 | AN51: 15.894856 | AO51: 28.113417 | AP51: 0 | AQ51: 0 | AR51: 0.1437746 | AS51: 0.090554424 | AT51: 0.0082687726 | AU51: 78.517448 | AV51: 7.5494833 | AW51: 2.4722571 | AX51: 0 | AY51: 0 | AZ51: 0 | BA51: 0 | BB51: 0 | BC51: 0 | BD51: 0 | BE51: 0 | BF51: 0 | BG51: 0 | BH51: 0.44071266 | BI51: 0.12040784 | BJ51: 5.9320011 | BK51: 1.6297684 | BL51: 0 | BM51: 0 | BN51: 0 | BO51: 0 | BP51: 0 | BQ51: 0 | BR51: 0 | BS51: 0 | BT51: 0 | BU51: 0 | BV51: 0 | BW51: 0 | BX51: 0 | BY51: 0 | BZ51: 0 | CA51: 0 | CB51: 0 | CC51: 0 | CD51: 0 | CE51: 0 | CF51: 0 | CG51: 0 | CH51: 0 | CI51: 0 | CJ51: 0 | CK51: 0 | CL51: 0 | CM51: 0 | CN51: 0.38848975 | DM51: 2.7068431 | DN51: =SUM(AP51:DM51) -> 100.00001 | DP51: 0.0010572829 | DQ51: 0.14389019 | DR51: 0.44106695 | DS51: 0.090627223 | DT51: 0.12050464 | DU51: 0.0082754204 | DV51: 0.087346911 | DW51: 0.40570301 | DX51: 3.264236 | DY51: 2.1794841 | DZ51: 78.580566 | EA51: 0.86884427 | EB51: 0.38880208 | EC51: 0.84508461 | ED51: 0.78599399 | EE51: 7.5555525 | EF51: 1.7573816 | EG51: 2.4742446 | EH51: 0.0013337575
A52: 46124 | C52: 2 | D52: 18:39:58 | E52: 200 | F52: 200 | G52: 24.0263 | H52: 24.0003 | I52: 758.536 | J52: 760.694 | K52: 0 | L52: 0 | M52: 759.484 | N52: 758.322 | O52: 0 | P52: 0 | Q52: 0.210096 | R52: 2000.49 | S52: 1999.94 | T52: 0 | U52: 0 | V52: 2000.01 | W52: 1999.9 | X52: 0 | Y52: 0 | Z52: 219.9 | AA52: 2.00162 | AB52: 1.99915 | AC52: -0.0973145 | AD52: 0.00066636 | AE52: 1.99719 | AF52: 1.99274 | AG52: -0.326889 | AH52: -0.036581 | AI52: 22.36165 | AJ52: 59.407919 | AL52: 88.417755 | AM52: 83.613327 | AN52: 15.934252 | AO52: 27.925638 | AP52: 0 | AQ52: 0 | AR52: 0.15242273 | AS52: 0.09229961 | AT52: 0.0087505504 | AU52: 78.9272 | AV52: 7.7246752 | AW52: 2.6281321 | AX52: 0 | AY52: 0 | AZ52: 0 | BA52: 0 | BB52: 0 | BC52: 0 | BD52: 0 | BE52: 0 | BF52: 0 | BG52: 0 | BH52: 0.46133304 | BI52: 0.1218152 | BJ52: 5.5947733 | BK52: 1.4554715 | BL52: 0 | BM52: 0 | BN52: 0 | BO52: 0 | BP52: 0 | BQ52: 0 | BR52: 0 | BS52: 0 | BT52: 0 | BU52: 0 | BV52: 0 | BW52: 0 | BX52: 0 | BY52: 0 | BZ52: 0 | CA52: 0 | CB52: 0 | CC52: 0 | CD52: 0 | CE52: 0 | CF52: 0 | CG52: 0 | CH52: 0 | CI52: 0 | CJ52: 0 | CK52: 0 | CL52: 0 | CM52: 0 | CN52: 0.36650607 | DM52: 2.4666333 | DN52: =SUM(AP52:DM52) -> 100.00001 | DP52: 0.0009359807 | DQ52: 0.15250504 | DR52: 0.46158218 | DS52: 0.092349462 | DT52: 0.12188099 | DU52: 0.0087552769 | DV52: 0.092335671 | DW52: 0.41481468 | DX52: 3.0603089 | DY52: 2.0303352 | DZ52: 78.969826 | EA52: 0.85557526 | EB52: 0.36670402 | EC52: 0.76243478 | ED52: 0.6938228 | EE52: 7.7288475 | EF52: 1.5559539 | EG52: 2.6295514 | EH52: 0.0014787253
A53: 46124 | C53: 5 | D53: 20:44:08 | E53: 200 | F53: 200 | G53: 24.0191 | H53: 24.0046 | I53: 743.445 | J53: 735.088 | K53: 0 | L53: 0 | M53: 740.534 | N53: 751.916 | O53: 0 | P53: 0 | Q53: 0.338401 | R53: 2000.3 | S53: 1999.91 | T53: 0 | U53: 0 | V53: 1999.69 | W53: 2000.37 | X53: 0 | Y53: 0 | Z53: 220 | AA53: 2.00031 | AB53: 1.99967 | AC53: -0.0941283 | AD53: 0.00376797 | AE53: 1.9993 | AF53: 2.00069 | AG53: -0.296936 | AH53: -0.0310361 | AI53: 23.366049 | AJ53: 58.38499 | AL53: 88.461212 | AM53: 83.612518 | AN53: 16.284172 | AO53: 24.057137 | AP53: 0 | AQ53: 0 | AR53: 0 | AS53: 0 | AT53: 0.0010806007 | AU53: 84.384499 | AV53: 9.7786932 | AW53: 4.6786847 | AX53: 0 | AY53: 0 | AZ53: 0 | BA53: 0 | BB53: 0 | BC53: 0 | BD53: 0 | BE53: 0 | BF53: 0 | BG53: 0 | BH53: 0 | BI53: 0.0008011266 | BJ53: 0.41597769 | BK53: 0 | BL53: 0 | BM53: 0 | BN53: 0 | BO53: 0 | BP53: 0 | BQ53: 0 | BR53: 0 | BS53: 0 | BT53: 0 | BU53: 0 | BV53: 0 | BW53: 0 | BX53: 0 | BY53: 0 | BZ53: 0 | CA53: 0 | CB53: 0 | CC53: 0 | CD53: 0 | CE53: 0 | CF53: 0 | CG53: 0 | CH53: 0 | CI53: 0 | CJ53: 0 | CK53: 0 | CL53: 0 | CM53: 0 | CN53: 0.55951011 | DM53: 0.18075866 | DN53: =SUM(AP53:DM53) -> 100 | DP53: 0.0008012857 | DQ53: 0.0010808152 | DR53: 0.0011431156 | DS53: 0.037530281 | DT53: 0.37738687 | DU53: 84.401253 | DV53: 0.55962121 | DW53: 0.0096892854 | DX53: 9.7806339 | DY53: 0.13170834 | DZ53: 4.6796136 | EA53: 0.0195259
A54: 46124 | C54: 6 | D54: 22:48:19 | E54: 200 | F54: 200 | G54: 23.954 | H54: 23.996 | I54: 789.081 | J54: 787.834 | K54: 0 | L54: 0 | M54: 788.017 | N54: 788.878 | O54: 0 | P54: 0 | Q54: 0.264853 | R54: 1999.69 | S54: 1999.91 | T54: 0 | U54: 0 | V54: 1999.5 | W54: 2000.24 | X54: 0 | Y54: 0 | Z54: 220 | AA54: 2.00145 | AB54: 1.99971 | AC54: -0.0811809 | AD54: -0.00108395 | AE54: 2.00287 | AF54: 2.00161 | AG54: -0.270011 | AH54: -0.0402743 | AI54: 21.965348 | AJ54: 59.735656 | AL54: 88.203629 | AM54: 83.608795 | AN54: 15.790208 | AO54: 31.172815 | AP54: 0 | AQ54: 0 | AR54: 0.2764231 | AS54: 0.16835745 | AT54: 0.013623501 | AU54: 74.32196 | AV54: 6.3313184 | AW54: 1.6572053 | AX54: 0 | AY54: 0 | AZ54: 0 | BA54: 0 | BB54: 0 | BC54: 0 | BD54: 0 | BE54: 0 | BF54: 0 | BG54: 0 | BH54: 0.81546253 | BI54: 0.22038728 | BJ54: 9.9970903 | BK54: 2.4151011 | BL54: 0 | BM54: 0 | BN54: 0 | BO54: 0 | BP54: 0 | BQ54: 0 | BR54: 0 | BS54: 0 | BT54: 0 | BU54: 0 | BV54: 0 | BW54: 0 | BX54: 0 | BY54: 0 | BZ54: 0 | CA54: 0 | CB54: 0 | CC54: 0 | CD54: 0 | CE54: 0 | CF54: 0 | CG54: 0 | CH54: 0 | CI54: 0 | CJ54: 0 | CK54: 0 | CL54: 0 | CM54: 0 | CN54: 0.35668391 | DM54: 3.4263887 | DN54: =SUM(AP54:DM54) -> 100 | DP54: 0.0015785261 | DQ54: 0.2765485 | DR54: 0.81583244 | DS54: 0.16843382 | DT54: 0.22048725 | DU54: 0.013629681 | DV54: 0.16128473 | DW54: 0.76410621 | DX54: 5.5580397 | DY54: 3.5181947 | DZ54: 74.355675 | EA54: 1.287115 | EB54: 0.35684571 | EC54: 1.2074999 | ED54: 1.2086966 | EE54: 6.3341904 | EF54: 2.092726 | EG54: 1.6579571 | EH54: 0.0011537987
A55: 46125 | C55: 1 | D55: 00:52:29 | E55: 200 | F55: 200 | G55: 23.9945 | H55: 23.9945 | I55: 805.216 | J55: 803.022 | K55: 0 | L55: 0 | M55: 803.744 | N55: 805.245 | O55: 0 | P55: 0 | Q55: 0.104887 | R55: 1999.72 | S55: 1999.23 | T55: 0 | U55: 0 | V55: 2000.6 | W55: 1999.92 | X55: 0 | Y55: 0 | Z55: 220 | AA55: 2.00224 | AB55: 1.99961 | AC55: -0.0538347 | AD55: -0.000762914 | AE55: 1.99971 | AF55: 1.99452 | AG55: -0.0812923 | AH55: -0.0171546 | AI55: 23.860279 | AJ55: 58.83883 | AL55: 88.467674 | AM55: 83.615082 | AN55: 15.896517 | AO55: 28.18342 | AP55: 0 | AQ55: 0 | AR55: 0.15206739 | AS55: 0.094214715 | AT55: 0.0088198306 | AU55: 78.449295 | AV55: 7.5306458 | AW55: 2.4703977 | AX55: 0 | AY55: 0 | AZ55: 0 | BA55: 0 | BB55: 0 | BC55: 0 | BD55: 0 | BE55: 0 | BF55: 0 | BG55: 0 | BH55: 0.46395907 | BI55: 0.12501839 | BJ55: 6.0005989 | BK55: 1.6259551 | BL55: 0 | BM55: 0 | BN55: 0 | BO55: 0 | BP55: 0 | BQ55: 0 | BR55: 0 | BS55: 0 | BT55: 0 | BU55: 0 | BV55: 0 | BW55: 0 | BX55: 0 | BY55: 0 | BZ55: 0 | CA55: 0 | CB55: 0 | CC55: 0 | CD55: 0 | CE55: 0 | CF55: 0 | CG55: 0 | CH55: 0 | CI55: 0 | CJ55: 0 | CK55: 0 | CL55: 0 | CM55: 0 | CN55: 0.37792447 | DM55: 2.7010996 | DN55: =SUM(AP55:DM55) -> 99.999996 | DP55: 0.0009756887 | DQ55: 0.15217896 | DR55: 0.46429941 | DS55: 0.094283827 | DT55: 0.12511009 | DU55: 0.0088263005 | DV55: 0.091504499 | DW55: 0.42000711 | DX55: 3.3010311 | DY55: 2.1924577 | DZ55: 78.506844 | EA55: 0.88994372 | EB55: 0.37820169 | EC55: 0.84325522 | ED55: 0.78389269 | EE55: 7.5361705 | EF55: 1.7375242 | EG55: 2.4722099 | EH55: 0.0013126076
A56: 46125 | C56: 2 | D56: 02:56:40 | E56: 200 | F56: 200 | G56: 24.0046 | H56: 24.0046 | I56: 776.004 | J56: 786.078 | K56: 0 | L56: 0 | M56: 781.988 | N56: 771.272 | O56: 0 | P56: 0 | Q56: 0.333078 | R56: 1998.42 | S56: 2000.32 | T56: 0 | U56: 0 | V56: 1999.67 | W56: 2000.57 | X56: 0 | Y56: 0 | Z56: 220.1 | AA56: 2.00285 | AB56: 1.99925 | AC56: -0.0621352 | AD56: -0.000443725 | AE56: 1.99657 | AF56: 1.99716 | AG56: -0.0802055 | AH56: -0.0126055 | AI56: 21.765612 | AJ56: 59.919983 | AL56: 88.402763 | AM56: 83.612915 | AN56: 15.93932 | AO56: 27.919355 | AP56: 0 | AQ56: 0 | AR56: 0.15910944 | AS56: 0.094758429 | AT56: 0.0091082333 | AU56: 78.886864 | AV56: 7.7542925 | AW56: 2.6803434 | AX56: 0 | AY56: 0 | AZ56: 0 | BA56: 0 | BB56: 0 | BC56: 0 | BD56: 0 | BE56: 0 | BF56: 0 | BG56: 0 | BH56: 0.48211086 | BI56: 0.12703042 | BJ56: 5.5804782 | BK56: 1.4346666 | BL56: 0 | BM56: 0 | BN56: 0 | BO56: 0 | BP56: 0 | BQ56: 0 | BR56: 0 | BS56: 0 | BT56: 0 | BU56: 0 | BV56: 0 | BW56: 0 | BX56: 0 | BY56: 0 | BZ56: 0 | CA56: 0 | CB56: 0 | CC56: 0 | CD56: 0 | CE56: 0 | CF56: 0 | CG56: 0 | CH56: 0 | CI56: 0 | CJ56: 0 | CK56: 0 | CL56: 0 | CM56: 0 | CN56: 0.35338429 | DM56: 2.4378722 | DN56: =SUM(AP56:DM56) -> 100.00002 | DP56: 0.0010029083 | DQ56: 0.15919302 | DR56: 0.48236409 | DS56: 0.094808198 | DT56: 0.12709714 | DU56: 0.0091130175 | DV56: 0.094377041 | DW56: 0.42376798 | DX56: 3.0539997 | DY56: 2.0112648 | DZ56: 78.928299 | EA56: 0.84847975 | EB56: 0.3535699 | EC56: 0.75205719 | ED56: 0.68336302 | EE56: 7.7583656 | EF56: 1.5354739 | EG56: 2.6817513 | EH56: 0.0016789358
A57: 46125 | C57: 5 | D57: 05:00:50 | E57: 199.9 | F57: 199.9 | G57: 24.0003 | H57: 23.9931 | I57: 803.973 | J57: 810.839 | K57: 0 | L57: 0 | M57: 806.231 | N57: 799.639 | O57: 0 | P57: 0 | Q57: 0.370123 | R57: 1999.97 | S57: 1999.53 | T57: 0 | U57: 0 | V57: 1999.94 | W57: 2000.42 | X57: 0 | Y57: 0 | Z57: 220.3 | AA57: 1.99596 | AB57: 2.00235 | AC57: -0.0640119 | AD57: -0.00318178 | AE57: 1.99985 | AF57: 1.99435 | AG57: -0.09297 | AH57: -0.0153552 | AI57: 23.036341 | AJ57: 58.626969 | AL57: 88.47007 | AM57: 83.612785 | AN57: 16.283779 | AO57: 24.042398 | AP57: 0 | AQ57: 0 | AR57: 0 | AS57: 0 | AT57: 0.0009648223 | AU57: 84.350266 | AV57: 9.7598057 | AW57: 4.7270098 | AX57: 0 | AY57: 0 | AZ57: 0 | BA57: 0 | BB57: 0 | BC57: 0 | BD57: 0 | BE57: 0 | BF57: 0 | BG57: 0 | BH57: 0 | BI57: 0.000562009 | BJ57: 0.41663879 | BK57: 0.0011002612 | BL57: 0 | BM57: 0 | BN57: 0 | BO57: 0 | BP57: 0 | BQ57: 0 | BR57: 0 | BS57: 0 | BT57: 0 | BU57: 0 | BV57: 0 | BW57: 0 | BX57: 0 | BY57: 0 | BZ57: 0 | CA57: 0 | CB57: 0 | CC57: 0 | CD57: 0 | CE57: 0 | CF57: 0 | CG57: 0 | CH57: 0 | CI57: 0 | CJ57: 0 | CK57: 0 | CL57: 0 | CM57: 0 | CN57: 0.56194627 | DM57: 0.18171057 | DN57: =SUM(AP57:DM57) -> 100 | DP57: 0.0005621208 | DQ57: 0.0009650143 | DR57: 0.0012010005 | DS57: 0.037995636 | DT57: 0.37752506 | DU57: 84.36705 | DV57: 0.56205815 | DW57: 0.0011004802 | DX57: 0.0099874781 | DY57: 9.7617483 | DZ57: 0.13271567 | EA57: 4.7279506 | EB57: 0.019142151
A58: 46125 | C58: 6 | D58: 07:05:01 | E58: 200 | F58: 200 | G58: 23.967 | H58: 24.0162 | I58: 773.625 | J58: 771.372 | K58: 0 | L58: 0 | M58: 773.133 | N58: 774.555 | O58: 0 | P58: 0 | Q58: 0.289259 | R58: 2001.57 | S58: 1999.89 | T58: 0 | U58: 0 | V58: 2000.13 | W58: 1999.49 | X58: 0 | Y58: 0 | Z58: 219.9 | AA58: 2.00194 | AB58: 1.99837 | AC58: -0.057987 | AD58: -0.00232472 | AE58: 1.99935 | AF58: 2.00265 | AG58: -0.0908841 | AH58: -0.0176001 | AI58: 22.014833 | AJ58: 59.604596 | AL58: 88.136246 | AM58: 83.606949 | AN58: 15.800445 | AO58: 31.355726 | AP58: 0 | AQ58: 0 | AR58: 0.2916218 | AS58: 0.17650379 | AT58: 0.014312056 | AU58: 74.190689 | AV58: 6.2965207 | AW58: 1.6239756 | AX58: 0 | AY58: 0 | AZ58: 0 | BA58: 0 | BB58: 0 | BC58: 0 | BD58: 0 | BE58: 0 | BF58: 0 | BG58: 0 | BH58: 0.85702121 | BI58: 0.22912019 | BJ58: 10.188725 | BK58: 2.4221919 | BL58: 0 | BM58: 0 | BN58: 0 | BO58: 0 | BP58: 0 | BQ58: 0 | BR58: 0 | BS58: 0 | BT58: 0 | BU58: 0 | BV58: 0 | BW58: 0 | BX58: 0 | BY58: 0 | BZ58: 0 | CA58: 0 | CB58: 0 | CC58: 0 | CD58: 0 | CE58: 0 | CF58: 0 | CG58: 0 | CH58: 0 | CI58: 0 | CJ58: 0 | CK58: 0 | CL58: 0 | CM58: 0 | CN58: 0.33658412 | DM58: 3.3727193 | DN58: =SUM(AP58:DM58) -> 99.999984 | DP58: 0.00173519 | DQ58: 0.29175189 | DR58: 0.85740358 | DS58: 0.17658255 | DT58: 0.22922242 | DU58: 0.014318441 | DV58: 0.1681204 | DW58: 0.79161423 | DX58: 5.6582441 | DY58: 3.5752912 | DZ58: 74.223785 | EA58: 1.2670625 | EB58: 0.33673429 | EC58: 1.2108345 | ED58: 1.2124379 | EE58: 6.2993298 | EF58: 2.0588317 | EG58: 1.6247002 | EH58: 0.0019839532
A59: 46125 | C59: 1 | D59: 09:09:12 | E59: 200 | F59: 200 | G59: 23.9902 | H59: 24.0061 | I59: 747.606 | J59: 749.157 | K59: 0 | L59: 0 | M59: 748.392 | N59: 746.437 | O59: 0 | P59: 0 | Q59: 0.17894 | R59: 1999.18 | S59: 1999.87 | T59: 0 | U59: 0 | V59: 2000.24 | W59: 2000.07 | X59: 0 | Y59: 0 | Z59: 220 | AA59: 1.99954 | AB59: 1.9999 | AC59: -0.0665067 | AD59: -0.000963916 | AE59: 2.00108 | AF59: 1.99983 | AG59: -0.128119 | AH59: -0.0167223 | AI59: 24.429819 | AJ59: 58.563669 | AL59: 88.445663 | AM59: 83.614494 | AN59: 15.900496 | AO59: 28.218334 | AP59: 0 | AQ59: 0 | AR59: 0.15747231 | AS59: 0.097743832 | AT59: 0.008943947 | AU59: 78.435463 | AV59: 7.5342517 | AW59: 2.4694567 | AX59: 0 | AY59: 0 | AZ59: 0 | BA59: 0 | BB59: 0 | BC59: 0 | BD59: 0 | BE59: 0 | BF59: 0 | BG59: 0 | BH59: 0.47743315 | BI59: 0.12840648 | BJ59: 6.0179081 | BK59: 1.6180028 | BL59: 0 | BM59: 0 | BN59: 0 | BO59: 0 | BP59: 0 | BQ59: 0 | BR59: 0 | BS59: 0 | BT59: 0 | BU59: 0 | BV59: 0 | BW59: 0 | BX59: 0 | BY59: 0 | BZ59: 0 | CA59: 0 | CB59: 0 | CC59: 0 | CD59: 0 | CE59: 0 | CF59: 0 | CG59: 0 | CH59: 0 | CI59: 0 | CJ59: 0 | CK59: 0 | CL59: 0 | CM59: 0 | CN59: 0.37606278 | DM59: 2.678875 | DN59: =SUM(AP59:DM59) -> 100.00002 | DP59: 0.0011973504 | DQ59: 0.15758543 | DR59: 0.47777611 | DS59: 0.097814038 | DT59: 0.12849872 | DU59: 0.0089503722 | DV59: 0.092701264 | DW59: 0.42582443 | DX59: 3.3116846 | DY59: 2.1920204 | DZ59: 78.491806 | EA59: 0.88540614 | EB59: 0.37633294 | EC59: 0.83981585 | ED59: 0.77934915 | EE59: 7.5396638 | EF59: 1.7212338 | EG59: 2.4712305 | EH59: 0.0010973571
A60: 46125 | C60: 2 | D60: 11:13:22 | E60: 200 | F60: 200 | G60: 24.0162 | H60: 24.0046 | I60: 816.891 | J60: 810.016 | K60: 0 | L60: 0 | M60: 813.683 | N60: 817.495 | O60: 0 | P60: 0 | Q60: 0.41356 | R60: 1999.52 | S60: 1999.71 | T60: 0 | U60: 0 | V60: 1999.83 | W60: 2000.74 | X60: 0 | Y60: 0 | Z60: 220 | AA60: 1.99812 | AB60: 1.99919 | AC60: -0.0569523 | AD60: -0.00289031 | AE60: 2.00243 | AF60: 2.00109 | AG60: -0.0779815 | AH60: -0.0183918 | AI60: 22.251411 | AJ60: 59.702945 | AL60: 88.371704 | AM60: 83.612144 | AN60: 15.940168 | AO60: 28.006926 | AP60: 0 | AQ60: 0 | AR60: 0.16795479 | AS60: 0.099637851 | AT60: 0.0095760934 | AU60: 78.83989 | AV60: 7.7237792 | AW60: 2.6484625 | AX60: 0 | AY60: 0 | AZ60: 0 | BA60: 0 | BB60: 0 | BC60: 0 | BD60: 0 | BE60: 0 | BF60: 0 | BG60: 0 | BH60: 0.50492758 | BI60: 0.13142174 | BJ60: 5.6478109 | BK60: 1.4397064 | BL60: 0 | BM60: 0 | BN60: 0 | BO60: 0 | BP60: 0 | BQ60: 0 | BR60: 0 | BS60: 0 | BT60: 0 | BU60: 0 | BV60: 0 | BW60: 0 | BX60: 0 | BY60: 0 | BZ60: 0 | CA60: 0 | CB60: 0 | CC60: 0 | CD60: 0 | CE60: 0 | CF60: 0 | CG60: 0 | CH60: 0 | CI60: 0 | CJ60: 0 | CK60: 0 | CL60: 0 | CM60: 0 | CN60: 0.34952822 | DM60: 2.4373078 | DN60: =SUM(AP60:DM60) -> 100 | DP60: 0.0011140485 | DQ60: 0.16803053 | DR60: 0.50515532 | DS60: 0.099682793 | DT60: 0.13148102 | DU60: 0.0095804129 | DV60: 0.097580105 | DW60: 0.43573081 | DX60: 3.09266 | DY60: 2.0243876 | DZ60: 78.87545 | EA60: 0.8727181 | EB60: 0.34968588 | EC60: 0.75477332 | ED60: 0.68558252 | EE60: 7.727263 | EF60: 1.5175942 | EG60: 2.6496572 | EH60: 0.0018425506
A61: 46125 | C61: 5 | D61: 13:17:33 | E61: 200 | F61: 200 | G61: 24.0104 | H61: 24.0046 | I61: 765.616 | J61: 759.42 | K61: 0 | L61: 0 | M61: 762.723 | N61: 769.124 | O61: 0 | P61: 0 | Q61: 0.264043 | R61: 2001.01 | S61: 2000.08 | T61: 0 | U61: 0 | V61: 1999.56 | W61: 2000.39 | X61: 0 | Y61: 0 | Z61: 220 | AA61: 2.00056 | AB61: 1.99902 | AC61: -0.0588658 | AD61: -0.00187971 | AE61: 1.99877 | AF61: 1.98944 | AG61: -0.0883085 | AH61: -0.0406024 | AI61: 23.473345 | AJ61: 58.288653 | AL61: 88.476852 | AM61: 83.613228 | AN61: 16.283213 | AO61: 24.037657 | AP61: 0 | AQ61: 0 | AR61: 0 | AS61: 0 | AT61: 0.0011627959 | AU61: 84.296562 | AV61: 9.782897 | AW61: 4.74476 | AX61: 0 | AY61: 0 | AZ61: 0 | BA61: 0 | BB61: 0 | BC61: 0 | BD61: 0 | BE61: 0 | BF61: 0 | BG61: 0 | BH61: 0 | BI61: 0.0008416566 | BJ61: 0.41582638 | BK61: 0 | BL61: 0 | BM61: 0 | BN61: 0 | BO61: 0 | BP61: 0 | BQ61: 0 | BR61: 0 | BS61: 0 | BT61: 0 | BU61: 0 | BV61: 0 | BW61: 0 | BX61: 0 | BY61: 0 | BZ61: 0 | CA61: 0 | CB61: 0 | CC61: 0 | CD61: 0 | CE61: 0 | CF61: 0 | CG61: 0 | CH61: 0 | CI61: 0 | CJ61: 0 | CK61: 0 | CL61: 0 | CM61: 0 | CN61: 0.57531822 | DM61: 0.18265338 | DN61: =SUM(AP61:DM61) -> 100.00002 | DP61: 0.0008418253 | DQ61: 0.001163029 | DR61: 0.001205775 | DS61: 0.037954122 | DT61: 0.37674984 | DU61: 84.313454 | DV61: 0.57543355 | DW61: 0.009737283 | DX61: 9.7848577 | DY61: 0.13314043 | DZ61: 4.7457108 | EA61: 0.019716891
A62: 46125 | C62: 6 | D62: 15:21:44 | E62: 206.3 | F62: 206.5 | G62: 23.996 | H62: 24.0191 | I62: 773.962 | J62: 770.952 | K62: 0 | L62: 0 | M62: 772.965 | N62: 777.163 | O62: 0 | P62: 0 | Q62: 0.117849 | R62: 2000.37 | S62: 2000.56 | T62: 0 | U62: 0 | V62: 2000.08 | W62: 2000.1 | X62: 0 | Y62: 0 | Z62: 220 | AA62: 2.00215 | AB62: 1.99972 | AC62: -0.0658043 | AD62: -0.00106106 | AE62: 1.99688 | AF62: 1.99904 | AG62: -0.0680372 | AH62: -0.0510422 | AI62: 22.479934 | AJ62: 59.023936 | AL62: 88.136177 | AM62: 83.607018 | AN62: 15.801973 | AO62: 31.237589 | AP62: 0 | AQ62: 0 | AR62: 0.29458907 | AS62: 0.17596796 | AT62: 0.014798035 | AU62: 74.364883 | AV62: 6.3468003 | AW62: 1.6620421 | AX62: 0 | AY62: 0 | AZ62: 0 | BA62: 0 | BB62: 0 | BC62: 0 | BD62: 0 | BE62: 0 | BF62: 0 | BG62: 0 | BH62: 0.85892683 | BI62: 0.22875227 | BJ62: 9.9753304 | BK62: 2.3672757 | BL62: 0 | BM62: 0 | BN62: 0 | BO62: 0 | BP62: 0 | BQ62: 0 | BR62: 0 | BS62: 0 | BT62: 0 | BU62: 0 | BV62: 0 | BW62: 0 | BX62: 0 | BY62: 0 | BZ62: 0 | CA62: 0 | CB62: 0 | CC62: 0 | CD62: 0 | CE62: 0 | CF62: 0 | CG62: 0 | CH62: 0 | CI62: 0 | CJ62: 0 | CK62: 0 | CL62: 0 | CM62: 0 | CN62: 0.34944201 | DM62: 3.3611934 | DN62: =SUM(AP62:DM62) -> 100 | DP62: 0.0016387552 | DQ62: 0.29468593 | DR62: 0.85920918 | DS62: 0.17602581 | DT62: 0.22882748 | DU62: 0.014802899 | DV62: 0.16675575 | DW62: 0.78104019 | DX62: 5.5351257 | DY62: 3.495688 | DZ62: 74.389336 | EA62: 1.3011875 | EB62: 0.34955689 | EC62: 1.183865 | ED62: 1.1841891 | EE62: 6.348887 | EF62: 2.0252318 | EG62: 1.6625885 | EH62: 0.0013712189
A63: 46125 | C63: 1 | D63: 17:25:55 | E63: 210 | F63: 210 | G63: 23.9945 | H63: 24.0046 | I63: 710.638 | J63: 717.518 | K63: 0 | L63: 0 | M63: 713.431 | N63: 706.845 | O63: 0 | P63: 0 | Q63: 0.403671 | R63: 2000.08 | S63: 2000.09 | T63: 0 | U63: 0 | V63: 2000.24 | W63: 2000.09 | X63: 0 | Y63: 0 | Z63: 220 | AA63: 2.00167 | AB63: 1.99875 | AC63: -0.0706712 | AD63: 0.00207676 | AE63: 1.99836 | AF63: 1.99789 | AG63: -0.0650291 | AH63: -0.0294858 | AI63: 24.346963 | AJ63: 58.223308 | AL63: 87.728035 | AM63: 83.596573 | AN63: 15.784399 | AO63: 33.476738 | AP63: 0 | AQ63: 0 | AR63: 0.44593737 | AS63: 0.24992055 | AT63: 0.024921129 | AU63: 71.669594 | AV63: 5.5915027 | AW63: 1.2406925 | AX63: 0 | AY63: 0 | AZ63: 0 | BA63: 0 | BB63: 0 | BC63: 0 | BD63: 0 | BE63: 0 | BF63: 0 | BG63: 0 | BH63: 1.2130474 | BI63: 0.31560633 | BJ63: 12.653018 | BK63: 2.7245731 | BL63: 0 | BM63: 0 | BN63: 0 | BO63: 0 | BP63: 0 | BQ63: 0 | BR63: 0 | BS63: 0 | BT63: 0 | BU63: 0 | BV63: 0 | BW63: 0 | BX63: 0 | BY63: 0 | BZ63: 0 | CA63: 0 | CB63: 0 | CC63: 0 | CD63: 0 | CE63: 0 | CF63: 0 | CG63: 0 | CH63: 0 | CI63: 0 | CJ63: 0 | CK63: 0 | CL63: 0 | CM63: 0 | CN63: 0.33633959 | DM63: 3.5348558 | DN63: =SUM(AP63:DM63) -> 100.00001 | DP63: 0.0019789245 | DQ63: 0.44590512 | DR63: 1.2129596 | DS63: 0.24990247 | DT63: 0.3155835 | DU63: 0.024919325 | DV63: 0.26418942 | DW63: 1.0222949 | DX63: 6.9906592 | DY63: 4.374959 | DZ63: 71.664413 | EA63: 1.5069672 | EB63: 0.33631527 | EC63: 1.3514835 | ED63: 1.3728925 | EE63: 5.5910983 | EF63: 2.0237203 | EG63: 1.2406027 | EH63: 0.0091607925
A64: 46125 | C64: 2 | D64: 19:30:05 | E64: 210 | F64: 209.9 | G64: 24.0148 | H64: 24.0075 | I64: 854.331 | J64: 853.149 | K64: 0 | L64: 0 | M64: 854.11 | N64: 855.739 | O64: 0 | P64: 0 | Q64: 0.301651 | R64: 1999.68 | S64: 1999.58 | T64: 0 | U64: 0 | V64: 1999.56 | W64: 1999.59 | X64: 0 | Y64: 0 | Z64: 220 | AA64: 1.99626 | AB64: 2.00144 | AC64: -0.0712024 | AD64: 0.00746331 | AE64: 2.00071 | AF64: 1.99734 | AG64: -0.196172 | AH64: -0.0427259 | AI64: 21.441959 | AJ64: 59.999609 | AL64: 87.609688 | AM64: 83.593697 | AN64: 15.820095 | AO64: 33.344566 | AP64: 0 | AQ64: 0 | AR64: 0.48087576 | AS64: 0.25644097 | AT64: 0.027815361 | AU64: 72.018517 | AV64: 5.8139129 | AW64: 1.3576162 | AX64: 0 | AY64: 0 | AZ64: 0 | BA64: 0 | BB64: 0 | BC64: 0 | BD64: 0 | BE64: 0 | BF64: 0 | BG64: 0 | BH64: 1.2891476 | BI64: 0.32424977 | BJ64: 12.271311 | BK64: 2.5217183 | BL64: 0 | BM64: 0 | BN64: 0 | BO64: 0 | BP64: 0 | BQ64: 0 | BR64: 0 | BS64: 0 | BT64: 0 | BU64: 0 | BV64: 0 | BW64: 0 | BX64: 0 | BY64: 0 | BZ64: 0 | CA64: 0 | CB64: 0 | CC64: 0 | CD64: 0 | CE64: 0 | CF64: 0 | CG64: 0 | CH64: 0 | CI64: 0 | CJ64: 0 | CK64: 0 | CL64: 0 | CM64: 0 | CN64: 0.3133356 | DM64: 3.3250639 | DN64: =SUM(AP64:DM64) -> 100 | DP64: 0.0019794856 | DQ64: 0.48078379 | DR64: 1.2889011 | DS64: 0.25639191 | DT64: 0.32418776 | DU64: 0.027810041 | DV64: 0.27887332 | DW64: 1.0575938 | DX64: 6.7466292 | DY64: 4.1858673 | DZ64: 72.004745 | EA64: 1.4584434 | EB64: 0.31327566 | EC64: 1.2512013 | ED64: 1.2700348 | EE64: 5.8128009 | EF64: 1.8732574 | EG64: 1.3573565 | EH64: 0.0098884823
A65: 46125 | C65: 5 | D65: 21:34:15 | E65: 210.1 | F65: 210.1 | G65: 24.0205 | H65: 24.0017 | I65: 767.992 | J65: 769.364 | K65: 0 | L65: 0 | M65: 768.484 | N65: 767.948 | O65: 0 | P65: 0 | Q65: 0.331581 | R65: 1999.79 | S65: 2000.36 | T65: 0 | U65: 0 | V65: 1999.9 | W65: 2000.1 | X65: 0 | Y65: 0 | Z65: 220.1 | AA65: 1.99787 | AB65: 1.99772 | AC65: -0.0644741 | AD65: 0.00161172 | AE65: 1.9992 | AF65: 2.00181 | AG65: -0.049952 | AH65: -0.0231456 | AI65: 23.214171 | AJ65: 58.556694 | AL65: 88.479858 | AM65: 83.613136 | AN65: 16.283165 | AO65: 24.028912 | AP65: 0 | AQ65: 0 | AR65: 0 | AS65: 0 | AT65: 0.0009345419 | AU65: 84.295288 | AV65: 9.7693357 | AW65: 4.7642536 | AX65: 0 | AY65: 0 | AZ65: 0 | BA65: 0 | BB65: 0 | BC65: 0 | BD65: 0 | BE65: 0 | BF65: 0 | BG65: 0 | BH65: 0 | BI65: 0.0008022772 | BJ65: 0.41641766 | BK65: 0 | BL65: 0 | BM65: 0 | BN65: 0 | BO65: 0 | BP65: 0 | BQ65: 0 | BR65: 0 | BS65: 0 | BT65: 0 | BU65: 0 | BV65: 0 | BW65: 0 | BX65: 0 | BY65: 0 | BZ65: 0 | CA65: 0 | CB65: 0 | CC65: 0 | CD65: 0 | CE65: 0 | CF65: 0 | CG65: 0 | CH65: 0 | CI65: 0 | CJ65: 0 | CK65: 0 | CL65: 0 | CM65: 0 | CN65: 0.56972575 | DM65: 0.18324018 | DN65: =SUM(AP65:DM65) -> 99.999998 | DP65: 0.0008024384 | DQ65: 0.0009347296 | DR65: 0.0011469441 | DS65: 0.038478654 | DT65: 0.3768757 | DU65: 84.312218 | DV65: 0.56984019 | DW65: 0.010043476 | DX65: 9.7712975 | DY65: 0.13334233 | DZ65: 4.7652106 | EA65: 0.019813707
A66: 46125 | C66: 6 | D66: 23:38:26 | E66: 210 | F66: 209.9 | G66: 24.0365 | H66: 24.0017 | I66: 758.055 | J66: 747.892 | K66: 0 | L66: 0 | M66: 752.411 | N66: 762.447 | O66: 0 | P66: 0 | Q66: 0.235397 | R66: 2000.23 | S66: 1999.17 | T66: 0 | U66: 0 | V66: 1999.44 | W66: 2000.51 | X66: 0 | Y66: 0 | Z66: 219.9 | AA66: 1.99881 | AB66: 2.00329 | AC66: -0.0583371 | AD66: 0.00294819 | AE66: 2.00139 | AF66: 2.00481 | AG66: -0.0932786 | AH66: -0.0236538 | AI66: 21.8629 | AJ66: 59.427837 | AL66: 86.744011 | AM66: 83.570076 | AN66: 15.788973 | AO66: 39.776482 | AP66: 0 | AQ66: 0 | AR66: 0.80911565 | AS66: 0.40985376 | AT66: 0.041355647 | AU66: 63.348347 | AV66: 3.9310133 | AW66: 0.58509821 | AX66: 0 | AY66: 0 | AZ66: 0 | BA66: 0 | BB66: 0 | BC66: 0 | BD66: 0 | BE66: 0 | BF66: 0 | BG66: 0 | BH66: 2.0498569 | BI66: 0.51125574 | BJ66: 20.892557 | BK66: 3.4347816 | BL66: 0 | BM66: 0 | BN66: 0 | BO66: 0 | BP66: 0 | BQ66: 0 | BR66: 0 | BS66: 0 | BT66: 0 | BU66: 0 | BV66: 0 | BW66: 0 | BX66: 0 | BY66: 0 | BZ66: 0 | CA66: 0 | CB66: 0 | CC66: 0 | CD66: 0 | CE66: 0 | CF66: 0 | CG66: 0 | CH66: 0 | CI66: 0 | CJ66: 0 | CK66: 0 | CL66: 0 | CM66: 0 | CN66: 0.33777192 | DM66: 3.6490097 | DN66: =SUM(AP66:DM66) -> 100.00002 | DP66: 0.0040806108 | DQ66: 0.80778992 | DR66: 2.0464983 | DS66: 0.40918222 | DT66: 0.51041806 | DU66: 0.041287884 | DV66: 0.5042547 | DW66: 1.9162395 | DX66: 11.354054 | DY66: 7.0837755 | DZ66: 63.244549 | EA66: 2.0736136 | EB66: 0.33721846 | EC66: 1.6334449 | ED66: 1.7957088 | EE66: 3.9245722 | EF66: 1.7215972 | EG66: 0.58413953 | EH66: 0.0075779236
A67: 46126 | C67: 1 | D67: 01:42:37 | E67: 210 | F67: 209.9 | G67: 24.0075 | H67: 24.0003 | I67: 795.287 | J67: 791.897 | K67: 0 | L67: 0 | M67: 793.997 | N67: 797.577 | O67: 0 | P67: 0 | Q67: 0.174477 | R67: 1999.86 | S67: 2000.08 | T67: 0 | U67: 0 | V67: 1999.97 | W67: 1999.69 | X67: 0 | Y67: 0 | Z67: 220 | AA67: 1.99902 | AB67: 2.0027 | AC67: -0.0925685 | AD67: -0.00223957 | AE67: 1.99733 | AF67: 1.997 | AG67: -0.409188 | AH67: -0.0467198 | AI67: 24.011344 | AJ67: 58.606027 | AL67: 87.665543 | AM67: 83.594833 | AN67: 15.786613 | AO67: 33.766129 | AP67: 0 | AQ67: 0 | AR67: 0.4695929 | AS67: 0.25967345 | AT67: 0.026356606 | AU67: 71.301514 | AV67: 5.5492978 | AW67: 1.2055882 | AX67: 0 | AY67: 0 | AZ67: 0 | BA67: 0 | BB67: 0 | BC67: 0 | BD67: 0 | BE67: 0 | BF67: 0 | BG67: 0 | BH67: 1.2657111 | BI67: 0.32678732 | BJ67: 12.989499 | BK67: 2.7386258 | BL67: 0 | BM67: 0 | BN67: 0 | BO67: 0 | BP67: 0 | BQ67: 0 | BR67: 0 | BS67: 0 | BT67: 0 | BU67: 0 | BV67: 0 | BW67: 0 | BX67: 0 | BY67: 0 | BZ67: 0 | CA67: 0 | CB67: 0 | CC67: 0 | CD67: 0 | CE67: 0 | CF67: 0 | CG67: 0 | CH67: 0 | CI67: 0 | CJ67: 0 | CK67: 0 | CL67: 0 | CM67: 0 | CN67: 0.33794355 | DM67: 3.529402 | DN67: =SUM(AP67:DM67) -> 99.999991 | DP67: 0.0022926307 | DQ67: 0.46947578 | DR67: 1.2653954 | DS67: 0.25960869 | DT67: 0.32670581 | DU67: 0.026350032 | DV67: 0.27787417 | DW67: 1.0702558 | DX67: 7.1651282 | DY67: 4.4730015 | DZ67: 71.28373 | EA67: 1.5633898 | EB67: 0.33785924 | EC67: 1.3557754 | ED67: 1.3821675 | EE67: 5.547914 | EF67: 1.9786828 | EG67: 1.2052876 | EH67: 0.0091120396
A68: 46126 | C68: 2 | D68: 03:46:48 | E68: 210 | F68: 210 | G68: 24.0017 | H68: 24.0046 | I68: 802.424 | J68: 811.93 | K68: 0 | L68: 0 | M68: 807.314 | N68: 796.275 | O68: 0 | P68: 0 | Q68: 0.391433 | R68: 2000.94 | S68: 2000.03 | T68: 0 | U68: 0 | V68: 2000.04 | W68: 2000.78 | X68: 0 | Y68: 0 | Z68: 220 | AA68: 1.99881 | AB68: 2.001 | AC68: -0.0535465 | AD68: 0.000138104 | AE68: 1.99939 | AF68: 1.99932 | AG68: -0.0858706 | AH68: -0.0183946 | AI68: 21.603677 | AJ68: 59.76373 | AL68: 87.549545 | AM68: 83.592224 | AN68: 15.831462 | AO68: 33.391117 | AP68: 0 | AQ68: 0 | AR68: 0.49647391 | AS68: 0.26112875 | AT68: 0.028739855 | AU68: 72.100586 | AV68: 5.8132515 | AW68: 1.3664631 | AX68: 0 | AY68: 0 | AZ68: 0 | BA68: 0 | BB68: 0 | BC68: 0 | BD68: 0 | BE68: 0 | BF68: 0 | BG68: 0 | BH68: 1.3254993 | BI68: 0.33189207 | BJ68: 12.22916 | BK68: 2.4768801 | BL68: 0 | BM68: 0 | BN68: 0 | BO68: 0 | BP68: 0 | BQ68: 0 | BR68: 0 | BS68: 0 | BT68: 0 | BU68: 0 | BV68: 0 | BW68: 0 | BX68: 0 | BY68: 0 | BZ68: 0 | CA68: 0 | CB68: 0 | CC68: 0 | CD68: 0 | CE68: 0 | CF68: 0 | CG68: 0 | CH68: 0 | CI68: 0 | CJ68: 0 | CK68: 0 | CL68: 0 | CM68: 0 | CN68: 0.30876547 | DM68: 3.261152 | DN68: =SUM(AP68:DM68) -> 99.999992 | DP68: 0.0020181148 | DQ68: 0.49635091 | DR68: 1.3251709 | DS68: 0.26106405 | DT68: 0.33180982 | DU68: 0.028732732 | DV68: 0.28425393 | DW68: 1.071883 | DX68: 6.7161059 | DY68: 4.1538877 | DZ68: 72.082726 | EA68: 1.4503314 | EB68: 0.30868897 | EC68: 1.2282059 | ED68: 1.2480603 | EE68: 5.811811 | EF68: 1.8206854 | EG68: 1.3661245 | EH68: 0.012091354
A69: 46126 | C69: 5 | D69: 05:50:59 | E69: 210 | F69: 209.9 | G69: 23.9974 | H69: 23.9887 | I69: 791.014 | J69: 802.351 | K69: 0 | L69: 0 | M69: 798.661 | N69: 786.281 | O69: 0 | P69: 0 | Q69: 0.32329 | R69: 2000.27 | S69: 2000.55 | T69: 0 | U69: 0 | V69: 2000.12 | W69: 2000.14 | X69: 0 | Y69: 0 | Z69: 219.8 | AA69: 1.99887 | AB69: 2.00199 | AC69: -0.0548852 | AD69: 0.000464379 | AE69: 2.00299 | AF69: 2.0012 | AG69: -0.0715058 | AH69: -0.00622493 | AI69: 23.30355 | AJ69: 58.387087 | AL69: 88.483856 | AM69: 83.613129 | AN69: 16.283033 | AO69: 24.018072 | AP69: 0 | AQ69: 0 | AR69: 0 | AS69: 0 | AT69: 0.0008433332 | AU69: 84.282204 | AV69: 9.7748232 | AW69: 4.7767239 | AX69: 0 | AY69: 0 | AZ69: 0 | BA69: 0 | BB69: 0 | BC69: 0 | BD69: 0 | BE69: 0 | BF69: 0 | BG69: 0 | BH69: 0 | BI69: 0.000852521 | BJ69: 0.41635066 | BK69: 0 | BL69: 0 | BM69: 0 | BN69: 0 | BO69: 0 | BP69: 0 | BQ69: 0 | BR69: 0 | BS69: 0 | BT69: 0 | BU69: 0 | BV69: 0 | BW69: 0 | BX69: 0 | BY69: 0 | BZ69: 0 | CA69: 0 | CB69: 0 | CC69: 0 | CD69: 0 | CE69: 0 | CF69: 0 | CG69: 0 | CH69: 0 | CI69: 0 | CJ69: 0 | CK69: 0 | CL69: 0 | CM69: 0 | CN69: 0.56390631 | DM69: 0.18431851 | DN69: =SUM(AP69:DM69) -> 100.00002 | DP69: 0.0008526941 | DQ69: 0.0008435045 | DR69: 0.0013474312 | DS69: 0.03831676 | DT69: 0.37677103 | DU69: 84.299316 | DV69: 0.56402087 | DW69: 0.0096808271 | DX69: 9.7768087 | DY69: 0.13499381 | DZ69: 4.7776937 | EA69: 0.019359039
A70: 46126 | C70: 6 | D70: 07:55:08 | E70: 210 | F70: 210 | G70: 23.9887 | H70: 24.0046 | I70: 772.031 | J70: 778.003 | K70: 0 | L70: 0 | M70: 775.029 | N70: 767.728 | O70: 0 | P70: 0 | Q70: 0.291912 | R70: 2001.15 | S70: 1999.65 | T70: 0 | U70: 0 | V70: 2000.15 | W70: 2000.56 | X70: 0 | Y70: 0 | Z70: 219.8 | AA70: 1.99961 | AB70: 2.00018 | AC70: -0.0638797 | AD70: 0.00155755 | AE70: 2.00111 | AF70: 2.00621 | AG70: -0.215937 | AH70: -0.0284465 | AI70: 22.062591 | AJ70: 59.381512 | AL70: 86.669556 | AM70: 83.568207 | AN70: 15.799815 | AO70: 39.887512 | AP70: 0 | AQ70: 0 | AR70: 0.83484548 | AS70: 0.41711587 | AT70: 0.043308746 | AU70: 63.326382 | AV70: 3.9273744 | AW70: 0.58277589 | AX70: 0 | AY70: 0 | AZ70: 0 | BA70: 0 | BB70: 0 | BC70: 0 | BD70: 0 | BE70: 0 | BF70: 0 | BG70: 0 | BH70: 2.1020722 | BI70: 0.51894552 | BJ70: 20.919544 | BK70: 3.4033284 | BL70: 0 | BM70: 0 | BN70: 0 | BO70: 0 | BP70: 0 | BQ70: 0 | BR70: 0 | BS70: 0 | BT70: 0 | BU70: 0 | BV70: 0 | BW70: 0 | BX70: 0 | BY70: 0 | BZ70: 0 | CA70: 0 | CB70: 0 | CC70: 0 | CD70: 0 | CE70: 0 | CF70: 0 | CG70: 0 | CH70: 0 | CI70: 0 | CJ70: 0 | CK70: 0 | CL70: 0 | CM70: 0 | CN70: 0.33360311 | DM70: 3.5906847 | DN70: =SUM(AP70:DM70) -> 99.99998 | DP70: 0.0039927792 | DQ70: 0.8334738 | DR70: 2.0986185 | DS70: 0.41643053 | DT70: 0.51809287 | DU70: 0.043237589 | DV70: 0.51158899 | DW70: 1.9430455 | DX70: 11.367533 | DY70: 7.0630059 | DZ70: 63.222336 | EA70: 2.0508053 | EB70: 0.33305499 | EC70: 1.6169431 | ED70: 1.7807934 | EE70: 3.9209216 | EF70: 1.6865951 | EG70: 0.58181834 | EH70: 0.0077154152
A71: 46126 | C71: 1 | D71: 09:59:20 | E71: 210 | F71: 210.1 | G71: 24.0017 | H71: 24.0075 | I71: 782.491 | J71: 778.924 | K71: 0 | L71: 0 | M71: 781.287 | N71: 783.302 | O71: 0 | P71: 0 | Q71: 0.153275 | R71: 1999.14 | S71: 1999.89 | T71: 0 | U71: 0 | V71: 2000.3 | W71: 2000.17 | X71: 0 | Y71: 0 | Z71: 220 | AA71: 2.00172 | AB71: 1.99846 | AC71: -0.0622746 | AD71: 0.000742379 | AE71: 1.99991 | AF71: 1.99562 | AG71: -0.0932925 | AH71: -0.0200622 | AI71: 24.135493 | AJ71: 58.735425 | AL71: 87.588051 | AM71: 83.592957 | AN71: 15.794475 | AO71: 34.010429 | AP71: 0 | AQ71: 0 | AR71: 0.49315065 | AS71: 0.26918036 | AT71: 0.027663922 | AU71: 71.081619 | AV71: 5.478931 | AW71: 1.1864008 | AX71: 0 | AY71: 0 | AZ71: 0 | BA71: 0 | BB71: 0 | BC71: 0 | BD71: 0 | BE71: 0 | BF71: 0 | BG71: 0 | BH71: 1.3216482 | BI71: 0.34050137 | BJ71: 13.239487 | BK71: 2.7426033 | BL71: 0 | BM71: 0 | BN71: 0 | BO71: 0 | BP71: 0 | BQ71: 0 | BR71: 0 | BS71: 0 | BT71: 0 | BU71: 0 | BV71: 0 | BW71: 0 | BX71: 0 | BY71: 0 | BZ71: 0 | CA71: 0 | CB71: 0 | CC71: 0 | CD71: 0 | CE71: 0 | CF71: 0 | CG71: 0 | CH71: 0 | CI71: 0 | CJ71: 0 | CK71: 0 | CL71: 0 | CM71: 0 | CN71: 0.32744518 | DM71: 3.491344 | DN71: =SUM(AP71:DM71) -> 99.999975 | DP71: 0.0021506327 | DQ71: 0.49303234 | DR71: 1.3213311 | DS71: 0.26911578 | DT71: 0.34041968 | DU71: 0.027657285 | DV71: 0.28915483 | DW71: 1.103124 | DX71: 7.2913952 | DY71: 4.5526366 | DZ71: 71.064568 | EA71: 1.5442076 | EB71: 0.32736662 | EC71: 1.3565152 | ED71: 1.3854302 | EE71: 5.4776163 | EF71: 1.9586414 | EG71: 1.1861162 | EH71: 0.0094826613
A72: 46126 | C72: 2 | D72: 12:03:30 | E72: 210.1 | F72: 210 | G72: 23.9685 | H72: 23.9945 | I72: 818.741 | J72: 826.71 | K72: 0 | L72: 0 | M72: 824.364 | N72: 815.303 | O72: 0 | P72: 0 | Q72: 0.286879 | R72: 1999.66 | S72: 1999.88 | T72: 0 | U72: 0 | V72: 2000.01 | W72: 1999.38 | X72: 0 | Y72: 0 | Z72: 220 | AA72: 1.99777 | AB72: 1.99935 | AC72: -0.068468 | AD72: 0.000222918 | AE72: 2.00152 | AF72: 2.00091 | AG72: -0.0946514 | AH72: -0.0116937 | AI72: 21.891292 | AJ72: 59.736104 | AL72: 87.478096 | AM72: 83.590469 | AN72: 15.838501 | AO72: 33.571178 | AP72: 0 | AQ72: 0 | AR72: 0.52015758 | AS72: 0.27075717 | AT72: 0.030609643 | AU72: 71.952614 | AV72: 5.7840433 | AW72: 1.3516668 | AX72: 0 | AY72: 0 | AZ72: 0 | BA72: 0 | BB72: 0 | BC72: 0 | BD72: 0 | BE72: 0 | BF72: 0 | BG72: 0 | BH72: 1.3797464 | BI72: 0.34400856 | BJ72: 12.369984 | BK72: 2.4637632 | BL72: 0 | BM72: 0 | BN72: 0 | BO72: 0 | BP72: 0 | BQ72: 0 | BR72: 0 | BS72: 0 | BT72: 0 | BU72: 0 | BV72: 0 | BW72: 0 | BX72: 0 | BY72: 0 | BZ72: 0 | CA72: 0 | CB72: 0 | CC72: 0 | CD72: 0 | CE72: 0 | CF72: 0 | CG72: 0 | CH72: 0 | CI72: 0 | CJ72: 0 | CK72: 0 | CL72: 0 | CM72: 0 | CN72: 0.30611411 | DM72: 3.2265525 | DN72: =SUM(AP72:DM72) -> 100.00002 | DP72: 0.0018223564 | DQ72: 0.51999623 | DR72: 1.3793184 | DS72: 0.27067316 | DT72: 0.34390184 | DU72: 0.030600147 | DV72: 0.29523632 | DW72: 1.0987387 | DX72: 6.7860012 | DY72: 4.1861696 | DZ72: 71.93029 | EA72: 1.4564761 | EB72: 0.30601913 | EC72: 1.2211709 | ED72: 1.241828 | EE72: 5.782249 | EF72: 1.7868979 | EG72: 1.3512474 | EH72: 0.011352533
A73: 46126 | C73: 5 | D73: 14:07:40 | E73: 210 | F73: 210 | G73: 23.9916 | H73: 24.0061 | I73: 776.346 | J73: 769.108 | K73: 0 | L73: 0 | M73: 772.121 | N73: 780.001 | O73: 0 | P73: 0 | Q73: 0.315063 | R73: 2000.43 | S73: 1999.38 | T73: 0 | U73: 0 | V73: 2000.04 | W73: 2000.07 | X73: 0 | Y73: 0 | Z73: 220 | AA73: 2.00022 | AB73: 1.99983 | AC73: -0.0721697 | AD73: 0.00445736 | AE73: 1.99845 | AF73: 2.00081 | AG73: -0.110865 | AH73: 0.142797 | AI73: 24.019653 | AJ73: 58.323152 | AL73: 88.479286 | AM73: 83.612892 | AN73: 16.283804 | AO73: 24.022018 | AP73: 0 | AQ73: 0 | AR73: 0 | AS73: 0 | AT73: 0.0010739859 | AU73: 84.318817 | AV73: 9.7390509 | AW73: 4.7826157 | AX73: 0 | AY73: 0 | AZ73: 0 | BA73: 0 | BB73: 0 | BC73: 0 | BD73: 0 | BE73: 0 | BF73: 0 | BG73: 0 | BH73: 0.0007011844 | BI73: 0.0005851584 | BJ73: 0.41795844 | BK73: 0.0010100541 | BL73: 0 | BM73: 0 | BN73: 0 | BO73: 0 | BP73: 0 | BQ73: 0 | BR73: 0 | BS73: 0 | BT73: 0 | BU73: 0 | BV73: 0 | BW73: 0 | BX73: 0 | BY73: 0 | BZ73: 0 | CA73: 0 | CB73: 0 | CC73: 0 | CD73: 0 | CE73: 0 | CF73: 0 | CG73: 0 | CH73: 0 | CI73: 0 | CJ73: 0 | CK73: 0 | CL73: 0 | CM73: 0 | CN73: 0.55734307 | DM73: 0.18085279 | DN73: =SUM(AP73:DM73) -> 100.00001 | DP73: 0.0007013229 | DQ73: 0.0005852739 | DR73: 0.0010741981 | DS73: 0.0013118958 | DT73: 0.039365552 | DU73: 0.3773635 | DV73: 84.335464 | DW73: 0.5574531 | DX73: 0.0010102536 | DY73: 0.01008862 | DZ73: 9.7409735 | EA73: 0.13288079 | EB73: 4.7835603 | EC73: 0.01815613
A74: 46126 | C74: 6 | D74: 16:11:51 | E74: 210 | F74: 210.1 | G74: 24.0249 | H74: 24.0017 | I74: 722.526 | J74: 729.544 | K74: 0 | L74: 0 | M74: 725.429 | N74: 720.151 | O74: 0 | P74: 0 | Q74: 0.312617 | R74: 1999.87 | S74: 1999.62 | T74: 0 | U74: 0 | V74: 2000.18 | W74: 2000.47 | X74: 0 | Y74: 0 | Z74: 220 | AA74: 1.99876 | AB74: 2.00216 | AC74: -0.0727839 | AD74: 0.00666025 | AE74: 1.99895 | AF74: 1.99987 | AG74: -0.10649 | AH74: 0.0184102 | AI74: 22.126512 | AJ74: 58.993846 | AL74: 86.683136 | AM74: 83.56871 | AN74: 15.799384 | AO74: 39.624306 | AP74: 0 | AQ74: 0 | AR74: 0.83294874 | AS74: 0.41512775 | AT74: 0.043314569 | AU74: 63.711506 | AV74: 4.0092373 | AW74: 0.60856706 | AX74: 0 | AY74: 0 | AZ74: 0 | BA74: 0 | BB74: 0 | BC74: 0 | BD74: 0 | BE74: 0 | BF74: 0 | BG74: 0 | BH74: 2.0961797 | BI74: 0.51816607 | BJ74: 20.489162 | BK74: 3.3465061 | BL74: 0 | BM74: 0 | BN74: 0 | BO74: 0 | BP74: 0 | BQ74: 0 | BR74: 0 | BS74: 0 | BT74: 0 | BU74: 0 | BV74: 0 | BW74: 0 | BX74: 0 | BY74: 0 | BZ74: 0 | CA74: 0 | CB74: 0 | CC74: 0 | CD74: 0 | CE74: 0 | CF74: 0 | CG74: 0 | CH74: 0 | CI74: 0 | CJ74: 0 | CK74: 0 | CL74: 0 | CM74: 0 | CN74: 0.33845997 | DM74: 3.5908077 | DN74: =SUM(AP74:DM74) -> 99.999983 | DP74: 0.0041010156 | DQ74: 0.83155519 | DR74: 2.0926728 | DS74: 0.41443324 | DT74: 0.51729918 | DU74: 0.043242104 | DV74: 0.49968314 | DW74: 1.9054618 | DX74: 11.123491 | DY74: 6.9262466 | DZ74: 63.604919 | EA74: 2.0607631 | EB74: 0.33789372 | EC74: 1.5903844 | ED74: 1.7505232 | EE74: 4.0025301 | EF74: 1.6794845 | EG74: 0.60754889 | EH74: 0.0077705658
A75: 46126 | C75: 1 | D75: 18:16:03 | E75: 210 | F75: 210.1 | G75: 24.0046 | H75: 24.0119 | I75: 814.668 | J75: 809.697 | K75: 0 | L75: 0 | M75: 811.698 | N75: 816.971 | O75: 0 | P75: 0 | Q75: 0.173636 | R75: 2000.21 | S75: 1999.75 | T75: 0 | U75: 0 | V75: 1999.35 | W75: 1999.55 | X75: 0 | Y75: 0 | Z75: 220 | AA75: 2.00195 | AB75: 2.00026 | AC75: -0.0745692 | AD75: 0.00780707 | AE75: 2.00113 | AF75: 1.99926 | AG75: -0.0866849 | AH75: -0.0104854 | AI75: 23.649645 | AJ75: 58.601181 | AL75: 87.57505 | AM75: 83.590927 | AN75: 15.798719 | AO75: 33.896465 | AP75: 0 | AQ75: 0 | AR75: 0.499246 | AS75: 0.27115038 | AT75: 0.028437527 | AU75: 71.241249 | AV75: 5.5525651 | AW75: 1.2269865 | AX75: 0 | AY75: 0 | AZ75: 0 | BA75: 0 | BB75: 0 | BC75: 0 | BD75: 0 | BE75: 0 | BF75: 0 | BG75: 0 | BH75: 1.3411186 | BI75: 0.34210613 | BJ75: 13.021217 | BK75: 2.6866384 | BL75: 0 | BM75: 0 | BN75: 0 | BO75: 0 | BP75: 0 | BQ75: 0 | BR75: 0 | BS75: 0 | BT75: 0 | BU75: 0 | BV75: 0 | BW75: 0 | BX75: 0 | BY75: 0 | BZ75: 0 | CA75: 0 | CB75: 0 | CC75: 0 | CD75: 0 | CE75: 0 | CF75: 0 | CG75: 0 | CH75: 0 | CI75: 0 | CJ75: 0 | CK75: 0 | CL75: 0 | CM75: 0 | CN75: 0.32274285 | DM75: 3.4665244 | DN75: =SUM(AP75:DM75) -> 99.999982 | DP75: 0.020164505 | DQ75: 0.49913388 | DR75: 1.3408173 | DS75: 0.27108949 | DT75: 0.3420293 | DU75: 0.02843114 | DV75: 0.30435622 | DW75: 1.0964929 | DX75: 7.155056 | DY75: 4.462388 | DZ75: 71.22525 | EA75: 1.5212263 | EB75: 0.32267037 | EC75: 1.3296304 | ED75: 1.3564045 | EE75: 5.5513182 | EF75: 1.9366837 | EG75: 1.2267109 | EH75: 0.010134081
A76: 46126 | C76: 2 | D76: 20:20:13 | E76: 210 | F76: 210 | G76: 24.0003 | H76: 24.0003 | I76: 770.167 | J76: 764.72 | K76: 0 | L76: 0 | M76: 767.319 | N76: 772.637 | O76: 0 | P76: 0 | Q76: 0.23642 | R76: 1999.95 | S76: 2000.03 | T76: 0 | U76: 0 | V76: 2000.22 | W76: 2000.12 | X76: 0 | Y76: 0 | Z76: 219.9 | AA76: 1.99829 | AB76: 2.00104 | AC76: -0.0737049 | AD76: 0.00768142 | AE76: 1.99829 | AF76: 1.99869 | AG76: -0.105903 | AH76: -0.0398421 | AI76: 21.064315 | AJ76: 60.184033 | AL76: 87.41938 | AM76: 83.588982 | AN76: 15.845531 | AO76: 33.606133 | AP76: 0 | AQ76: 0 | AR76: 0.5451113 | AS76: 0.28080022 | AT76: 0.032575335 | AU76: 71.901939 | AV76: 5.8349595 | AW76: 1.3993284 | AX76: 0 | AY76: 0 | AZ76: 0 | BA76: 0 | BB76: 0 | BC76: 0 | BD76: 0 | BE76: 0 | BF76: 0 | BG76: 0 | BH76: 1.4447523 | BI76: 0.35720831 | BJ76: 12.301748 | BK76: 2.4134727 | BL76: 0 | BM76: 0 | BN76: 0 | BO76: 0 | BP76: 0 | BQ76: 0 | BR76: 0 | BS76: 0 | BT76: 0 | BU76: 0 | BV76: 0 | BW76: 0 | BX76: 0 | BY76: 0 | BZ76: 0 | CA76: 0 | CB76: 0 | CC76: 0 | CD76: 0 | CE76: 0 | CF76: 0 | CG76: 0 | CH76: 0 | CI76: 0 | CJ76: 0 | CK76: 0 | CL76: 0 | CM76: 0 | CN76: 0.29714596 | DM76: 3.1909475 | DN76: =SUM(AP76:DM76) -> 99.999989 | DP76: 0.0018931719 | DQ76: 0.54493481 | DR76: 1.4442844 | DS76: 0.28070933 | DT76: 0.35709265 | DU76: 0.032564785 | DV76: 0.30416819 | DW76: 1.1143506 | DX76: 6.7418532 | DY76: 4.1373935 | DZ76: 71.878662 | EA76: 1.4460415 | EB76: 0.29704976 | EC76: 1.1969066 | ED76: 1.2157845 | EE76: 5.8330703 | EF76: 1.7641792 | EG76: 1.3988754 | EH76: 0.010160338
A77: 46126 | C77: 5 | D77: 22:24:23 | E77: 210 | F77: 210 | G77: 24.0307 | H77: 24.0046 | I77: 769.462 | J77: 779.392 | K77: 0 | L77: 0 | M77: 774.034 | N77: 764.005 | O77: 0 | P77: 0 | Q77: 0.265488 | R77: 1999.9 | S77: 2000.11 | T77: 0 | U77: 0 | V77: 1999.4 | W77: 1999.44 | X77: 0 | Y77: 0 | Z77: 220 | AA77: 2.00108 | AB77: 1.99821 | AC77: -0.0769153 | AD77: 0.00866159 | AE77: 2.00063 | AF77: 1.99601 | AG77: -0.0916104 | AH77: -0.0239933 | AI77: 22.271167 | AJ77: 59.102756 | AL77: 88.506477 | AM77: 83.613586 | AN77: 16.2827 | AO77: 23.972279 | AP77: 0 | AQ77: 0 | AR77: 0 | AS77: 0 | AT77: 0.0006877764 | AU77: 84.172119 | AV77: 9.7981176 | AW77: 4.8665195 | AX77: 0 | AY77: 0 | AZ77: 0 | BA77: 0 | BB77: 0 | BC77: 0 | BD77: 0 | BE77: 0 | BF77: 0 | BG77: 0 | BH77: 0.000792319 | BI77: 0 | BJ77: 0.41700739 | BK77: 0 | BL77: 0 | BM77: 0 | BN77: 0 | BO77: 0 | BP77: 0 | BQ77: 0 | BR77: 0 | BS77: 0 | BT77: 0 | BU77: 0 | BV77: 0 | BW77: 0 | BX77: 0 | BY77: 0 | BZ77: 0 | CA77: 0 | CB77: 0 | CC77: 0 | CD77: 0 | CE77: 0 | CF77: 0 | CG77: 0 | CH77: 0 | CI77: 0 | CJ77: 0 | CK77: 0 | CL77: 0 | CM77: 0 | CN77: 0.56116271 | DM77: 0.18357882 | DN77: =SUM(AP77:DM77) -> 99.999985 | DP77: 0.0007924784 | DQ77: 0.0006879148 | DR77: 0.0014345761 | DS77: 0.038807828 | DT77: 0.37684891 | DU77: 84.189064 | DV77: 0.56127566 | DW77: 0.010071771 | DX77: 9.8000898 | DY77: 0.13501443 | DZ77: 4.8674989 | EA77: 0.018417943
A78: 46127 | C78: 6 | D78: 00:28:34 | E78: 210.1 | F78: 210 | G78: 23.9352 | H78: 23.9988 | I78: 723.296 | J78: 712.025 | K78: 0 | L78: 0 | M78: 716.289 | N78: 726.701 | O78: 0 | P78: 0 | Q78: 0.373695 | R78: 2000.34 | S78: 2000.44 | T78: 0 | U78: 0 | V78: 1999.73 | W78: 1999.68 | X78: 0 | Y78: 0 | Z78: 220.1 | AA78: 1.99988 | AB78: 1.99759 | AC78: -0.0621744 | AD78: 0.00981199 | AE78: 1.9981 | AF78: 1.99444 | AG78: -0.0603029 | AH78: -0.0150438 | AI78: 21.40882 | AJ78: 59.786491 | AL78: 86.527649 | AM78: 83.564903 | AN78: 15.813015 | AO78: 40.133438 | AP78: 0 | AQ78: 0 | AR78: 0.89115357 | AS78: 0.43743467 | AT78: 0.046864435 | AU78: 63.133514 | AV78: 3.9370451 | AW78: 0.59261322 | AX78: 0 | AY78: 0 | AZ78: 0 | BA78: 0 | BB78: 0 | BC78: 0 | BD78: 0 | BE78: 0 | BF78: 0 | BG78: 0 | BH78: 2.2288764 | BI78: 0.54488468 | BJ78: 20.996485 | BK78: 3.3352191 | BL78: 0 | BM78: 0 | BN78: 0 | BO78: 0 | BP78: 0 | BQ78: 0 | BR78: 0 | BS78: 0 | BT78: 0 | BU78: 0 | BV78: 0 | BW78: 0 | BX78: 0 | BY78: 0 | BZ78: 0 | CA78: 0 | CB78: 0 | CC78: 0 | CD78: 0 | CE78: 0 | CF78: 0 | CG78: 0 | CH78: 0 | CI78: 0 | CJ78: 0 | CK78: 0 | CL78: 0 | CM78: 0 | CN78: 0.32852149 | DM78: 3.527374 | DN78: =SUM(AP78:DM78) -> 99.999986 | DP78: 0.0041469522 | DQ78: 0.88965905 | DR78: 2.2251384 | DS78: 0.43670106 | DT78: 0.54397088 | DU78: 0.046785839 | DV78: 0.53356981 | DW78: 1.9883175 | DX78: 11.38901 | DY78: 7.0503755 | DZ78: 63.027637 | EA78: 2.0352819 | EB78: 0.32797053 | EC78: 1.584255 | ED78: 1.7453707 | EE78: 3.9304423 | EF78: 1.6408085 | EG78: 0.59161937 | EH78: 0.0088737281
A79: 46127 | C79: 1 | D79: 02:32:46 | E79: 209.9 | F79: 209.9 | G79: 23.9786 | H79: 23.9945 | I79: 802.818 | J79: 798.471 | K79: 0 | L79: 0 | M79: 799.674 | N79: 805.312 | O79: 0 | P79: 0 | Q79: 0.383074 | R79: 2000.62 | S79: 1999.83 | T79: 0 | U79: 0 | V79: 1999.46 | W79: 1999.39 | X79: 0 | Y79: 0 | Z79: 220 | AA79: 1.99978 | AB79: 2.00117 | AC79: -0.0639634 | AD79: 0.00366142 | AE79: 2.00097 | AF79: 1.99931 | AG79: -0.124092 | AH79: -0.0429321 | AI79: 23.9095 | AJ79: 58.497075 | AL79: 87.552452 | AM79: 83.592186 | AN79: 15.804708 | AO79: 33.812298 | AP79: 0 | AQ79: 0 | AR79: 0.50919276 | AS79: 0.27668047 | AT79: 0.029102512 | AU79: 71.340599 | AV79: 5.624774 | AW79: 1.2604653 | AX79: 0 | AY79: 0 | AZ79: 0 | BA79: 0 | BB79: 0 | BC79: 0 | BD79: 0 | BE79: 0 | BF79: 0 | BG79: 0 | BH79: 1.3648404 | BI79: 0.34683186 | BJ79: 12.839459 | BK79: 2.6563492 | BL79: 0 | BM79: 0 | BN79: 0 | BO79: 0 | BP79: 0 | BQ79: 0 | BR79: 0 | BS79: 0 | BT79: 0 | BU79: 0 | BV79: 0 | BW79: 0 | BX79: 0 | BY79: 0 | BZ79: 0 | CA79: 0 | CB79: 0 | CC79: 0 | CD79: 0 | CE79: 0 | CF79: 0 | CG79: 0 | CH79: 0 | CI79: 0 | CJ79: 0 | CK79: 0 | CL79: 0 | CM79: 0 | CN79: 0.3201215 | DM79: 3.4315557 | DN79: =SUM(AP79:DM79) -> 99.999972 | DP79: 0.0022232083 | DQ79: 0.5090813 | DR79: 1.3645416 | DS79: 0.27661988 | DT79: 0.34675592 | DU79: 0.029096141 | DV79: 0.2885963 | DW79: 1.090167 | DX79: 7.0662293 | DY79: 4.3916559 | DZ79: 71.324982 | EA79: 1.5122758 | EB79: 0.32005143 | EC79: 1.3147185 | ED79: 1.3410492 | EE79: 5.6235423 | EF79: 1.929096 | EG79: 1.2601894 | EH79: 0.0091257244
A80: 46127 | C80: 2 | D80: 04:36:57 | E80: 210 | F80: 210 | G80: 23.98 | H80: 23.996 | I80: 792.003 | J80: 795.491 | K80: 0 | L80: 0 | M80: 793.995 | N80: 789.276 | O80: 0 | P80: 0 | Q80: 0.498802 | R80: 1999.89 | S80: 1999.55 | T80: 0 | U80: 0 | V80: 2000.22 | W80: 2000.27 | X80: 0 | Y80: 0 | Z80: 219.8 | AA80: 2.00117 | AB80: 2.00244 | AC80: -0.0623507 | AD80: -0.000329077 | AE80: 2.00063 | AF80: 1.9952 | AG80: -0.117717 | AH80: -0.027302 | AI80: 22.010753 | AJ80: 59.325757 | AL80: 87.36911 | AM80: 83.587769 | AN80: 15.852027 | AO80: 33.656052 | AP80: 0 | AQ80: 0 | AR80: 0.56185895 | AS80: 0.28827646 | AT80: 0.03408597 | AU80: 71.909744 | AV80: 5.841608 | AW80: 1.3942356 | AX80: 0 | AY80: 0 | AZ80: 0 | BA80: 0 | BB80: 0 | BC80: 0 | BD80: 0 | BE80: 0 | BF80: 0 | BG80: 0 | BH80: 1.4830419 | BI80: 0.36571094 | BJ80: 12.271649 | BK80: 2.3992038 | BL80: 0 | BM80: 0 | BN80: 0 | BO80: 0 | BP80: 0 | BQ80: 0 | BR80: 0 | BS80: 0 | BT80: 0 | BU80: 0 | BV80: 0 | BW80: 0 | BX80: 0 | BY80: 0 | BZ80: 0 | CA80: 0 | CB80: 0 | CC80: 0 | CD80: 0 | CE80: 0 | CF80: 0 | CG80: 0 | CH80: 0 | CI80: 0 | CJ80: 0 | CK80: 0 | CL80: 0 | CM80: 0 | CN80: 0.29368049 | DM80: 3.1568875 | DN80: =SUM(AP80:DM80) -> 99.999983 | DP80: 0.0018607673 | DQ80: 0.56166792 | DR80: 1.4825376 | DS80: 0.28817844 | DT80: 0.36558661 | DU80: 0.034074385 | DV80: 0.30533749 | DW80: 1.1185198 | DX80: 6.7238779 | DY80: 4.1197424 | DZ80: 71.885292 | EA80: 1.4372422 | EB80: 0.29358065 | EC80: 1.1894343 | ED80: 1.2089539 | EE80: 5.839622 | EF80: 1.7361636 | EG80: 1.3937616 | EH80: 0.014560122
A81: 46127 | C81: 5 | D81: 06:41:07 | E81: 210 | F81: 210 | G81: 23.9902 | H81: 24.0046 | I81: 804.505 | J81: 810.898 | K81: 0 | L81: 0 | M81: 807.984 | N81: 799.885 | O81: 0 | P81: 0 | Q81: 0.0612714 | R81: 2001 | S81: 1999.97 | T81: 0 | U81: 0 | V81: 2000.05 | W81: 1999.95 | X81: 0 | Y81: 0 | Z81: 220 | AA81: 1.99854 | AB81: 1.99884 | AC81: -0.0530432 | AD81: 0.00176753 | AE81: 2.00124 | AF81: 2.00504 | AG81: -0.0681942 | AH81: -0.0238682 | AI81: 23.577529 | AJ81: 58.098917 | AL81: 88.504211 | AM81: 83.613525 | AN81: 16.282749 | AO81: 23.976301 | AP81: 0 | AQ81: 0 | AR81: 0 | AS81: 0 | AT81: 0.0005273211 | AU81: 84.186249 | AV81: 9.7910929 | AW81: 4.8598752 | AX81: 0 | AY81: 0 | AZ81: 0 | BA81: 0 | BB81: 0 | BC81: 0 | BD81: 0 | BE81: 0 | BF81: 0 | BG81: 0 | BH81: 0.0009772081 | BI81: 0 | BJ81: 0.4180119 | BK81: 0 | BL81: 0 | BM81: 0 | BN81: 0 | BO81: 0 | BP81: 0 | BQ81: 0 | BR81: 0 | BS81: 0 | BT81: 0 | BU81: 0 | BV81: 0 | BW81: 0 | BX81: 0 | BY81: 0 | BZ81: 0 | CA81: 0 | CB81: 0 | CC81: 0 | CD81: 0 | CE81: 0 | CF81: 0 | CG81: 0 | CH81: 0 | CI81: 0 | CJ81: 0 | CK81: 0 | CL81: 0 | CM81: 0 | CN81: 0.55943722 | DM81: 0.18383896 | DN81: =SUM(AP81:DM81) -> 100.00001 | DP81: 0.000977406 | DQ81: 0.0005274278 | DR81: 0.0015794575 | DS81: 0.039264958 | DT81: 0.3772521 | DU81: 84.203293 | DV81: 0.55955052 | DW81: 0.0096772807 | DX81: 9.7930756 | DY81: 0.13576326 | DZ81: 4.8608594 | EA81: 0.018172786
A82: 46127 | C82: 6 | D82: 08:45:19 | E82: 209.9 | F82: 210.1 | G82: 23.9742 | H82: 24.0017 | I82: 771.665 | J82: 760.171 | K82: 0 | L82: 0 | M82: 766.405 | N82: 776.153 | O82: 0 | P82: 0 | Q82: 0.270889 | R82: 2000.8 | S82: 1999.39 | T82: 0 | U82: 0 | V82: 1999.8 | W82: 2000.85 | X82: 0 | Y82: 0 | Z82: 219.9 | AA82: 2.00095 | AB82: 1.99595 | AC82: -0.0603773 | AD82: 0.00102852 | AE82: 2.00202 | AF82: 1.99374 | AG82: -0.118664 | AH82: -0.0115477 | AI82: 22.284854 | AJ82: 59.110517 | AL82: 86.571182 | AM82: 83.566238 | AN82: 15.816084 | AO82: 39.621273 | AP82: 0 | AQ82: 0 | AR82: 0.87244344 | AS82: 0.43238667 | AT82: 0.046696167 | AU82: 63.884224 | AV82: 4.0698338 | AW82: 0.63300669 | AX82: 0 | AY82: 0 | AZ82: 0 | BA82: 0 | BB82: 0 | BC82: 0 | BD82: 0 | BE82: 0 | BF82: 0 | BG82: 0 | BH82: 2.1900656 | BI82: 0.53572506 | BJ82: 20.232183 | BK82: 3.2757287 | BL82: 0 | BM82: 0 | BN82: 0 | BO82: 0 | BP82: 0 | BQ82: 0 | BR82: 0 | BS82: 0 | BT82: 0 | BU82: 0 | BV82: 0 | BW82: 0 | BX82: 0 | BY82: 0 | BZ82: 0 | CA82: 0 | CB82: 0 | CC82: 0 | CD82: 0 | CE82: 0 | CF82: 0 | CG82: 0 | CH82: 0 | CI82: 0 | CJ82: 0 | CK82: 0 | CL82: 0 | CM82: 0 | CN82: 0.32624018 | DM82: 3.5014541 | DN82: =SUM(AP82:DM82) -> 99.999988 | DP82: 0.0038670199 | DQ82: 0.87107813 | DR82: 2.1866384 | DS82: 0.43171003 | DT82: 0.53488666 | DU82: 0.046623092 | DV82: 0.50584805 | DW82: 1.9123745 | DX82: 10.975049 | DY82: 6.807251 | DZ82: 63.784252 | EA82: 1.9875795 | EB82: 0.32572964 | EC82: 1.5564828 | ED82: 1.7141198 | EE82: 4.0634646 | EF82: 1.6530735 | EG82: 0.63201606 | EH82: 0.0079770172
A83: 46127 | C83: 1 | D83: 10:49:30 | E83: 209.9 | F83: 210.1 | G83: 23.9728 | H83: 24.0133 | I83: 782.658 | J83: 789.769 | K83: 0 | L83: 0 | M83: 786.162 | N83: 776.264 | O83: 0 | P83: 0 | Q83: 0.366123 | R83: 1999.58 | S83: 2000.33 | T83: 0 | U83: 0 | V83: 2000.03 | W83: 1999.86 | X83: 0 | Y83: 0 | Z83: 220.1 | AA83: 1.99778 | AB83: 1.99857 | AC83: -0.0721728 | AD83: -0.00402272 | AE83: 1.9988 | AF83: 1.99521 | AG83: -0.271821 | AH83: -0.0230376 | AI83: 24.123019 | AJ83: 58.451644 | AL83: 87.500252 | AM83: 83.590965 | AN83: 15.809732 | AO83: 33.942863 | AP83: 0 | AQ83: 0 | AR83: 0.5263921 | AS83: 0.28274921 | AT83: 0.03019662 | AU83: 71.251747 | AV83: 5.5820999 | AW83: 1.2541046 | AX83: 0 | AY83: 0 | AZ83: 0 | BA83: 0 | BB83: 0 | BC83: 0 | BD83: 0 | BE83: 0 | BF83: 0 | BG83: 0 | BH83: 1.4032989 | BI83: 0.35517904 | BJ83: 12.940994 | BK83: 2.6484337 | BL83: 0 | BM83: 0 | BN83: 0 | BO83: 0 | BP83: 0 | BQ83: 0 | BR83: 0 | BS83: 0 | BT83: 0 | BU83: 0 | BV83: 0 | BW83: 0 | BX83: 0 | BY83: 0 | BZ83: 0 | CA83: 0 | CB83: 0 | CC83: 0 | CD83: 0 | CE83: 0 | CF83: 0 | CG83: 0 | CH83: 0 | CI83: 0 | CJ83: 0 | CK83: 0 | CL83: 0 | CM83: 0 | CN83: 0.31769383 | DM83: 3.4071333 | DN83: =SUM(AP83:DM83) -> 100.00002 | DP83: 0.0020400945 | DQ83: 0.5262779 | DR83: 1.4029945 | DS83: 0.28268784 | DT83: 0.355102 | DU83: 0.030190071 | DV83: 0.29582018 | DW83: 1.1078508 | DX83: 7.1196408 | DY83: 4.414875 | DZ83: 71.23629 | EA83: 1.5012786 | EB83: 0.3176249 | EC83: 1.31021 | ED83: 1.3376491 | EE83: 5.5808892 | EF83: 1.9144458 | EG83: 1.2538326 | EH83: 0.010307333
A84: 46127 | C84: 2 | D84: 12:53:41 | E84: 221.5 | F84: 221.5 | G84: 23.9902 | H84: 24.0017 | I84: 753.036 | J84: 742.826 | K84: 0 | L84: 0 | M84: 746.692 | N84: 755.942 | O84: 0 | P84: 0 | Q84: 0.276368 | R84: 1999.65 | S84: 2000.49 | T84: 0 | U84: 0 | V84: 2000.2 | W84: 1999.88 | X84: 0 | Y84: 0 | Z84: 220 | AA84: 1.99909 | AB84: 1.99958 | AC84: -0.0639178 | AD84: -0.00529159 | AE84: 2.00114 | AF84: 1.9979 | AG84: -0.101896 | AH84: -0.0283901 | AI84: 21.083999 | AJ84: 59.723866 | AL84: 85.224861 | AM84: 83.532288 | AN84: 15.925896 | AO84: 44.554882 | AP84: 0 | AQ84: 0 | AR84: 1.4480058 | AS84: 0.58767968 | AT84: 0.1016852 | AU84: 58.106644 | AV84: 3.3313584 | AW84: 0.50303411 | AX84: 0 | AY84: 0 | AZ84: 0 | BA84: 0 | BB84: 0 | BC84: 0 | BD84: 0 | BE84: 0 | BF84: 0 | BG84: 0 | BH84: 3.261636 | BI84: 0.73033798 | BJ84: 25.594398 | BK84: 3.0303698 | BL84: 0 | BM84: 0 | BN84: 0 | BO84: 0 | BP84: 0 | BQ84: 0 | BR84: 0 | BS84: 0 | BT84: 0 | BU84: 0 | BV84: 0 | BW84: 0 | BX84: 0 | BY84: 0 | BZ84: 0 | CA84: 0 | CB84: 0 | CC84: 0 | CD84: 0 | CE84: 0 | CF84: 0 | CG84: 0 | CH84: 0 | CI84: 0 | CJ84: 0 | CK84: 0 | CL84: 0 | CM84: 0 | CN84: 0.30508706 | DM84: 2.9997542 | DN84: =SUM(AP84:DM84) -> 99.99999 | DP84: 0.0052005877 | DQ84: 1.4449122 | DR84: 3.254668 | DS84: 0.58642417 | DT84: 0.72877771 | DU84: 0.10146797 | DV84: 0.92172897 | DW84: 2.599566 | DX84: 13.571485 | DY84: 8.4469376 | DZ84: 57.982502 | EA84: 1.966696 | EB84: 0.30443525 | EC84: 1.4347421 | ED84: 1.5891536 | EE84: 3.3242412 | EF84: 1.2149839 | EG84: 0.50195944 | EH84: 0.020139484
A85: 46127 | C85: 5 | D85: 14:57:52 | E85: 220 | F85: 220 | G85: 24.0104 | H85: 24.0003 | I85: 794.951 | J85: 789.287 | K85: 0 | L85: 0 | M85: 791.833 | N85: 797.092 | O85: 0 | P85: 0 | Q85: 0.301836 | R85: 2000.28 | S85: 1999.97 | T85: 0 | U85: 0 | V85: 1999.97 | W85: 2000.04 | X85: 0 | Y85: 0 | Z85: 220 | AA85: 1.99746 | AB85: 1.99692 | AC85: -0.0667818 | AD85: -0.00405118 | AE85: 2.00071 | AF85: 2.00344 | AG85: -0.102283 | AH85: -0.0293005 | AI85: 23.665031 | AJ85: 57.751728 | AL85: 88.510086 | AM85: 83.613747 | AN85: 16.282888 | AO85: 23.967455 | AP85: 0 | AQ85: 0 | AR85: 0 | AS85: 0 | AT85: 0.0004618811 | AU85: 84.146248 | AV85: 9.8028908 | AW85: 4.8838248 | AX85: 0 | AY85: 0 | AZ85: 0 | BA85: 0 | BB85: 0 | BC85: 0 | BD85: 0 | BE85: 0 | BF85: 0 | BG85: 0 | BH85: 0.0009679407 | BI85: 0 | BJ85: 0.41776508 | BK85: 0.0010001431 | BL85: 0 | BM85: 0 | BN85: 0 | BO85: 0 | BP85: 0 | BQ85: 0 | BR85: 0 | BS85: 0 | BT85: 0 | BU85: 0 | BV85: 0 | BW85: 0 | BX85: 0 | BY85: 0 | BZ85: 0 | CA85: 0 | CB85: 0 | CC85: 0 | CD85: 0 | CE85: 0 | CF85: 0 | CG85: 0 | CH85: 0 | CI85: 0 | CJ85: 0 | CK85: 0 | CL85: 0 | CM85: 0 | CN85: 0.56555343 | DM85: 0.18128501 | DN85: =SUM(AP85:DM85) -> 99.999997 | DP85: 0.0009681351 | DQ85: 0.0004619739 | DR85: 0.0014551455 | DS85: 0.039229445 | DT85: 0.37716439 | DU85: 84.163147 | DV85: 0.56566697 | DW85: 0.0010003441 | DX85: 0.0092647346 | DY85: 9.8048592 | DZ85: 0.13489468 | EA85: 4.8848062 | EB85: 0.017097145
A86: 46127 | C86: 6 | D86: 17:02:04 | E86: 220 | F86: 220 | G86: 24.0017 | H86: 24.0046 | I86: 748.504 | J86: 737.686 | K86: 0 | L86: 0 | M86: 742.765 | N86: 753.138 | O86: 0 | P86: 0 | Q86: 0.360547 | R86: 1999.97 | S86: 1999.77 | T86: 0 | U86: 0 | V86: 2000.12 | W86: 1999.79 | X86: 0 | Y86: 0 | Z86: 219.9 | AA86: 1.99763 | AB86: 2.00093 | AC86: -0.0660764 | AD86: -0.000613588 | AE86: 2.00105 | AF86: 1.99017 | AG86: -0.0742276 | AH86: -0.0362903 | AI86: 21.625655 | AJ86: 58.698648 | AL86: 84.152771 | AM86: 83.502213 | AN86: 15.988667 | AO86: 52.735004 | AP86: 0 | AQ86: 0 | AR86: 1.9107325 | AS86: 0.71257764 | AT86: 0.11463661 | AU86: 46.785427 | AV86: 1.8391392 | AW86: 0.1219501 | AX86: 0 | AY86: 0 | AZ86: 0 | BA86: 0 | BB86: 0 | BC86: 0 | BD86: 0 | BE86: 0 | BF86: 0 | BG86: 0 | BH86: 4.0708671 | BI86: 0.85374349 | BJ86: 37.203991 | BK86: 3.2941089 | BL86: 0 | BM86: 0 | BN86: 0 | BO86: 0 | BP86: 0 | BQ86: 0 | BR86: 0 | BS86: 0 | BT86: 0 | BU86: 0 | BV86: 0 | BW86: 0 | BX86: 0 | BY86: 0 | BZ86: 0 | CA86: 0 | CB86: 0 | CC86: 0 | CD86: 0 | CE86: 0 | CF86: 0 | CG86: 0 | CH86: 0 | CI86: 0 | CJ86: 0 | CK86: 0 | CL86: 0 | CM86: 0 | CN86: 0.33516353 | DM86: 2.7576389 | DN86: =SUM(AP86:DM86) -> 99.999976 | DP86: 0.0089969775 | DQ86: 1.9037639 | DR86: 4.0560203 | DS86: 0.70997882 | DT86: 0.85062981 | DU86: 0.11421851 | DV86: 1.4054945 | DW86: 4.0172181 | DX86: 19.419519 | DY86: 12.226074 | DZ86: 46.614799 | EA86: 2.3657572 | EB86: 0.33394116 | EC86: 1.5294681 | ED86: 1.7526269 | EE86: 1.8324317 | EF86: 0.72553146 | EG86: 0.12150534 | EH86: 0.012009938
A87: 46127 | C87: 1 | D87: 19:06:14 | E87: 220 | F87: 220 | G87: 23.98 | H87: 24.0017 | I87: 793.742 | J87: 785.75 | K87: 0 | L87: 0 | M87: 789.08 | N87: 798.521 | O87: 0 | P87: 0 | Q87: 0.212064 | R87: 1999.8 | S87: 1999.86 | T87: 0 | U87: 0 | V87: 1999.81 | W87: 2000.04 | X87: 0 | Y87: 0 | Z87: 220 | AA87: 2.00254 | AB87: 1.99933 | AC87: -0.0681503 | AD87: 0.000525512 | AE87: 2.00002 | AF87: 2.00266 | AG87: -0.114622 | AH87: -0.0276253 | AI87: 23.416928 | AJ87: 58.490376 | AL87: 85.577209 | AM87: 83.539993 | AN87: 15.882172 | AO87: 44.422932 | AP87: 0 | AQ87: 0 | AR87: 1.2759048 | AS87: 0.56048721 | AT87: 0.081092544 | AU87: 57.909832 | AV87: 3.0740745 | AW87: 0.34835535 | AX87: 0 | AY87: 0 | AZ87: 0 | BA87: 0 | BB87: 0 | BC87: 0 | BD87: 0 | BE87: 0 | BF87: 0 | BG87: 0 | BH87: 2.9513652 | BI87: 0.68074435 | BJ87: 26.147331 | BK87: 3.4186621 | BL87: 0 | BM87: 0 | BN87: 0 | BO87: 0 | BP87: 0 | BQ87: 0 | BR87: 0 | BS87: 0 | BT87: 0 | BU87: 0 | BV87: 0 | BW87: 0 | BX87: 0 | BY87: 0 | BZ87: 0 | CA87: 0 | CB87: 0 | CC87: 0 | CD87: 0 | CE87: 0 | CF87: 0 | CG87: 0 | CH87: 0 | CI87: 0 | CJ87: 0 | CK87: 0 | CL87: 0 | CM87: 0 | CN87: 0.32736635 | DM87: 3.2247744 | DN87: =SUM(AP87:DM87) -> 99.99999 | DP87: 0.0056342259 | DQ87: 1.2728416 | DR87: 2.9442797 | DS87: 0.55914164 | DT87: 0.67911005 | DU87: 0.08089786 | DV87: 0.84428304 | DW87: 2.5196931 | DX87: 13.977437 | DY87: 8.7431431 | DZ87: 57.770802 | EA87: 2.1484346 | EB87: 0.32658044 | EC87: 1.6300724 | ED87: 1.7803825 | EE87: 3.0666945 | EF87: 1.2902721 | EG87: 0.34751901 | EH87: 0.012776324
A88: 46127 | C88: 2 | D88: 21:10:24 | E88: 220 | F88: 220 | G88: 23.9902 | H88: 24.0017 | I88: 784.621 | J88: 780.322 | K88: 0 | L88: 0 | M88: 782.468 | N88: 787.011 | O88: 0 | P88: 0 | Q88: 0.227744 | R88: 2000.13 | S88: 1999.84 | T88: 0 | U88: 0 | V88: 2000.09 | W88: 1999.61 | X88: 0 | Y88: 0 | Z88: 220 | AA88: 1.99775 | AB88: 1.99907 | AC88: -0.0787083 | AD88: -0.000634403 | AE88: 1.99985 | AF88: 1.99327 | AG88: -0.259827 | AH88: -0.0394929 | AI88: 21.411273 | AJ88: 59.597681 | AL88: 85.412666 | AM88: 83.536942 | AN88: 15.916697 | AO88: 43.777439 | AP88: 0 | AQ88: 0 | AR88: 1.3381263 | AS88: 0.56294042 | AT88: 0.08915285 | AU88: 59.355087 | AV88: 3.3267324 | AW88: 0.40393183 | AX88: 0 | AY88: 0 | AZ88: 0 | BA88: 0 | BB88: 0 | BC88: 0 | BD88: 0 | BE88: 0 | BF88: 0 | BG88: 0 | BH88: 3.0719669 | BI88: 0.69375908 | BJ88: 24.671286 | BK88: 3.1489816 | BL88: 0 | BM88: 0 | BN88: 0 | BO88: 0 | BP88: 0 | BQ88: 0 | BR88: 0 | BS88: 0 | BT88: 0 | BU88: 0 | BV88: 0 | BW88: 0 | BX88: 0 | BY88: 0 | BZ88: 0 | CA88: 0 | CB88: 0 | CC88: 0 | CD88: 0 | CE88: 0 | CF88: 0 | CG88: 0 | CH88: 0 | CI88: 0 | CJ88: 0 | CK88: 0 | CL88: 0 | CM88: 0 | CN88: 0.30808824 | DM88: 3.0299759 | DN88: =SUM(AP88:DM88) -> 100.00003 | DP88: 0.0046005556 | DQ88: 1.3352319 | DR88: 3.0653222 | DS88: 0.56172276 | DT88: 0.69225848 | DU88: 0.088960007 | DV88: 0.8265149 | DW88: 2.4733469 | DX88: 13.16116 | DY88: 8.1568995 | DZ88: 59.2267 | EA88: 1.988188 | EB88: 0.30742183 | EC88: 1.4907453 | ED88: 1.6514251 | EE88: 3.3195367 | EF88: 1.2291269 | EG88: 0.40305811 | EH88: 0.017803289
A89: 46127 | C89: 5 | D89: 23:14:34 | E89: 220 | F89: 220 | G89: 24.0191 | H89: 24.0003 | I89: 699.741 | J89: 686.352 | K89: 0 | L89: 0 | M89: 692.896 | N89: 704.599 | O89: 0 | P89: 0 | Q89: 0.269248 | R89: 2000.69 | S89: 1999.56 | T89: 0 | U89: 0 | V89: 2000.23 | W89: 2000.17 | X89: 0 | Y89: 0 | Z89: 219.9 | AA89: 2.00315 | AB89: 2.00266 | AC89: -0.0697477 | AD89: -0.00606401 | AE89: 2.00147 | AF89: 1.99754 | AG89: -0.220434 | AH89: -0.0301877 | AI89: 23.362234 | AJ89: 58.25324 | AL89: 88.503944 | AM89: 83.613586 | AN89: 16.282755 | AO89: 23.980377 | AP89: 0 | AQ89: 0 | AR89: 0.0006037582 | AS89: 0.0004762726 | AT89: 0.0006167054 | AU89: 84.169937 | AV89: 9.7975178 | AW89: 4.8603005 | AX89: 0 | AY89: 0 | AZ89: 0 | BA89: 0 | BB89: 0 | BC89: 0 | BD89: 0 | BE89: 0 | BF89: 0 | BG89: 0 | BH89: 0.001437243 | BI89: 0 | BJ89: 0.42025504 | BK89: 0.0011718645 | BL89: 0 | BM89: 0 | BN89: 0 | BO89: 0 | BP89: 0 | BQ89: 0 | BR89: 0 | BS89: 0 | BT89: 0 | BU89: 0 | BV89: 0 | BW89: 0 | BX89: 0 | BY89: 0 | BZ89: 0 | CA89: 0 | CB89: 0 | CC89: 0 | CD89: 0 | CE89: 0 | CF89: 0 | CG89: 0 | CH89: 0 | CI89: 0 | CJ89: 0 | CK89: 0 | CL89: 0 | CM89: 0 | CN89: 0.56453037 | DM89: 0.1831439 | DN89: =SUM(AP89:DM89) -> 99.999991 | DP89: 0.000603879 | DQ89: 0.0014375306 | DR89: 0.0004763679 | DS89: 0.0006168288 | DT89: 0.0018313754 | DU89: 0.04065359 | DV89: 0.37785417 | DW89: 84.18679 | DX89: 0.56464338 | DY89: 0.001172099 | DZ89: 0.010231512 | EA89: 9.7994785 | EB89: 0.13482901 | EC89: 4.8612733 | ED89: 0.01811121
A90: 46128 | C90: 6 | D90: 01:18:46 | E90: 220 | F90: 220 | G90: 24.0017 | H90: 23.9988 | I90: 793.707 | J90: 799.948 | K90: 0 | L90: 0 | M90: 795.105 | N90: 788.766 | O90: 0 | P90: 0 | Q90: 0.365658 | R90: 2000.01 | S90: 2000.06 | T90: 0 | U90: 0 | V90: 2000.25 | W90: 1999.71 | X90: 0 | Y90: 0 | Z90: 220 | AA90: 2.00057 | AB90: 2.00218 | AC90: -0.060327 | AD90: -0.00424853 | AE90: 2.00334 | AF90: 1.99834 | AG90: -0.108075 | AH90: -0.0192075 | AI90: 21.456223 | AJ90: 59.223208 | AL90: 84.045715 | AM90: 83.499619 | AN90: 16.000408 | AO90: 53.058952 | AP90: 0 | AQ90: 0 | AR90: 1.9625189 | AS90: 0.72246969 | AT90: 0.11866849 | AU90: 46.459354 | AV90: 1.8107975 | AW90: 0.11808501 | AX90: 0 | AY90: 0 | AZ90: 0 | BA90: 0 | BB90: 0 | BC90: 0 | BD90: 0 | BE90: 0 | BF90: 0 | BG90: 0 | BH90: 4.148581 | BI90: 0.85988468 | BJ90: 37.525696 | BK90: 3.2431879 | BL90: 0 | BM90: 0 | BN90: 0 | BO90: 0 | BP90: 0 | BQ90: 0 | BR90: 0 | BS90: 0 | BT90: 0 | BU90: 0 | BV90: 0 | BW90: 0 | BX90: 0 | BY90: 0 | BZ90: 0 | CA90: 0 | CB90: 0 | CC90: 0 | CD90: 0 | CE90: 0 | CF90: 0 | CG90: 0 | CH90: 0 | CI90: 0 | CJ90: 0 | CK90: 0 | CL90: 0 | CM90: 0 | CN90: 0.33140004 | DM90: 2.699373 | DN90: =SUM(AP90:DM90) -> 100.00002 | DP90: 0.0089595523 | DQ90: 1.9553987 | DR90: 4.1335297 | DS90: 0.71984851 | DT90: 0.85676497 | DU90: 0.11823795 | DV90: 1.4355717 | DW90: 4.0819106 | DX90: 19.560415 | DY90: 12.311652 | DZ90: 46.290798 | EA90: 2.3350918 | EB90: 0.33019769 | EC90: 1.5037049 | ED90: 1.7277166 | EE90: 1.8042277 | EF90: 0.69600099 | EG90: 0.1176566 | EH90: 0.012340319
A91: 46128 | C91: 1 | D91: 03:22:57 | E91: 220 | F91: 220 | G91: 24.0032 | H91: 24.0003 | I91: 844.96 | J91: 842.439 | K91: 0 | L91: 0 | M91: 842.729 | N91: 846.135 | O91: 0 | P91: 0 | Q91: 0.36914 | R91: 2000.2 | S91: 1999.69 | T91: 0 | U91: 0 | V91: 1999.55 | W91: 1999.75 | X91: 0 | Y91: 0 | Z91: 219.9 | AA91: 1.99903 | AB91: 2.00082 | AC91: -0.057552 | AD91: -0.00038374 | AE91: 1.99983 | AF91: 1.999 | AG91: -0.0711336 | AH91: -0.00114715 | AI91: 23.804203 | AJ91: 58.292292 | AL91: 85.568108 | AM91: 83.539886 | AN91: 15.886733 | AO91: 44.236343 | AP91: 0 | AQ91: 0 | AR91: 1.278278 | AS91: 0.56126034 | AT91: 0.081148602 | AU91: 58.243893 | AV91: 3.1258659 | AW91: 0.35828754 | AX91: 0 | AY91: 0 | AZ91: 0 | BA91: 0 | BB91: 0 | BC91: 0 | BD91: 0 | BE91: 0 | BF91: 0 | BG91: 0 | BH91: 2.9546902 | BI91: 0.67881435 | BJ91: 25.808901 | BK91: 3.3851075 | BL91: 0 | BM91: 0 | BN91: 0 | BO91: 0 | BP91: 0 | BQ91: 0 | BR91: 0 | BS91: 0 | BT91: 0 | BU91: 0 | BV91: 0 | BW91: 0 | BX91: 0 | BY91: 0 | BZ91: 0 | CA91: 0 | CB91: 0 | CC91: 0 | CD91: 0 | CE91: 0 | CF91: 0 | CG91: 0 | CH91: 0 | CI91: 0 | CJ91: 0 | CK91: 0 | CL91: 0 | CM91: 0 | CN91: 0.32692069 | DM91: 3.1968439 | DN91: =SUM(AP91:DM91) -> 100.00001 | DP91: 0.0051848479 | DQ91: 1.2752514 | DR91: 2.9476945 | DS91: 0.55993146 | DT91: 0.67720717 | DU91: 0.080956467 | DV91: 0.83052838 | DW91: 2.4948323 | DX91: 13.800505 | DY91: 8.6219292 | DZ91: 58.105988 | EA91: 2.1258764 | EB91: 0.32614663 | EC91: 1.6127757 | ED91: 1.7643168 | EE91: 3.1184649 | EF91: 1.2835624 | EG91: 0.35743925 | EH91: 0.011430029
A92: 46128 | C92: 2 | D92: 05:27:07 | E92: 220 | F92: 220 | G92: 24.0205 | H92: 23.9945 | I92: 739.685 | J92: 735.824 | K92: 0 | L92: 0 | M92: 736.991 | N92: 743.001 | O92: 0 | P92: 0 | Q92: 0.172231 | R92: 1999.45 | S92: 1999.74 | T92: 0 | U92: 0 | V92: 2000.53 | W92: 2000.33 | X92: 0 | Y92: 0 | Z92: 219.9 | AA92: 1.99846 | AB92: 1.99822 | AC92: -0.0629737 | AD92: -0.00484474 | AE92: 1.99817 | AF92: 1.99376 | AG92: -0.206645 | AH92: -0.0215683 | AI92: 21.453102 | AJ92: 59.506287 | AL92: 85.351753 | AM92: 83.535454 | AN92: 15.92646 | AO92: 43.841198 | AP92: 0 | AQ92: 0 | AR92: 1.3595747 | AS92: 0.5688678 | AT92: 0.091325834 | AU92: 59.391983 | AV92: 3.3327379 | AW92: 0.40240854 | AX92: 0 | AY92: 0 | AZ92: 0 | BA92: 0 | BB92: 0 | BC92: 0 | BD92: 0 | BE92: 0 | BF92: 0 | BG92: 0 | BH92: 3.1130214 | BI92: 0.69864434 | BJ92: 24.648338 | BK92: 3.1108599 | BL92: 0 | BM92: 0 | BN92: 0 | BO92: 0 | BP92: 0 | BQ92: 0 | BR92: 0 | BS92: 0 | BT92: 0 | BU92: 0 | BV92: 0 | BW92: 0 | BX92: 0 | BY92: 0 | BZ92: 0 | CA92: 0 | CB92: 0 | CC92: 0 | CD92: 0 | CE92: 0 | CF92: 0 | CG92: 0 | CH92: 0 | CI92: 0 | CJ92: 0 | CK92: 0 | CL92: 0 | CM92: 0 | CN92: 0.30555576 | DM92: 2.9766841 | DN92: =SUM(AP92:DM92) -> 100 | DP92: 0.0048795012 | DQ92: 1.3566707 | DR92: 3.1063721 | DS92: 0.56765276 | DT92: 0.69715208 | DU92: 0.091130763 | DV92: 0.83497024 | DW92: 2.4860992 | DX92: 13.141828 | DY92: 8.1327934 | DZ92: 59.265125 | EA92: 1.9569446 | EB92: 0.30490312 | EC92: 1.4720016 | ED92: 1.6322136 | EE92: 3.3256195 | EF92: 1.2043595 | EG92: 0.40154901 | EH92: 0.017767454
A93: 46128 | C93: 5 | D93: 07:31:18 | E93: 220 | F93: 220 | G93: 23.9916 | H93: 23.9873 | I93: 793.446 | J93: 787.285 | K93: 0 | L93: 0 | M93: 789.882 | N93: 797.759 | O93: 0 | P93: 0 | Q93: 0.344671 | R93: 1999.88 | S93: 2000.05 | T93: 0 | U93: 0 | V93: 1999.96 | W93: 1999.1 | X93: 0 | Y93: 0 | Z93: 220 | AA93: 1.99698 | AB93: 2.00105 | AC93: -0.0582297 | AD93: -0.00140322 | AE93: 1.99923 | AF93: 1.99316 | AG93: -0.0651922 | AH93: 0.0109179 | AI93: 23.191285 | AJ93: 58.443252 | AL93: 88.500542 | AM93: 83.613426 | AN93: 16.283501 | AO93: 23.983139 | AP93: 0 | AQ93: 0 | AR93: 0.0009285948 | AS93: 0 | AT93: 0.0005793187 | AU93: 84.188271 | AV93: 9.7897511 | AW93: 4.857204 | AX93: 0 | AY93: 0 | AZ93: 0 | BA93: 0 | BB93: 0 | BC93: 0 | BD93: 0 | BE93: 0 | BF93: 0 | BG93: 0 | BH93: 0.0013704059 | BI93: 0.0004071021 | BJ93: 0.42080271 | BK93: 0 | BL93: 0 | BM93: 0 | BN93: 0 | BO93: 0 | BP93: 0 | BQ93: 0 | BR93: 0 | BS93: 0 | BT93: 0 | BU93: 0 | BV93: 0 | BW93: 0 | BX93: 0 | BY93: 0 | BZ93: 0 | CA93: 0 | CB93: 0 | CC93: 0 | CD93: 0 | CE93: 0 | CF93: 0 | CG93: 0 | CH93: 0 | CI93: 0 | CJ93: 0 | CK93: 0 | CL93: 0 | CM93: 0 | CN93: 0.56145191 | DM93: 0.17923768 | DN93: =SUM(AP93:DM93) -> 100 | DP93: 0.0009287769 | DQ93: 0.0013706745 | DR93: 0.0004071819 | DS93: 0.0005794322 | DT93: 0.0019064067 | DU93: 0.040763572 | DV93: 0.37821525 | DW93: 84.204773 | DX93: 0.561562 | DY93: 0.0099398568 | DZ93: 9.7916708 | EA93: 0.13326673 | EB93: 4.8581562 | EC93: 0.016462196
A94: 46128 | C94: 6 | D94: 09:35:29 | E94: 220 | F94: 220 | G94: 24.0017 | H94: 24.0017 | I94: 778.851 | J94: 775.391 | K94: 0 | L94: 0 | M94: 776.651 | N94: 780.886 | O94: 0 | P94: 0 | Q94: 0.137354 | R94: 2000.68 | S94: 2000.51 | T94: 0 | U94: 0 | V94: 2000.11 | W94: 1999.7 | X94: 0 | Y94: 0 | Z94: 220 | AA94: 1.99909 | AB94: 1.99912 | AC94: -0.0608451 | AD94: -0.00287621 | AE94: 1.99814 | AF94: 1.99804 | AG94: -0.157251 | AH94: 0.0176277 | AI94: 21.402573 | AJ94: 59.308189 | AL94: 84.070137 | AM94: 83.500488 | AN94: 16.000542 | AO94: 52.676529 | AP94: 0 | AQ94: 0 | AR94: 1.9499489 | AS94: 0.71535337 | AT94: 0.11921014 | AU94: 47.074112 | AV94: 1.8671829 | AW94: 0.12434797 | AX94: 0 | AY94: 0 | AZ94: 0 | BA94: 0 | BB94: 0 | BC94: 0 | BD94: 0 | BE94: 0 | BF94: 0 | BG94: 0 | BH94: 4.1305552 | BI94: 0.85627866 | BJ94: 36.911961 | BK94: 3.2254214 | BL94: 0 | BM94: 0 | BN94: 0 | BO94: 0 | BP94: 0 | BQ94: 0 | BR94: 0 | BS94: 0 | BT94: 0 | BU94: 0 | BV94: 0 | BW94: 0 | BX94: 0 | BY94: 0 | BZ94: 0 | CA94: 0 | CB94: 0 | CC94: 0 | CD94: 0 | CE94: 0 | CF94: 0 | CG94: 0 | CH94: 0 | CI94: 0 | CJ94: 0 | CK94: 0 | CL94: 0 | CM94: 0 | CN94: 0.33089873 | DM94: 2.6947374 | DN94: =SUM(AP94:DM94) -> 100.00001 | DP94: 0.008114933 | DQ94: 1.9430107 | DR94: 4.1158581 | DS94: 0.71280807 | DT94: 0.85323197 | DU94: 0.11878598 | DV94: 1.401036 | DW94: 4.0201254 | DX94: 19.254299 | DY94: 12.105163 | DZ94: 46.90662 | EA94: 2.3100936 | EB94: 0.32972136 | EC94: 1.4956322 | ED94: 1.718313 | EE94: 1.8605392 | EF94: 0.70876998 | EG94: 0.12390552 | EH94: 0.013978138
A95: 46128 | C95: 1 | D95: 11:39:40 | E95: 220 | F95: 220 | G95: 23.9829 | H95: 23.9931 | I95: 753.199 | J95: 747.818 | K95: 0 | L95: 0 | M95: 750.044 | N95: 756.29 | O95: 0 | P95: 0 | Q95: 0.247819 | R95: 1999.9 | S95: 1999.88 | T95: 0 | U95: 0 | V95: 2000.12 | W95: 1999.72 | X95: 0 | Y95: 0 | Z95: 219.9 | AA95: 2.00014 | AB95: 1.99794 | AC95: -0.0555251 | AD95: 0.000604677 | AE95: 1.99883 | AF95: 1.99606 | AG95: -0.174727 | AH95: -0.0316982 | AI95: 23.589149 | AJ95: 58.599619 | AL95: 85.54673 | AM95: 83.539444 | AN95: 15.892703 | AO95: 44.116306 | AP95: 0 | AQ95: 0 | AR95: 1.28514 | AS95: 0.56032974 | AT95: 0.082216814 | AU95: 58.515591 | AV95: 3.1554499 | AW95: 0.36504391 | AX95: 0 | AY95: 0 | AZ95: 0 | BA95: 0 | BB95: 0 | BC95: 0 | BD95: 0 | BE95: 0 | BF95: 0 | BG95: 0 | BH95: 2.9634783 | BI95: 0.6797415 | BJ95: 25.562082 | BK95: 3.3457935 | BL95: 0 | BM95: 0 | BN95: 0 | BO95: 0 | BP95: 0 | BQ95: 0 | BR95: 0 | BS95: 0 | BT95: 0 | BU95: 0 | BV95: 0 | BW95: 0 | BX95: 0 | BY95: 0 | BZ95: 0 | CA95: 0 | CB95: 0 | CC95: 0 | CD95: 0 | CE95: 0 | CF95: 0 | CG95: 0 | CH95: 0 | CI95: 0 | CJ95: 0 | CK95: 0 | CL95: 0 | CM95: 0 | CN95: 0.32299882 | DM95: 3.1621516 | DN95: =SUM(AP95:DM95) -> 100.00002 | DP95: 0.0056852782 | DQ95: 1.2821352 | DR95: 2.9565494 | DS95: 0.55901963 | DT95: 0.6781522 | DU95: 0.082024582 | DV95: 0.82816643 | DW95: 2.4807966 | DX95: 13.664483 | DY95: 8.5288706 | DZ95: 58.378777 | EA95: 2.1013434 | EB95: 0.32224363 | EC95: 1.5943608 | ED95: 1.74361 | EE95: 3.1480722 | EF95: 1.2685645 | EG95: 0.3641904 | EH95: 0.012961137
A96: 46128 | C96: 2 | D96: 13:43:52 | E96: 220 | F96: 220 | G96: 23.9945 | H96: 24.0075 | I96: 827.57 | J96: 823.672 | K96: 0 | L96: 0 | M96: 825.193 | N96: 830.152 | O96: 0 | P96: 0 | Q96: 0.328801 | R96: 1999.25 | S96: 2000.17 | T96: 0 | U96: 0 | V96: 2000.12 | W96: 1999.96 | X96: 0 | Y96: 0 | Z96: 220 | AA96: 2.00073 | AB96: 1.99948 | AC96: -0.0697578 | AD96: -0.00538252 | AE96: 1.9992 | AF96: 1.99767 | AG96: -0.157049 | AH96: -0.0149205 | AI96: 21.305531 | AJ96: 59.590228 | AL96: 85.278046 | AM96: 83.533508 | AN96: 15.934497 | AO96: 44.011745 | AP96: 0 | AQ96: 0 | AR96: 1.3894359 | AS96: 0.57154667 | AT96: 0.094388418 | AU96: 59.272636 | AV96: 3.3122458 | AW96: 0.39357302 | AX96: 0 | AY96: 0 | AZ96: 0 | BA96: 0 | BB96: 0 | BC96: 0 | BD96: 0 | BE96: 0 | BF96: 0 | BG96: 0 | BH96: 3.1706085 | BI96: 0.71177924 | BJ96: 24.764072 | BK96: 3.0797424 | BL96: 0 | BM96: 0 | BN96: 0 | BO96: 0 | BP96: 0 | BQ96: 0 | BR96: 0 | BS96: 0 | BT96: 0 | BU96: 0 | BV96: 0 | BW96: 0 | BX96: 0 | BY96: 0 | BZ96: 0 | CA96: 0 | CB96: 0 | CC96: 0 | CD96: 0 | CE96: 0 | CF96: 0 | CG96: 0 | CH96: 0 | CI96: 0 | CJ96: 0 | CK96: 0 | CL96: 0 | CM96: 0 | CN96: 0.3035498 | DM96: 2.9364161 | DN96: =SUM(AP96:DM96) -> 99.999995 | DP96: 0.0054079629 | DQ96: 1.3864139 | DR96: 3.1637125 | DS96: 0.57030356 | DT96: 0.71023113 | DU96: 0.094183125 | DV96: 0.84950691 | DW96: 2.5150647 | DX96: 13.189947 | DY96: 8.155694 | DZ96: 59.143719 | EA96: 1.9527789 | EB96: 0.30288959 | EC96: 1.4579105 | ED96: 1.6151335 | EE96: 3.3050418 | EF96: 1.1709903 | EG96: 0.392717 | EH96: 0.018340074
A97: 46128 | C97: 5 | D97: 15:48:02 | E97: 220 | F97: 220.1 | G97: 24.0162 | H97: 24.0046 | I97: 787.318 | J97: 790.237 | K97: 0 | L97: 0 | M97: 789.053 | N97: 787.204 | O97: 0 | P97: 0 | Q97: 0.497222 | R97: 2001.02 | S97: 2000.59 | T97: 0 | U97: 0 | V97: 2000.36 | W97: 1999.39 | X97: 0 | Y97: 0 | Z97: 220 | AA97: 1.99945 | AB97: 2.00078 | AC97: -0.0719296 | AD97: -0.00430558 | AE97: 1.99676 | AF97: 1.99719 | AG97: -0.066009 | AH97: -0.0243375 | AI97: 23.011741 | AJ97: 58.216798 | AL97: 88.502144 | AM97: 83.613617 | AN97: 16.283211 | AO97: 23.98345 | AP97: 0 | AQ97: 0 | AR97: 0.000721411 | AS97: 0 | AT97: 0.0005496235 | AU97: 84.181976 | AV97: 9.7818251 | AW97: 4.8659458 | AX97: 0 | AY97: 0 | AZ97: 0 | BA97: 0 | BB97: 0 | BC97: 0 | BD97: 0 | BE97: 0 | BF97: 0 | BG97: 0 | BH97: 0.0013303377 | BI97: 0 | BJ97: 0.41962218 | BK97: 0.0010275516 | BL97: 0 | BM97: 0 | BN97: 0 | BO97: 0 | BP97: 0 | BQ97: 0 | BR97: 0 | BS97: 0 | BT97: 0 | BU97: 0 | BV97: 0 | BW97: 0 | BX97: 0 | BY97: 0 | BZ97: 0 | CA97: 0 | CB97: 0 | CC97: 0 | CD97: 0 | CE97: 0 | CF97: 0 | CG97: 0 | CH97: 0 | CI97: 0 | CJ97: 0 | CK97: 0 | CL97: 0 | CM97: 0 | CN97: 0.56683463 | DM97: 0.1801658 | DN97: =SUM(AP97:DM97) -> 99.999999 | DP97: 0.0007215538 | DQ97: 0.0013306009 | DR97: 0.0005497322 | DS97: 0.0017406918 | DT97: 0.040499639 | DU97: 0.37746492 | DV97: 84.198639 | DW97: 0.5669468 | DX97: 0.001027755 | DY97: 0.0096914759 | DZ97: 9.783761 | EA97: 0.13300359 | EB97: 4.866909 | EC97: 0.017710788
A98: 46128 | C98: 6 | D98: 17:52:13 | E98: 220 | F98: 220 | G98: 23.996 | H98: 24.0061 | I98: 762.196 | J98: 766.351 | K98: 0 | L98: 0 | M98: 764.593 | N98: 761.046 | O98: 0 | P98: 0 | Q98: 0.339084 | R98: 1998.87 | S98: 1999.89 | T98: 0 | U98: 0 | V98: 1999.48 | W98: 2000.75 | X98: 0 | Y98: 0 | Z98: 220 | AA98: 2.00239 | AB98: 2.00288 | AC98: -0.081335 | AD98: 0.00354667 | AE98: 2.00084 | AF98: 1.99712 | AG98: -0.270919 | AH98: -0.0587811 | AI98: 21.387914 | AJ98: 59.044886 | AL98: 83.926712 | AM98: 83.496742 | AN98: 16.010813 | AO98: 53.183769 | AP98: 0 | AQ98: 0 | AR98: 2.0227115 | AS98: 0.72915363 | AT98: 0.12445891 | AU98: 46.481709 | AV98: 1.8126379 | AW98: 0.11560448 | AX98: 0 | AY98: 0 | AZ98: 0 | BA98: 0 | BB98: 0 | BC98: 0 | BD98: 0 | BE98: 0 | BF98: 0 | BG98: 0 | BH98: 4.2518806 | BI98: 0.87150311 | BJ98: 37.435608 | BK98: 3.1692877 | BL98: 0 | BM98: 0 | BN98: 0 | BO98: 0 | BP98: 0 | BQ98: 0 | BR98: 0 | BS98: 0 | BT98: 0 | BU98: 0 | BV98: 0 | BW98: 0 | BX98: 0 | BY98: 0 | BZ98: 0 | CA98: 0 | CB98: 0 | CC98: 0 | CD98: 0 | CE98: 0 | CF98: 0 | CG98: 0 | CH98: 0 | CI98: 0 | CJ98: 0 | CK98: 0 | CL98: 0 | CM98: 0 | CN98: 0.33481655 | DM98: 2.650614 | DN98: =SUM(AP98:DM98) -> 99.999985 | DP98: 0.0088593513 | DQ98: 2.0153961 | DR98: 4.2365026 | DS98: 0.72651649 | DT98: 0.86835116 | DU98: 0.12400878 | DV98: 1.4451137 | DW98: 4.1040597 | DX98: 19.490643 | DY98: 12.260399 | DZ98: 46.313599 | EA98: 2.3110573 | EB98: 0.33360562 | EC98: 1.4677647 | ED98: 1.6900605 | EE98: 1.8060821 | EF98: 0.66956866 | EG98: 0.11518637 | EH98: 0.013248995
A99: 46128 | C99: 1 | D99: 19:56:24 | E99: 233.8 | F99: 233.7 | G99: 24.0205 | H99: 23.9931 | I99: 737.696 | J99: 732.668 | K99: 0 | L99: 0 | M99: 734.832 | N99: 738.538 | O99: 0 | P99: 0 | Q99: 0.151174 | R99: 2000.32 | S99: 1999.92 | T99: 0 | U99: 0 | V99: 1999.88 | W99: 1999.84 | X99: 0 | Y99: 0 | Z99: 219.9 | AA99: 2.00071 | AB99: 2.00007 | AC99: -0.0623623 | AD99: 0.00115868 | AE99: 2.00079 | AF99: 1.9982 | AG99: -0.117995 | AH99: -0.0305055 | AI99: 23.195065 | AJ99: 58.290048 | AL99: 83.438675 | AM99: 83.483368 | AN99: 16.023901 | AO99: 54.65189 | AP99: 0 | AQ99: 0 | AR99: 2.3480833 | AS99: 0.79310781 | AT99: 0.16779356 | AU99: 44.379295 | AV99: 1.875598 | AW99: 0.17515336 | AX99: 0 | AY99: 0 | AZ99: 0 | BA99: 0 | BB99: 0 | BC99: 0 | BD99: 0 | BE99: 0 | BF99: 0 | BG99: 0 | BH99: 4.7115073 | BI99: 0.93340671 | BJ99: 38.761898 | BK99: 2.8910728 | BL99: 0 | BM99: 0 | BN99: 0 | BO99: 0 | BP99: 0 | BQ99: 0 | BR99: 0 | BS99: 0 | BT99: 0 | BU99: 0 | BV99: 0 | BW99: 0 | BX99: 0 | BY99: 0 | BZ99: 0 | CA99: 0 | CB99: 0 | CC99: 0 | CD99: 0 | CE99: 0 | CF99: 0 | CG99: 0 | CH99: 0 | CI99: 0 | CJ99: 0 | CK99: 0 | CL99: 0 | CM99: 0 | CN99: 0.31689009 | DM99: 2.646219 | DN99: =SUM(AP99:DM99) -> 100.00003 | DP99: 0.084853172 | DQ99: 2.3411481 | DR99: 4.6975918 | DS99: 0.7907654 | DT99: 0.93064988 | DU99: 0.16729797 | DV99: 1.9237962 | DW99: 4.1918821 | DX99: 19.891069 | DY99: 12.640667 | DZ99: 44.248222 | EA99: 2.0715642 | EB99: 0.31595415 | EC99: 1.3640387 | ED99: 1.5184952 | EE99: 1.8700584 | EF99: 0.76315415 | EG99: 0.17463604 | EH99: 0.014149459
A100: 46128 | C100: 2 | D100: 22:00:36 | E100: 230 | F100: 230 | G100: 24.0191 | H100: 24.0017 | I100: 823.018 | J100: 820.363 | K100: 0 | L100: 0 | M100: 820.187 | N100: 821.419 | O100: 0 | P100: 0 | Q100: 0.356001 | R100: 2000.59 | S100: 1999.9 | T100: 0 | U100: 0 | V100: 1999.81 | W100: 2000.14 | X100: 0 | Y100: 0 | Z100: 220 | AA100: 1.99924 | AB100: 2.00179 | AC100: -0.0583693 | AD100: -0.00298175 | AE100: 1.99796 | AF100: 2.00432 | AG100: -0.0883149 | AH100: -0.0123326 | AI100: 20.944463 | AJ100: 59.676966 | AL100: 82.782265 | AM100: 83.468025 | AN100: 16.114702 | AO100: 57.362099 | AP100: 0 | AQ100: 0 | AR100: 2.5906315 | AS100: 0.81279403 | AT100: 0.20042676 | AU100: 41.727333 | AV100: 1.3324084 | AW100: 0.060435191 | AX100: 0 | AY100: 0 | AZ100: 0 | BA100: 0 | BB100: 0 | BC100: 0 | BD100: 0 | BE100: 0 | BF100: 0 | BG100: 0 | BH100: 5.1568947 | BI100: 0.99797463 | BJ100: 42.028099 | BK100: 2.6243205 | BL100: 0 | BM100: 0 | BN100: 0 | BO100: 0 | BP100: 0 | BQ100: 0 | BR100: 0 | BS100: 0 | BT100: 0 | BU100: 0 | BV100: 0 | BW100: 0 | BX100: 0 | BY100: 0 | BZ100: 0 | CA100: 0 | CB100: 0 | CC100: 0 | CD100: 0 | CE100: 0 | CF100: 0 | CG100: 0 | CH100: 0 | CI100: 0 | CJ100: 0 | CK100: 0 | CL100: 0 | CM100: 0 | CN100: 0.29944608 | DM100: 2.1692348 | DN100: =SUM(AP100:DM100) -> 99.999999 | DP100: 0.010426151 | DQ100: 2.581991 | DR100: 5.1396947 | DS100: 0.81008303 | DT100: 0.99464607 | DU100: 0.19975828 | DV100: 2.0517063 | DW100: 4.6797328 | DX100: 21.53413 | DY100: 13.622353 | DZ100: 41.588158 | EA100: 2.0158043 | EB100: 0.29844734 | EC100: 1.2144326 | ED100: 1.4011347 | EE100: 1.3279643 | EF100: 0.44706586 | EG100: 0.060233615 | EH100: 0.022228399
A101: 46129 | C101: 5 | D101: 00:04:46 | E101: 229.9 | F101: 230 | G101: 24.0017 | H101: 23.996 | I101: 772.882 | J101: 771.709 | K101: 0 | L101: 0 | M101: 772.126 | N101: 772.229 | O101: 0 | P101: 0 | Q101: 0.123062 | R101: 2000.29 | S101: 1999.73 | T101: 0 | U101: 0 | V101: 2000.23 | W101: 1999.23 | X101: 0 | Y101: 0 | Z101: 220 | AA101: 1.99671 | AB101: 1.99765 | AC101: -0.0904165 | AD101: -0.00188763 | AE101: 2.00076 | AF101: 2.00047 | AG101: -0.410781 | AH101: -0.0475348 | AI101: 23.03639 | AJ101: 58.432173 | AL101: 88.508072 | AM101: 83.613663 | AN101: 16.282637 | AO101: 23.970333 | AP101: 0 | AQ101: 0 | AR101: 0.0008107751 | AS101: 0 | AT101: 0.0006703569 | AU101: 84.152206 | AV101: 9.8066578 | AW101: 4.8731751 | AX101: 0 | AY101: 0 | AZ101: 0 | BA101: 0 | BB101: 0 | BC101: 0 | BD101: 0 | BE101: 0 | BF101: 0 | BG101: 0 | BH101: 0.0014802297 | BI101: 0 | BJ101: 0.41943121 | BK101: 0 | BL101: 0 | BM101: 0 | BN101: 0 | BO101: 0 | BP101: 0 | BQ101: 0 | BR101: 0 | BS101: 0 | BT101: 0 | BU101: 0 | BV101: 0 | BW101: 0 | BX101: 0 | BY101: 0 | BZ101: 0 | CA101: 0 | CB101: 0 | CC101: 0 | CD101: 0 | CE101: 0 | CF101: 0 | CG101: 0 | CH101: 0 | CI101: 0 | CJ101: 0 | CK101: 0 | CL101: 0 | CM101: 0 | CN101: 0.5618875 | DM101: 0.18367614 | DN101: =SUM(AP101:DM101) -> 99.999996 | DP101: 0.0008109381 | DQ101: 0.0014805271 | DR101: 0.0006704916 | DS101: 0.0019807313 | DT101: 0.040666498 | DU101: 0.37686828 | DV101: 84.169113 | DW101: 0.56200045 | DX101: 0.010150015 | DY101: 9.808629 | DZ101: 0.13524567 | EA101: 4.8741546 | EB101: 0.018216973
A102: 46129 | C102: 6 | D102: 02:08:57 | E102: 230 | F102: 230 | G102: 24.0032 | H102: 24.0075 | I102: 705.564 | J102: 694.924 | K102: 0 | L102: 0 | M102: 698.797 | N102: 707.302 | O102: 0 | P102: 0 | Q102: 0.148289 | R102: 1999.98 | S102: 1999.98 | T102: 0 | U102: 0 | V102: 1999.61 | W102: 2000.68 | X102: 0 | Y102: 0 | Z102: 220 | AA102: 2.00093 | AB102: 1.99694 | AC102: -0.0707884 | AD102: -0.00300138 | AE102: 1.99968 | AF102: 2.00112 | AG102: -0.260776 | AH102: -0.0368085 | AI102: 20.760818 | AJ102: 59.443874 | AL102: 81.370285 | AM102: 83.431435 | AN102: 16.231758 | AO102: 66.521042 | AP102: 0 | AQ102: 0 | AR102: 3.3984458 | AS102: 0.9092586 | AT102: 0.24132413 | AU102: 28.857826 | AV102: 0.62951547 | AW102: 0.013273107 | AX102: 0 | AY102: 0 | AZ102: 0 | BA102: 0 | BB102: 0 | BC102: 0 | BD102: 0 | BE102: 0 | BF102: 0 | BG102: 0 | BH102: 6.2641325 | BI102: 1.0500346 | BJ102: 54.814163 | BK102: 1.8747988 | BL102: 0 | BM102: 0 | BN102: 0 | BO102: 0 | BP102: 0 | BQ102: 0 | BR102: 0 | BS102: 0 | BT102: 0 | BU102: 0 | BV102: 0 | BW102: 0 | BX102: 0 | BY102: 0 | BZ102: 0 | CA102: 0 | CB102: 0 | CC102: 0 | CD102: 0 | CE102: 0 | CF102: 0 | CG102: 0 | CH102: 0 | CI102: 0 | CJ102: 0 | CK102: 0 | CL102: 0 | CM102: 0 | CN102: 0.29890653 | DM102: 1.6483076 | DN102: =SUM(AP102:DM102) -> 99.999987 | DP102: 0.01896443 | DQ102: 3.3878851 | DR102: 6.2446666 | DS102: 0.90643299 | DT102: 1.0467716 | DU102: 0.2405742 | DV102: 3.3692 | DW102: 6.6042256 | DX102: 27.285257 | DY102: 17.385141 | DZ102: 28.76815 | EA102: 1.7203065 | EB102: 0.29797769 | EC102: 0.87349868 | ED102: 0.99547398 | EE102: 0.62755924 | EF102: 0.19881579 | EG102: 0.01323186 | EH102: 0.015856283
A103: 46129 | C103: 1 | D103: 04:13:08 | E103: 230 | F103: 230 | G103: 24.009 | H103: 24.0003 | I103: 731.456 | J103: 728.215 | K103: 0 | L103: 0 | M103: 728.998 | N103: 732.215 | O103: 0 | P103: 0 | Q103: 0.113724 | R103: 1999.37 | S103: 1999.84 | T103: 0 | U103: 0 | V103: 1999.94 | W103: 1999.51 | X103: 0 | Y103: 0 | Z103: 220 | AA103: 2.00069 | AB103: 1.99904 | AC103: -0.0585007 | AD103: -0.000362683 | AE103: 2.00177 | AF103: 1.99902 | AG103: -0.172988 | AH103: -0.0187851 | AI103: 23.216075 | AJ103: 58.427683 | AL103: 82.897011 | AM103: 83.470497 | AN103: 16.099934 | AO103: 57.978275 | AP103: 0 | AQ103: 0 | AR103: 2.543956 | AS103: 0.82019973 | AT103: 0.18447351 | AU103: 40.366581 | AV103: 1.2613335 | AW103: 0.056828536 | AX103: 0 | AY103: 0 | AZ103: 0 | BA103: 0 | BB103: 0 | BC103: 0 | BD103: 0 | BE103: 0 | BF103: 0 | BG103: 0 | BH103: 5.0430136 | BI103: 0.96397215 | BJ103: 43.447746 | BK103: 2.7527051 | BL103: 0 | BM103: 0 | BN103: 0 | BO103: 0 | BP103: 0 | BQ103: 0 | BR103: 0 | BS103: 0 | BT103: 0 | BU103: 0 | BV103: 0 | BW103: 0 | BX103: 0 | BY103: 0 | BZ103: 0 | CA103: 0 | CB103: 0 | CC103: 0 | CD103: 0 | CE103: 0 | CF103: 0 | CG103: 0 | CH103: 0 | CI103: 0 | CJ103: 0 | CK103: 0 | CL103: 0 | CM103: 0 | CN103: 0.31553626 | DM103: 2.2436614 | DN103: =SUM(AP103:DM103) -> 100.00001 | DP103: 0.011721599 | DQ103: 2.5349138 | DR103: 5.0250888 | DS103: 0.81728441 | DT103: 0.96054584 | DU103: 0.18381782 | DV103: 2.1508632 | DW103: 4.7548513 | DX103: 22.264488 | DY103: 14.123114 | DZ103: 40.223103 | EA103: 2.1193342 | EB103: 0.31441471 | EC103: 1.2935572 | ED103: 1.4493637 | EE103: 1.2568501 | EF103: 0.44212875 | EG103: 0.056626543 | EH103: 0.01791469
A104: 46129 | C104: 2 | D104: 06:17:19 | E104: 230 | F104: 230 | G104: 24.009 | H104: 24.0061 | I104: 809.18 | J104: 800.54 | K104: 0 | L104: 0 | M104: 805.096 | N104: 811.579 | O104: 0 | P104: 0 | Q104: 0.262698 | R104: 2000.27 | S104: 2000.3 | T104: 0 | U104: 0 | V104: 1999.97 | W104: 2000.63 | X104: 0 | Y104: 0 | Z104: 220 | AA104: 1.99844 | AB104: 1.99734 | AC104: -0.0660713 | AD104: -0.0027145 | AE104: 2.00034 | AF104: 2.00114 | AG104: -0.179627 | AH104: -0.135679 | AI104: 20.920845 | AJ104: 59.632831 | AL104: 82.738235 | AM104: 83.466965 | AN104: 16.123491 | AO104: 57.352261 | AP104: 0 | AQ104: 0 | AR104: 2.6085024 | AS104: 0.81622785 | AT104: 0.20204805 | AU104: 41.860924 | AV104: 1.3411479 | AW104: 0.060285188 | AX104: 0 | AY104: 0 | AZ104: 0 | BA104: 0 | BB104: 0 | BC104: 0 | BD104: 0 | BE104: 0 | BF104: 0 | BG104: 0 | BH104: 5.1847119 | BI104: 0.99864066 | BJ104: 41.91325 | BK104: 2.6000326 | BL104: 0 | BM104: 0 | BN104: 0 | BO104: 0 | BP104: 0 | BQ104: 0 | BR104: 0 | BS104: 0 | BT104: 0 | BU104: 0 | BV104: 0 | BW104: 0 | BX104: 0 | BY104: 0 | BZ104: 0 | CA104: 0 | CB104: 0 | CC104: 0 | CD104: 0 | CE104: 0 | CF104: 0 | CG104: 0 | CH104: 0 | CI104: 0 | CJ104: 0 | CK104: 0 | CL104: 0 | CM104: 0 | CN104: 0.29370645 | DM104: 2.1204946 | DN104: =SUM(AP104:DM104) -> 99.999971 | DP104: 0.010740316 | DQ104: 2.6000614 | DR104: 5.1679344 | DS104: 0.81358659 | DT104: 0.99540907 | DU104: 0.20139423 | DV104: 2.0453515 | DW104: 4.6929092 | DX104: 21.47261 | DY104: 13.566751 | DZ104: 41.725464 | EA104: 1.9624121 | EB104: 0.29275605 | EC104: 1.2010345 | ED104: 1.3905845 | EE104: 1.336808 | EF104: 0.44194642 | EG104: 0.06009011 | EH104: 0.022144014
A105: 46129 | C105: 5 | D105: 08:21:29 | E105: 230 | F105: 230 | G105: 23.9858 | H105: 24.0017 | I105: 710.164 | J105: 708.832 | K105: 0 | L105: 0 | M105: 709.745 | N105: 710.925 | O105: 0 | P105: 0 | Q105: 0.153541 | R105: 1999.59 | S105: 1999.42 | T105: 0 | U105: 0 | V105: 1999.54 | W105: 1999.95 | X105: 0 | Y105: 0 | Z105: 220 | AA105: 1.99937 | AB105: 2.00166 | AC105: -0.0585892 | AD105: -0.00377854 | AE105: 1.99781 | AF105: 2.00275 | AG105: -0.0939848 | AH105: -0.0103407 | AI105: 23.35844 | AJ105: 58.434882 | AL105: 88.508194 | AM105: 83.613762 | AN105: 16.282234 | AO105: 23.977011 | AP105: 0 | AQ105: 0 | AR105: 0.001375596 | AS105: 0 | AT105: 0.0005263201 | AU105: 84.134468 | AV105: 9.8081989 | AW105: 4.8745198 | AX105: 0 | AY105: 0 | AZ105: 0 | BA105: 0 | BB105: 0 | BC105: 0 | BD105: 0 | BE105: 0 | BF105: 0 | BG105: 0 | BH105: 0.0022786439 | BI105: 0.000959731 | BJ105: 0.42520541 | BK105: 0 | BL105: 0 | BM105: 0 | BN105: 0 | BO105: 0 | BP105: 0 | BQ105: 0 | BR105: 0 | BS105: 0 | BT105: 0 | BU105: 0 | BV105: 0 | BW105: 0 | BX105: 0 | BY105: 0 | BZ105: 0 | CA105: 0 | CB105: 0 | CC105: 0 | CD105: 0 | CE105: 0 | CF105: 0 | CG105: 0 | CH105: 0 | CI105: 0 | CJ105: 0 | CK105: 0 | CL105: 0 | CM105: 0 | CN105: 0.56687671 | DM105: 0.18557629 | DN105: =SUM(AP105:DM105) -> 99.999986 | DP105: 0.0013758774 | DQ105: 0.0022791098 | DR105: 0.0009599273 | DS105: 0.0005264277 | DT105: 0.0006311758 | DU105: 0.0024375594 | DV105: 0.043521099 | DW105: 0.37870252 | DX105: 84.151672 | DY105: 0.56699264 | DZ105: 0.009794875 | EA105: 9.8102045 | EB105: 0.13582529 | EC105: 4.8755164 | ED105: 0.019547474
A106: 46129 | C106: 6 | D106: 10:25:40 | E106: 230 | F106: 230 | G106: 23.9974 | H106: 24.0046 | I106: 747.74 | J106: 752.8 | K106: 0 | L106: 0 | M106: 749.779 | N106: 746.355 | O106: 0 | P106: 0 | Q106: 0.30484 | R106: 2000.24 | S106: 1999.75 | T106: 0 | U106: 0 | V106: 2000.04 | W106: 1999.99 | X106: 0 | Y106: 0 | Z106: 219.8 | AA106: 1.99941 | AB106: 2.00124 | AC106: -0.0618666 | AD106: 0.00255736 | AE106: 2.00235 | AF106: 1.9956 | AG106: -0.144583 | AH106: -0.0345706 | AI106: 20.83059 | AJ106: 59.442635 | AL106: 81.382271 | AM106: 83.431839 | AN106: 16.232981 | AO106: 66.264511 | AP106: 0 | AQ106: 0 | AR106: 3.3885648 | AS106: 0.90617639 | AT106: 0.24306577 | AU106: 29.30022 | AV106: 0.64023376 | AW106: 0.013415183 | AX106: 0 | AY106: 0 | AZ106: 0 | BA106: 0 | BB106: 0 | BC106: 0 | BD106: 0 | BE106: 0 | BF106: 0 | BG106: 0 | BH106: 6.2497835 | BI106: 1.0483872 | BJ106: 54.395145 | BK106: 1.8777785 | BL106: 0 | BM106: 0 | BN106: 0 | BO106: 0 | BP106: 0 | BQ106: 0 | BR106: 0 | BS106: 0 | BT106: 0 | BU106: 0 | BV106: 0 | BW106: 0 | BX106: 0 | BY106: 0 | BZ106: 0 | CA106: 0 | CB106: 0 | CC106: 0 | CD106: 0 | CE106: 0 | CF106: 0 | CG106: 0 | CH106: 0 | CI106: 0 | CJ106: 0 | CK106: 0 | CL106: 0 | CM106: 0 | CN106: 0.29876599 | DM106: 1.6384751 | DN106: =SUM(AP106:DM106) -> 100.00001 | DP106: 0.018891888 | DQ106: 3.3781021 | DR106: 6.2304864 | DS106: 0.90337837 | DT106: 1.04515 | DU106: 0.24231526 | DV106: 3.3072433 | DW106: 6.5579166 | DX106: 27.103271 | DY106: 17.25876 | DZ106: 29.209751 | EA106: 1.7095436 | EB106: 0.29784349 | EC106: 0.87469471 | ED106: 0.99728584 | EE106: 0.63825697 | EF106: 0.19860861 | EG106: 0.013373761 | EH106: 0.015124133
A107: 46129 | C107: 1 | D107: 12:29:51 | E107: 230 | F107: 230 | G107: 24.0003 | H107: 24.0046 | I107: 754.099 | J107: 769.858 | K107: 0 | L107: 0 | M107: 766.781 | N107: 753.001 | O107: 0 | P107: 0 | Q107: 0.27395 | R107: 2000.1 | S107: 1999.55 | T107: 0 | U107: 0 | V107: 2000 | W107: 2000.68 | X107: 0 | Y107: 0 | Z107: 220 | AA107: 2.00023 | AB107: 1.99852 | AC107: -0.0661705 | AD107: 0.00126281 | AE107: 2.0009 | AF107: 1.9989 | AG107: -0.0944002 | AH107: -0.00998271 | AI107: 23.310669 | AJ107: 58.47703 | AL107: 82.798515 | AM107: 83.46804 | AN107: 16.111954 | AO107: 58.263157 | AP107: 0 | AQ107: 0 | AR107: 2.5939832 | AS107: 0.82477146 | AT107: 0.18949907 | AU107: 40.1045 | AV107: 1.2362516 | AW107: 0.05381031 | AX107: 0 | AY107: 0 | AZ107: 0 | BA107: 0 | BB107: 0 | BC107: 0 | BD107: 0 | BE107: 0 | BF107: 0 | BG107: 0 | BH107: 5.1133056 | BI107: 0.96657336 | BJ107: 43.726616 | BK107: 2.6949584 | BL107: 0 | BM107: 0 | BN107: 0 | BO107: 0 | BP107: 0 | BQ107: 0 | BR107: 0 | BS107: 0 | BT107: 0 | BU107: 0 | BV107: 0 | BW107: 0 | BX107: 0 | BY107: 0 | BZ107: 0 | CA107: 0 | CB107: 0 | CC107: 0 | CD107: 0 | CE107: 0 | CF107: 0 | CG107: 0 | CH107: 0 | CI107: 0 | CJ107: 0 | CK107: 0 | CL107: 0 | CM107: 0 | CN107: 0.31324565 | DM107: 2.182519 | DN107: =SUM(AP107:DM107) -> 100.00003 | DP107: 0.011946111 | DQ107: 2.5849175 | DR107: 5.0954356 | DS107: 0.82188898 | DT107: 0.96319532 | DU107: 0.18883678 | DV107: 2.1863573 | DW107: 4.8064919 | DX107: 22.385172 | DY107: 14.195774 | DZ107: 39.964344 | EA107: 2.0739338 | EB107: 0.3121509 | EC107: 1.2638493 | ED107: 1.4216908 | EE107: 1.2319311 | EF107: 0.42200717 | EG107: 0.053622253 | EH107: 0.016460678
A108: 46129 | C108: 2 | D108: 14:34:03 | E108: 230 | F108: 230 | G108: 23.9685 | H108: 24.0104 | I108: 739.216 | J108: 728.444 | K108: 0 | L108: 0 | M108: 732.968 | N108: 741.589 | O108: 0 | P108: 0 | Q108: 0.116812 | R108: 1999.19 | S108: 1999.73 | T108: 0 | U108: 0 | V108: 2000.22 | W108: 1999.63 | X108: 0 | Y108: 0 | Z108: 220 | AA108: 2.00174 | AB108: 1.9997 | AC108: -0.0658882 | AD108: -2.45e-05 | AE108: 2.00045 | AF108: 2.0007 | AG108: -0.0876747 | AH108: -0.0553903 | AI108: 20.741424 | AJ108: 59.588055 | AL108: 82.634018 | AM108: 83.464378 | AN108: 16.132849 | AO108: 57.704231 | AP108: 0 | AQ108: 0 | AR108: 2.6634297 | AS108: 0.82461083 | AT108: 0.20559537 | AU108: 41.463554 | AV108: 1.3101238 | AW108: 0.057219748 | AX108: 0 | AY108: 0 | AZ108: 0 | BA108: 0 | BB108: 0 | BC108: 0 | BD108: 0 | BE108: 0 | BF108: 0 | BG108: 0 | BH108: 5.273747 | BI108: 1.00712 | BJ108: 42.272934 | BK108: 2.5542905 | BL108: 0 | BM108: 0 | BN108: 0 | BO108: 0 | BP108: 0 | BQ108: 0 | BR108: 0 | BS108: 0 | BT108: 0 | BU108: 0 | BV108: 0 | BW108: 0 | BX108: 0 | BY108: 0 | BZ108: 0 | CA108: 0 | CB108: 0 | CC108: 0 | CD108: 0 | CE108: 0 | CF108: 0 | CG108: 0 | CH108: 0 | CI108: 0 | CJ108: 0 | CK108: 0 | CL108: 0 | CM108: 0 | CN108: 0.28964475 | DM108: 2.0777276 | DN108: =SUM(AP108:DM108) -> 99.999998 | DP108: 0.01097214 | DQ108: 2.6549113 | DR108: 5.2568793 | DS108: 0.82197344 | DT108: 1.0038989 | DU108: 0.20493782 | DV108: 2.089416 | DW108: 4.7551494 | DX108: 21.632263 | DY108: 13.660901 | DZ108: 41.33094 | EA108: 1.9319015 | EB108: 0.28871837 | EC108: 1.1779741 | ED108: 1.368147 | EE108: 1.3059336 | EF108: 0.42586908 | EG108: 0.057036739 | EH108: 0.022166114
A112: 46129 | C112: 2 | D112: 22:50:45 | E112: 230 | F112: 230 | G112: 15.0072 | H112: 14.9971 | I112: 761.036 | J112: 762.424 | K112: 0 | L112: 0 | M112: 761.917 | N112: 762.783 | O112: 0 | P112: 0 | Q112: 0.30444 | R112: 1999.57 | S112: 1999.71 | T112: 0 | U112: 0 | V112: 1999.81 | W112: 2000.05 | X112: 0 | Y112: 0 | Z112: 220.1 | AA112: 1.99763 | AB112: 2.00398 | AC112: -0.0786354 | AD112: 0.000881734 | AE112: 2.00128 | AF112: 1.99558 | AG112: -0.219011 | AH112: -0.136666 | AI112: 19.966411 | AJ112: 59.995984 | AL112: 81.182007 | AM112: 83.426811 | AN112: 16.246849 | AO112: 64.451637 | AP112: 0 | AQ112: 0 | AR112: 3.4455459 | AS112: 0.92346317 | AT112: 0.28601271 | AU112: 32.771812 | AV112: 0.70012707 | AW112: 0.014355126 | AX112: 0 | AY112: 0 | AZ112: 0 | BA112: 0 | BB112: 0 | BC112: 0 | BD112: 0 | BE112: 0 | BF112: 0 | BG112: 0 | BH112: 6.5505414 | BI112: 1.1754525 | BJ112: 50.474121 | BK112: 1.8152785 | BL112: 0 | BM112: 0 | BN112: 0 | BO112: 0 | BP112: 0 | BQ112: 0 | BR112: 0 | BS112: 0 | BT112: 0 | BU112: 0 | BV112: 0 | BW112: 0 | BX112: 0 | BY112: 0 | BZ112: 0 | CA112: 0 | CB112: 0 | CC112: 0 | CD112: 0 | CE112: 0 | CF112: 0 | CG112: 0 | CH112: 0 | CI112: 0 | CJ112: 0 | CK112: 0 | CL112: 0 | CM112: 0 | CN112: 0.25462019 | DM112: 1.588659 | DN112: =SUM(AP112:DM112) -> 99.999989 | DP112: 0.011198266 | DQ112: 3.4359899 | DR112: 6.5323739 | DS112: 0.92090201 | DT112: 1.1721925 | DU112: 0.28521949 | DV112: 3.0954893 | DW112: 5.9457693 | DX112: 25.294909 | DY112: 15.997971 | DZ112: 32.680923 | EA112: 1.5861342 | EB112: 0.25391403 | EC112: 0.83661932 | ED112: 0.97362465 | EE112: 0.69818532 | EF112: 0.23718183 | EG112: 0.014315313 | EH112: 0.027107926
A113: 46130 | C113: 5 | D113: 00:54:55 | E113: 230 | F113: 230 | G113: 14.9957 | H113: 15 | I113: 799.875 | J113: 803.144 | K113: 0 | L113: 0 | M113: 802.933 | N113: 803.856 | O113: 0 | P113: 0 | Q113: 0.2622 | R113: 1999.65 | S113: 1999.59 | T113: 0 | U113: 0 | V113: 1999.62 | W113: 2000.34 | X113: 0 | Y113: 0 | Z113: 220 | AA113: 2.00204 | AB113: 2.00209 | AC113: -0.0544131 | AD113: 0.00620353 | AE113: 2.00084 | AF113: 2.00286 | AG113: -0.0998684 | AH113: -0.0018181 | AI113: 22.833252 | AJ113: 58.397804 | AL113: 88.496895 | AM113: 83.613571 | AN113: 16.277876 | AO113: 24.025753 | AP113: 0 | AQ113: 0 | AR113: 0.0028632956 | AS113: 0.004108184 | AT113: 0.0080280155 | AU113: 84.120049 | AV113: 9.8283167 | AW113: 4.7868156 | AX113: 0 | AY113: 0 | AZ113: 0 | BA113: 0 | BB113: 0 | BC113: 0 | BD113: 0 | BE113: 0 | BF113: 0 | BG113: 0 | BH113: 0.0055980957 | BI113: 0.0072112563 | BJ113: 0.44500536 | BK113: 0.0095828976 | BL113: 0 | BM113: 0 | BN113: 0 | BO113: 0 | BP113: 0 | BQ113: 0 | BR113: 0 | BS113: 0 | BT113: 0 | BU113: 0 | BV113: 0 | BW113: 0 | BX113: 0 | BY113: 0 | BZ113: 0 | CA113: 0 | CB113: 0 | CC113: 0 | CD113: 0 | CE113: 0 | CF113: 0 | CG113: 0 | CH113: 0 | CI113: 0 | CJ113: 0 | CK113: 0 | CL113: 0 | CM113: 0 | CN113: 0.56718153 | DM113: 0.21524188 | DN113: =SUM(AP113:DM113) -> 100 | DP113: 0.0028639836 | DQ113: 0.005599441 | DR113: 0.0041091712 | DS113: 0.0013306312 | DT113: 0.007212989 | DU113: 0.0080299443 | DV113: 0.0015822214 | DW113: 0.004470021 | DX113: 0.054353725 | DY113: 0.38470629 | DZ113: 84.140259 | EA113: 0.56731784 | EB113: 0.0046073566 | EC113: 0.0049778442 | ED113: 0.010317731 | EE113: 9.830678 | EF113: 0.14244947 | EG113: 4.7879658 | EH113: 0.037166569
A114: 46130 | C114: 6 | D114: 02:59:06 | E114: 230 | F114: 230 | G114: 15.0014 | H114: 15 | I114: 834.221 | J114: 833.67 | K114: 0 | L114: 0 | M114: 834.132 | N114: 833.77 | O114: 0 | P114: 0 | Q114: 0.294512 | R114: 1998.86 | S114: 1999.97 | T114: 0 | U114: 0 | V114: 2000.44 | W114: 2001.1 | X114: 0 | Y114: 0 | Z114: 220 | AA114: 1.99772 | AB114: 1.99608 | AC114: -0.060915 | AD114: 0.00130317 | AE114: 2.00309 | AF114: 1.99006 | AG114: -0.0429862 | AH114: -0.0349133 | AI114: 20.57193 | AJ114: 59.200219 | AL114: 79.975922 | AM114: 83.396118 | AN114: 16.35367 | AO114: 72.240456 | AP114: 0 | AQ114: 0 | AR114: 4.2031984 | AS114: 0.97486097 | AT114: 0.33296233 | AU114: 21.971178 | AV114: 0.27623531 | AW114: 0.0042606508 | AX114: 0 | AY114: 0 | AZ114: 0 | BA114: 0 | BB114: 0 | BC114: 0 | BD114: 0 | BE114: 0 | BF114: 0 | BG114: 0 | BH114: 7.4887261 | BI114: 1.1911449 | BJ114: 61.232956 | BK114: 0.95400441 | BL114: 0 | BM114: 0 | BN114: 0 | BO114: 0 | BP114: 0 | BQ114: 0 | BR114: 0 | BS114: 0 | BT114: 0 | BU114: 0 | BV114: 0 | BW114: 0 | BX114: 0 | BY114: 0 | BZ114: 0 | CA114: 0 | CB114: 0 | CC114: 0 | CD114: 0 | CE114: 0 | CF114: 0 | CG114: 0 | CH114: 0 | CI114: 0 | CJ114: 0 | CK114: 0 | CL114: 0 | CM114: 0 | CN114: 0.2647101 | DM114: 1.1057758 | DN114: =SUM(AP114:DM114) -> 100.00001 | DP114: 0.019868102 | DQ114: 4.1948833 | DR114: 7.4739113 | DS114: 0.9729324 | DT114: 1.1887885 | DU114: 0.33230364 | DV114: 5.0601869 | DW114: 7.5935969 | DX114: 29.60902 | DY114: 18.849014 | DZ114: 21.927713 | EA114: 1.1175214 | EB114: 0.26418644 | EC114: 0.44988528 | ED114: 0.50223184 | EE114: 0.27568886 | EF114: 0.14424399 | EG114: 0.0042522224 | EH114: 0.01978318
A115: 46130 | C115: 1 | D115: 05:03:17 | E115: 230 | F115: 230 | G115: 15.0159 | H115: 14.9942 | I115: 782.623 | J115: 782.227 | K115: 0 | L115: 0 | M115: 782.25 | N115: 781.789 | O115: 0 | P115: 0 | Q115: 0.239155 | R115: 2001.26 | S115: 2000.43 | T115: 0 | U115: 0 | V115: 1999.95 | W115: 2000.07 | X115: 0 | Y115: 0 | Z115: 220.1 | AA115: 1.99604 | AB115: 2.00131 | AC115: -0.0636695 | AD115: -0.000949508 | AE115: 1.9987 | AF115: 1.99697 | AG115: -0.094749 | AH115: -0.0172267 | AI115: 22.920491 | AJ115: 58.207368 | AL115: 81.256737 | AM115: 83.428757 | AN115: 16.238829 | AO115: 65.025787 | AP115: 0 | AQ115: 0 | AR115: 3.4292796 | AS115: 0.92494875 | AT115: 0.26613936 | AU115: 31.594986 | AV115: 0.66733032 | AW115: 0.013854013 | AX115: 0 | AY115: 0 | AZ115: 0 | BA115: 0 | BB115: 0 | BC115: 0 | BD115: 0 | BE115: 0 | BF115: 0 | BG115: 0 | BH115: 6.4467912 | BI115: 1.1141762 | BJ115: 51.774681 | BK115: 1.8648673 | BL115: 0 | BM115: 0 | BN115: 0 | BO115: 0 | BP115: 0 | BQ115: 0 | BR115: 0 | BS115: 0 | BT115: 0 | BU115: 0 | BV115: 0 | BW115: 0 | BX115: 0 | BY115: 0 | BZ115: 0 | CA115: 0 | CB115: 0 | CC115: 0 | CD115: 0 | CE115: 0 | CF115: 0 | CG115: 0 | CH115: 0 | CI115: 0 | CJ115: 0 | CK115: 0 | CL115: 0 | CM115: 0 | CN115: 0.27834252 | DM115: 1.6246076 | DN115: =SUM(AP115:DM115) -> 100 | DP115: 0.012335227 | DQ115: 3.4190717 | DR115: 6.4276009 | DS115: 0.92219543 | DT115: 1.1108595 | DU115: 0.26534712 | DV115: 3.2935266 | DW115: 5.9949784 | DX115: 25.916508 | DY115: 16.41555 | DZ115: 31.500937 | EA115: 1.6684344 | EB115: 0.27751398 | EC115: 0.87642503 | ED115: 0.98289108 | EE115: 0.66534388 | EF115: 0.2150294 | EG115: 0.013812773 | EH115: 0.02165401
A116: 46130 | C116: 2 | D116: 07:07:28 | E116: 230 | F116: 230 | G116: 14.9928 | H116: 14.9942 | I116: 791.877 | J116: 792.023 | K116: 0 | L116: 0 | M116: 791.997 | N116: 792.167 | O116: 0 | P116: 0 | Q116: 0.292003 | R116: 2000.3 | S116: 1999.23 | T116: 0 | U116: 0 | V116: 1999.63 | W116: 1999.79 | X116: 0 | Y116: 0 | Z116: 220 | AA116: 2.00488 | AB116: 1.99994 | AC116: -0.0645029 | AD116: 0.000818265 | AE116: 2.00056 | AF116: 1.99609 | AG116: -0.105926 | AH116: -0.0211411 | AI116: 20.375419 | AJ116: 59.638567 | AL116: 81.11689 | AM116: 83.425171 | AN116: 16.250536 | AO116: 64.31102 | AP116: 0 | AQ116: 0 | AR116: 3.4709384 | AS116: 0.93024749 | AT116: 0.29775327 | AU116: 33.125538 | AV116: 0.70704252 | AW116: 0.014607346 | AX116: 0 | AY116: 0 | AZ116: 0 | BA116: 0 | BB116: 0 | BC116: 0 | BD116: 0 | BE116: 0 | BF116: 0 | BG116: 0 | BH116: 6.6337123 | BI116: 1.2113185 | BJ116: 50.004875 | BK116: 1.7817352 | BL116: 0 | BM116: 0 | BN116: 0 | BO116: 0 | BP116: 0 | BQ116: 0 | BR116: 0 | BS116: 0 | BT116: 0 | BU116: 0 | BV116: 0 | BW116: 0 | BX116: 0 | BY116: 0 | BZ116: 0 | CA116: 0 | CB116: 0 | CC116: 0 | CD116: 0 | CE116: 0 | CF116: 0 | CG116: 0 | CH116: 0 | CI116: 0 | CJ116: 0 | CK116: 0 | CL116: 0 | CM116: 0 | CN116: 0.2450701 | DM116: 1.5771761 | DN116: =SUM(AP116:DM116) -> 100.00001 | DP116: 0.010917828 | DQ116: 3.4615328 | DR116: 6.615736 | DS116: 0.92772669 | DT116: 1.2080361 | DU116: 0.29694641 | DV116: 3.0383511 | DW116: 5.9147944 | DX116: 25.075781 | DY116: 15.840442 | DZ116: 33.035774 | EA116: 1.5600709 | EB116: 0.244406 | EC116: 0.81990069 | ED116: 0.95700634 | EE116: 0.70512658 | EF116: 0.24423373 | EG116: 0.014567763 | EH116: 0.028635033
A117: 46130 | C117: 5 | D117: 09:11:40 | E117: 230.1 | F117: 230 | G117: 14.9986 | H117: 14.9957 | I117: 793.255 | J117: 794.509 | K117: 0 | L117: 0 | M117: 793.542 | N117: 794.013 | O117: 0 | P117: 0 | Q117: 0.373235 | R117: 1999.77 | S117: 2000.24 | T117: 0 | U117: 0 | V117: 2000.58 | W117: 2000.26 | X117: 0 | Y117: 0 | Z117: 220.1 | AA117: 1.99632 | AB117: 2.00295 | AC117: -0.0538165 | AD117: -0.00602012 | AE117: 2.00095 | AF117: 2.00962 | AG117: -0.069278 | AH117: -0.00695513 | AI117: 22.912787 | AJ117: 58.454413 | AL117: 88.521095 | AM117: 83.614052 | AN117: 16.282139 | AO117: 23.963333 | AP117: 0 | AQ117: 0 | AR117: 0.0041423412 | AS117: 0.0012167547 | AT117: 0.0009883021 | AU117: 84.000359 | AV117: 9.8472719 | AW117: 4.9341722 | AX117: 0 | AY117: 0 | AZ117: 0 | BA117: 0 | BB117: 0 | BC117: 0 | BD117: 0 | BE117: 0 | BF117: 0 | BG117: 0 | BH117: 0.0066258232 | BI117: 0.0015873029 | BJ117: 0.44887197 | BK117: 0.0016447031 | BL117: 0 | BM117: 0 | BN117: 0 | BO117: 0 | BP117: 0 | BQ117: 0 | BR117: 0 | BS117: 0 | BT117: 0 | BU117: 0 | BV117: 0 | BW117: 0 | BX117: 0 | BY117: 0 | BZ117: 0 | CA117: 0 | CB117: 0 | CC117: 0 | CD117: 0 | CE117: 0 | CF117: 0 | CG117: 0 | CH117: 0 | CI117: 0 | CJ117: 0 | CK117: 0 | CL117: 0 | CM117: 0 | CN117: 0.56901461 | DM117: 0.1841007 | DN117: =SUM(AP117:DM117) -> 99.999995 | DP117: 0.0041431831 | DQ117: 0.0066271699 | DR117: 0.001217002 | DS117: 0.0015876256 | DT117: 0.000988503 | DU117: 0.0022994843 | DV117: 0.0056341789 | DW117: 0.055384241 | DX117: 0.3856453 | DY117: 84.017441 | DZ117: 0.5691303 | EA117: 0.0016450374 | EB117: 0.0095873391 | EC117: 9.8492746 | ED117: 0.13572414 | EE117: 4.9351754 | EF117: 0.01850374
A118: 46130 | C118: 6 | D118: 11:15:51 | E118: 229.9 | F118: 230 | G118: 15.0043 | H118: 15 | I118: 821.142 | J118: 822.066 | K118: 0 | L118: 0 | M118: 821.983 | N118: 821.217 | O118: 0 | P118: 0 | Q118: 0.184259 | R118: 2000.78 | S118: 1999.83 | T118: 0 | U118: 0 | V118: 2000.15 | W118: 1999.08 | X118: 0 | Y118: 0 | Z118: 220 | AA118: 2.00569 | AB118: 1.99933 | AC118: -0.0619309 | AD118: 0.00276898 | AE118: 2.00006 | AF118: 2.00978 | AG118: -0.0958289 | AH118: -0.0571433 | AI118: 20.627074 | AJ118: 59.25322 | AL118: 79.906776 | AM118: 83.394211 | AN118: 16.356045 | AO118: 72.104095 | AP118: 0 | AQ118: 0 | AR118: 4.2377925 | AS118: 0.99104375 | AT118: 0.33941418 | AU118: 22.264442 | AV118: 0.28233466 | AW118: 0.004104442 | AX118: 0 | AY118: 0 | AZ118: 0 | BA118: 0 | BB118: 0 | BC118: 0 | BD118: 0 | BE118: 0 | BF118: 0 | BG118: 0 | BH118: 7.5835962 | BI118: 1.2217654 | BJ118: 60.753372 | BK118: 0.95948529 | BL118: 0 | BM118: 0 | BN118: 0 | BO118: 0 | BP118: 0 | BQ118: 0 | BR118: 0 | BS118: 0 | BT118: 0 | BU118: 0 | BV118: 0 | BW118: 0 | BX118: 0 | BY118: 0 | BZ118: 0 | CA118: 0 | CB118: 0 | CC118: 0 | CD118: 0 | CE118: 0 | CF118: 0 | CG118: 0 | CH118: 0 | CI118: 0 | CJ118: 0 | CK118: 0 | CL118: 0 | CM118: 0 | CN118: 0.25943664 | DM118: 1.1031851 | DN118: =SUM(AP118:DM118) -> 99.999973 | DP118: 0.019724306 | DQ118: 4.2295303 | DR118: 7.5688109 | DS118: 0.98911154 | DT118: 1.2193835 | DU118: 0.33875245 | DV118: 4.9275723 | DW118: 7.5569415 | DX118: 29.426113 | DY118: 18.724298 | DZ118: 22.221035 | EA118: 1.1070206 | EB118: 0.25893083 | EC118: 0.44997075 | ED118: 0.50764394 | EE118: 0.28178418 | EF118: 0.14879289 | EG118: 0.00409644 | EH118: 0.020483775
A119: 46130 | C119: 1 | D119: 13:20:02 | E119: 230 | F119: 230 | G119: 15.013 | H119: 15.0072 | I119: 781.551 | J119: 783.057 | K119: 0 | L119: 0 | M119: 781.567 | N119: 782.499 | O119: 0 | P119: 0 | Q119: 0.337226 | R119: 2000.21 | S119: 1999.82 | T119: 0 | U119: 0 | V119: 2000.44 | W119: 1999.49 | X119: 0 | Y119: 0 | Z119: 220 | AA119: 1.99776 | AB119: 2.00176 | AC119: -0.0697223 | AD119: 0.00098179 | AE119: 1.99952 | AF119: 1.99376 | AG119: -0.056026 | AH119: -0.0276199 | AI119: 22.62379 | AJ119: 58.432324 | AL119: 81.267883 | AM119: 83.429169 | AN119: 16.239826 | AO119: 64.828568 | AP119: 0 | AQ119: 0 | AR119: 3.4198587 | AS119: 0.92072231 | AT119: 0.26650837 | AU119: 31.949562 | AV119: 0.67584592 | AW119: 0.014234953 | AX119: 0 | AY119: 0 | AZ119: 0 | BA119: 0 | BB119: 0 | BC119: 0 | BD119: 0 | BE119: 0 | BF119: 0 | BG119: 0 | BH119: 6.4322948 | BI119: 1.1111113 | BJ119: 51.465294 | BK119: 1.8514602 | BL119: 0 | BM119: 0 | BN119: 0 | BO119: 0 | BP119: 0 | BQ119: 0 | BR119: 0 | BS119: 0 | BT119: 0 | BU119: 0 | BV119: 0 | BW119: 0 | BX119: 0 | BY119: 0 | BZ119: 0 | CA119: 0 | CB119: 0 | CC119: 0 | CD119: 0 | CE119: 0 | CF119: 0 | CG119: 0 | CH119: 0 | CI119: 0 | CJ119: 0 | CK119: 0 | CL119: 0 | CM119: 0 | CN119: 0.27657595 | DM119: 1.6165226 | DN119: =SUM(AP119:DM119) -> 99.999991 | DP119: 0.012492828 | DQ119: 3.409821 | DR119: 6.413415 | DS119: 0.91801989 | DT119: 1.10785 | DU119: 0.26572615 | DV119: 3.2540064 | DW119: 5.9663424 | DX119: 25.774628 | DY119: 16.319262 | DZ119: 31.855785 | EA119: 1.6511282 | EB119: 0.27576417 | EC119: 0.87010604 | ED119: 0.97591996 | EE119: 0.67386228 | EF119: 0.21900177 | EG119: 0.014193172 | EH119: 0.022658972
A120: 46130 | C120: 2 | D120: 15:24:13 | E120: 230.1 | F120: 230 | G120: 15.0043 | H120: 15 | I120: 836.272 | J120: 835.55 | K120: 0 | L120: 0 | M120: 836.2 | N120: 835.966 | O120: 0 | P120: 0 | Q120: 0.135994 | R120: 2000.39 | S120: 1999.92 | T120: 0 | U120: 0 | V120: 1999.31 | W120: 2000.08 | X120: 0 | Y120: 0 | Z120: 220 | AA120: 1.99737 | AB120: 2.00121 | AC120: -0.0718324 | AD120: -0.00434737 | AE120: 2.00095 | AF120: 1.99275 | AG120: -0.130655 | AH120: -0.090256 | AI120: 20.600122 | AJ120: 59.219346 | AL120: 81.116493 | AM120: 83.425301 | AN120: 16.252951 | AO120: 64.008057 | AP120: 0 | AQ120: 0 | AR120: 3.4703331 | AS120: 0.92605299 | AT120: 0.29910481 | AU120: 33.676327 | AV120: 0.72112077 | AW120: 0.014635083 | AX120: 0 | AY120: 0 | AZ120: 0 | BA120: 0 | BB120: 0 | BC120: 0 | BD120: 0 | BE120: 0 | BF120: 0 | BG120: 0 | BH120: 6.6266575 | BI120: 1.2143086 | BJ120: 49.47303 | BK120: 1.7730969 | BL120: 0 | BM120: 0 | BN120: 0 | BO120: 0 | BP120: 0 | BQ120: 0 | BR120: 0 | BS120: 0 | BT120: 0 | BU120: 0 | BV120: 0 | BW120: 0 | BX120: 0 | BY120: 0 | BZ120: 0 | CA120: 0 | CB120: 0 | CC120: 0 | CD120: 0 | CE120: 0 | CF120: 0 | CG120: 0 | CH120: 0 | CI120: 0 | CJ120: 0 | CK120: 0 | CL120: 0 | CM120: 0 | CN120: 0.24341701 | DM120: 1.5619466 | DN120: =SUM(AP120:DM120) -> 100.00003 | DP120: 0.010829638 | DQ120: 3.4611018 | DR120: 6.6090302 | DS120: 0.92358965 | DT120: 1.2110785 | DU120: 0.29830918 | DV120: 2.9694014 | DW120: 5.8559418 | DX120: 24.846134 | DY120: 15.669952 | DZ120: 33.586746 | EA120: 1.5371515 | EB120: 0.24276951 | EC120: 0.81489098 | ED120: 0.95348942 | EE120: 0.71920258 | EF120: 0.24614279 | EG120: 0.014596154 | EH120: 0.029640004
...

Sheet Reactor1 (5)
A1: Synthetic Feed
A2: Carbon | D2: wt% | E2: 83.61
A3: Hydrogen | D3: wt% | E3: 16.23
A4: Molecular Weight | D4: wt% | E4: 88.55
C5: RON | D5: online DHA | H5: Carbon | I5: Hydrogen
A6: Propane | B6: 3 | C6: n-P | D6: wt% | H6: 0.817 | I6: =1-H6 -> 0.183
A7: i-Butane | B7: 4 | C7: i-P | D7: wt% | H7: 0.8276 | I7: =1-H7 -> 0.1724
A8: n-Butane | B8: 4 | C8: n-P | D8: wt% | H8: 0.8276 | I8: =1-H8 -> 0.1724
A9: i-Pentane | B9: 5 | C9: i-P | D9: wt% | H9: 0.8316 | I9: =1-H9 -> 0.1684
A10: n-Pentane | B10: 5 | C10: n-P | D10: wt% | H10: 0.8316 | I10: =1-H10 -> 0.1684
A11: 2,2-Dimethylbutane | B11: 6 | C11: i-P | D11: wt% | H11: 0.8359 | I11: =1-H11 -> 0.1641
A12: 2,3-Dimethylbutane | B12: 6 | C12: i-P | D12: wt% | H12: 0.8359 | I12: =1-H12 -> 0.1641
A13: 2-Methylpentane | B13: 6 | C13: i-P | D13: wt% | H13: 0.8359 | I13: =1-H13 -> 0.1641
A14: 3-Methylpentane | B14: 6 | C14: i-P | D14: wt% | H14: 0.8359 | I14: =1-H14 -> 0.1641
A15: n-Hexane | B15: 6 | C15: n-P | D15: wt% | E15: 85 | H15: 0.8359 | I15: =1-H15 -> 0.1641
A16: Methylcyclopentane | B16: 6 | C16: N | D16: wt% | E16: 0.5 | H16: 0.8563 | I16: =1-H16 -> 0.1437
A17: 2-Methylhexane | B17: 7 | C17: i-P | D17: wt% | H17: 0.8405 | I17: =1-H17 -> 0.1595
A18: 3-Methylhexane | B18: 7 | C18: i-P | D18: wt% | H18: 0.8405 | I18: =1-H18 -> 0.1595
A19: n-Heptane | B19: 7 | C19: i-P | D19: wt% | E19: 10 | H19: 0.8405 | I19: =1-H19 -> 0.1595
A20: n-Octane | B20: 8 | C20: n-P | D20: wt% | E20: 5 | H20: 0.8421 | I20: =1-H20 -> 0.1579
A21: Unidentified(<C3) | D21: wt% | H21: 0.7988 | I21: =1-H21 -> 0.2012
A22: Unidentified(C6-C7) | D22: wt% | H22: 0.8405 | I22: =1-H22 -> 0.1595
A23: Unidentified(C7-C8) | D23: wt% | H23: 0.8405 | I23: =1-H23 -> 0.1595
A24: Unidentified (C8+) | D24: wt% | H24: 0.8426 | I24: =1-H24 -> 0.1574
A25: Total | D25: wt%
C28: Catalyst amount | D28: gms | E28: =1.2426*0.965 -> 1.199109
C29: Catalyst amount | D29: ml | E29: =E28/0.654 -> 1.8335 | F29: dry CBD basis
C30: N2 | D30: NLPH | E30: =E53 -> 2.605
C31: H2_Online DHA | D31: % vol | E31: =AVERAGE(AI54:AN54) -> 22.866216 | F31: under no reaction condition
C32: N2_Online DHA | D32: % vol | E32: =AVERAGE(AI55:AJ55) -> 58.033185 | F32: under no reaction condition
C33: Naphtha_Online DHA | D33: % vol | E33: =100-E32-E31 -> 19.1006 | F33: under no reaction condition
C34: Total_Online DHA | D34: % vol | E34: =SUM(E31:E33) -> 100 | F34: under no reaction condition
C35: Molecular Weight_Online DHA | D35: -- | E35: =AVERAGE(AI58:AN58) -> 88.538216 | F35: under no reaction condition
C36: Carbon_Online DHA | D36: wt% | E36: =AVERAGE(AI59:AN59) -> 83.614244 | F36: under no reaction condition
C37: Hydrogen_Online DHA | D37: wt% | E37: =AVERAGE(AI60:AN60) -> 16.281729 | F37: under no reaction condition
C38: H2_Rx effluent | D38: gms/hr | E38: =AVERAGE(AH61:AL61) -> 0.085154283 | F38: under no reaction condition
C39: Naphtha_Rx effluent | D39: gms/hr | E39: =AVERAGE(AH62:AL62) -> 3.1100382 | F39: under no reaction condition
C40: Naphtha/H2 | D40: mass basis | E40: =E39/E38 -> 36.522393 | F40: under no reaction condition
C41: Naphtha/H2 | D41: std. deviation | E41: =_xlfn.STDEV.S(AI65:AN65) -> 1.2153358 | F41: under no reaction condition
AK44: under no reaction condition
C45: Date | D45: -- | E45: {=TRANSPOSE(_xlfn._xlws.FILTER('Raw Data'!A3:A300,('Raw Data'!C3:C300=5)*('Raw Data'!A3:A300<>"")))} -> 46120 | F45: 46121 | G45: 46122 | H45: 46122 | I45: 46123 | J45: 46123 | K45: 46123 | L45: 46124 | M45: 46124 | N45: 46125 | O45: 46125 | P45: 46125 | Q45: 46126 | R45: 46126 | S45: 46126 | T45: 46127 | U45: 46127 | V45: 46127 | W45: 46128 | X45: 46128 | Y45: 46129 | Z45: 46129 | AA45: 46130 | AB45: 46130 | AC45: 46130 | AD45: 46131 | AE45: 46131 | AF45: 46131 | AG45: 46132 | AH45: 46132 | AI45: 46133 | AJ45: 46133 | AK45: 46133 | AL45: 46134 | AM45: 46134 | AN45: 46134
C46: Injection Time | D46: -- | E46: {=TRANSPOSE(_xlfn._xlws.FILTER('Raw Data'!D3:D301,('Raw Data'!C3:C301=5)*('Raw Data'!D3:D301<>"")))} -> 17:23:32 | F46: 01:40:12 | G46: 10:47:06 | H46: 19:03:49 | I46: 03:20:33 | J46: 11:37:16 | K46: 19:53:59 | L46: 12:27:26 | M46: 20:44:08 | N46: 05:00:50 | O46: 13:17:33 | P46: 21:34:15 | Q46: 05:50:59 | R46: 14:07:40 | S46: 22:24:23 | T46: 06:41:07 | U46: 14:57:52 | V46: 23:14:34 | W46: 07:31:18 | X46: 15:48:02 | Y46: 00:04:46 | Z46: 08:21:29 | AA46: 00:54:55 | AB46: 09:11:40 | AC46: 17:28:24 | AD46: 01:45:06 | AE46: 10:01:49 | AF46: 18:18:33 | AG46: 02:35:14 | AH46: 10:51:56 | AI46: 03:25:20 | AJ46: 11:42:04 | AK46: 19:58:47 | AL46: 04:15:29 | AM46: 12:32:11 | AN46: 20:48:54
C47: Duration | D47: hrs | F47: =((F45+F46)-(E45+E46))*24 -> 8.2777778 | G47: =((G45+G46)-(F45+F46))*24 -> 33.115 | H47: =((H45+H46)-(G45+G46))*24 -> 8.2786111 | I47: =((I45+I46)-(H45+H46))*24 -> 8.2788889 | J47: =((J45+J46)-(I45+I46))*24 -> 8.2786111 | K47: =((K45+K46)-(J45+J46))*24 -> 8.2786111 | L47: =((L45+L46)-(K45+K46))*24 -> 16.5575 | M47: =((M45+M46)-(L45+L46))*24 -> 8.2783333 | ... AN47: =((AN45+AN46)-(AM45+AM46))*24 -> 8.2786111
C48: Run length | D48: hr | E48: 4 | F48: =F47+E48 -> 12.277778 | G48: =G47+F48 -> 45.392778 | H48: =H47+G48 -> 53.671389 | I48: =I47+H48 -> 61.950278 | J48: =J47+I48 -> 70.228889 | K48: =K47+J48 -> 78.5075 | L48: =L47+K48 -> 95.065 | M48: =M47+L48 -> 103.34333 | ... AN48: =AN47+AM48 -> 343.42278
C49: Pressure | D49: barg | E49: {=TRANSPOSE(_xlfn._xlws.FILTER('Raw Data'!G3:G304,('Raw Data'!C3:C304=5)*('Raw Data'!G3:G304<>"")))} -> 23.9945 | F49: 23.9612 | G49: 23.9771 | H49: 24.022 | I49: 23.9916 | J49: 23.9786 | K49: 23.996 | L49: 24.0495 | M49: 24.0191 | N49: 24.0003 | O49: 24.0104 | P49: 24.0205 | Q49: 23.9974 | R49: 23.9916 | S49: 24.0307 | T49: 23.9902 | U49: 24.0104 | V49: 24.0191 | W49: 23.9916 | X49: 24.0162 | Y49: 24.0017 | Z49: 23.9858 | AA49: 14.9957 | AB49: 14.9986 | AC49: 15.0174 | AD49: 15.0116 | AE49: 14.987 | AF49: 14.9812 | AG49: 15.0058 | AH49: 15.0101 | AI49: 23.9945 | AJ49: 23.9771 | AK49: 23.9974 | AL49: 15.0058 | AM49: 15.0116 | AN49: 15.0072
C50: Temperature | D50: oC | E50: {=TRANSPOSE(_xlfn._xlws.FILTER('Raw Data'!E3:E305,('Raw Data'!C3:C305=5)*('Raw Data'!E3:E305<>"")))} -> 190 | F50: 190 | G50: 190 | H50: 190 | I50: 190 | J50: 200 | K50: 200 | L50: 200.3 | M50: 200 | N50: 199.9 | O50: 200 | P50: 210.1 | Q50: 210 | R50: 210 | S50: 210 | T50: 210 | U50: 220 | V50: 220 | W50: 220 | X50: 220 | Y50: 229.9 | Z50: 230 | AA50: 230 | AB50: 230.1 | AC50: 230 | AD50: 230 | AE50: 229.9 | AF50: 230.1 | AG50: 230 | AH50: 230.1 | AI50: 158.9 | AJ50: 161.6 | AK50: 161.9 | AL50: 161.9 | AM50: 162.2 | AN50: 161.8
C51: WHSV | D51: h-1 | E51: =(E64/$E$28) -> 2.5448418 | F51: =(F64/$E$28) -> 2.4619236 | G51: =(G64/$E$28) -> 2.4427063 | H51: =(H64/$E$28) -> 2.4761184 | I51: =(I64/$E$28) -> 2.4746965 | J51: =(J64/$E$28) -> 2.4607544 | K51: =(K64/$E$28) -> 2.51139 | L51: =(L64/$E$28) -> 2.4952108 | ... AN51: =(AN64/$E$28) -> 2.6193756
C52: H2/Naphtha | D52: mol. Basis | E52: =($E$38/2)/(E64/$E$4) -> 1.2355081 | F52: =($E$38/2)/(F64/$E$4) -> 1.2771203 | G52: =($E$38/2)/(G64/$E$4) -> 1.2871678 | H52: =($E$38/2)/(H64/$E$4) -> 1.269799 | I52: =($E$38/2)/(I64/$E$4) -> 1.2705286 | J52: =($E$38/2)/(J64/$E$4) -> 1.2777272 | K52: =($E$38/2)/(K64/$E$4) -> 1.2519652 | L52: =($E$38/2)/(L64/$E$4) -> 1.260083 | ... AN52: =($E$38/2)/(AN64/$E$4) -> 1.200352
A53: N2 | D53: NLPH | E53: 2.605 | F53: 2.605 | G53: 2.605 | H53: 2.605 | I53: 2.605 | J53: 2.605 | K53: 2.605 | L53: 2.605 | M53: 2.605 | N53: 2.605 | O53: 2.605 | P53: 2.605 | Q53: 2.605 | R53: 2.605 | S53: 2.605 | T53: 2.605 | U53: 2.605 | V53: 2.605 | W53: 2.605 | X53: 2.605 | Y53: 2.605 | Z53: 2.605 | AA53: 2.605 | AB53: 2.605 | AC53: 2.605 | AD53: 2.605 | AE53: 2.605 | AF53: 2.605 | AG53: 2.605 | AH53: 2.605 | AI53: 2.605 | AJ53: 2.605 | AK53: 2.605 | AL53: 2.605 | AM53: 2.605 | AN53: 2.605
A54: H2_Online DHA | D54: % vol | E54: {=TRANSPOSE(_xlfn._xlws.FILTER('Raw Data'!AI3:AI309,('Raw Data'!C3:C309=5)*('Raw Data'!AI3:AI309<>"")))} -> 23.366536 | F54: 23.407452 | G54: 23.365182 | H54: 23.147193 | I54: 23.300184 | J54: 23.141192 | K54: 23.562333 | L54: 23.413194 | M54: 23.366049 | N54: 23.036341 | O54: 23.473345 | P54: 23.214171 | Q54: 23.30355 | R54: 24.019653 | S54: 22.271167 | T54: 23.577529 | U54: 23.665031 | V54: 23.362234 | W54: 23.191285 | X54: 23.011741 | Y54: 23.03639 | Z54: 23.35844 | AA54: 22.833252 | AB54: 22.912787 | AC54: 22.890391 | AD54: 22.996292 | AE54: 22.860758 | AF54: 22.695983 | AG54: 22.839598 | AH54: 22.728777 | AI54: 23.365418 | AJ54: 23.040638 | AK54: 22.284677 | AL54: 22.983027 | AM54: 23.349909 | AN54: 22.173625
A55: N2_Online DHA | D55: % vol | E55: {=TRANSPOSE(_xlfn._xlws.FILTER('Raw Data'!AJ3:AJ310,('Raw Data'!C3:C310=5)*('Raw Data'!AJ3:AJ310<>"")))} -> 58.075819 | F55: 58.500476 | G55: 58.641352 | H55: 58.675473 | I55: 58.568771 | J55: 58.772364 | K55: 58.167951 | L55: 58.367153 | M55: 58.38499 | N55: 58.626969 | O55: 58.288653 | P55: 58.556694 | Q55: 58.387087 | R55: 58.323152 | S55: 59.102756 | T55: 58.098917 | U55: 57.751728 | V55: 58.25324 | W55: 58.443252 | X55: 58.216798 | Y55: 58.432173 | Z55: 58.434882 | AA55: 58.397804 | AB55: 58.454413 | AC55: 58.038704 | AD55: 58.212826 | AE55: 58.438697 | AF55: 58.21853 | AG55: 58.280489 | AH55: 58.531373 | AI55: 57.912018 | AJ55: 58.154351 | AK55: 58.55191 | AL55: 58.05358 | AM55: 57.821556 | AN55: 58.632101
A56: Naphtha_Online DHA | D56: % vol | E56: =100-E55-E54 -> 18.557645 | F56: =100-F55-F54 -> 18.092072 | G56: =100-G55-G54 -> 17.993466 | H56: =100-H55-H54 -> 18.177334 | I56: =100-I55-I54 -> 18.131045 | J56: =100-J55-J54 -> 18.086444 | K56: =100-K55-K54 -> 18.269716 | L56: =100-L55-L54 -> 18.219653 | ... AN56: =100-AN55-AN54 -> 19.194274
A57: Total_Online DHA | D57: % vol | E57: =SUM(E54:E56) -> 100 | F57: =SUM(F54:F56) -> 100 | G57: =SUM(G54:G56) -> 100 | H57: =SUM(H54:H56) -> 100 | I57: =SUM(I54:I56) -> 100 | J57: =SUM(J54:J56) -> 100 | K57: =SUM(K54:K56) -> 100 | L57: =SUM(L54:L56) -> 100 | ... AN57: =SUM(AN54:AN56) -> 100
