Workbook

Sheet P. Yields - WABT 210 Act Fe (2)
C3: C5/C6 ISOMERISATION - Horizon-2 Programme - DGD_Patent_Run - @ WABT 210 deg C - Actual Run Conditions
G5: 210 | H5: 210 | I5: 210
C6: No | D6: Component ↓ | E6: UOM | G6: Z-700A | H6: Athos-1 | I6: Athos-3
C7: 1 | D7: Hydrogen | E7: wt% | G7: -0.059111209 | H7: -0.046635493 | I7: -0.07593812
C8: 2 | D8: Methane | E8: wt% | G8: 0.0019828472 | H8: 0.0014070799 | I8: 0.0029258093
C9: 3 | D9: Ethane | E9: wt% | G9: 0.0019554169 | H9: 0.0013847734 | I9: 0.0029093573
C10: 4 | D10: Propane | E10: wt% | G10: 0.14297252 | H10: 0.10075944 | I10: 0.21684833
C11: 5 | D11: n-Butane | E11: wt% | G11: 1.698259 | H11: 1.6933044 | I11: 1.7039007
C12: 6 | D12: iso-Butane | E12: wt% | G12: 2.7327347 | H12: 2.087099 | I12: 3.5822217
C13: 7 | D13: n-Pentane | E13: wt% | G13: 12.027647 | H13: 12.122874 | I13: 11.599571
C14: 8 | D14: iso-Pentane | E14: wt% | G14: 8.7807566 | H14: 8.6853951 | I14: 9.2090082
C15: 9 | D15: Cyclopentane | E15: wt% | G15: 0.27954973 | H15: 0.27966698 | I15: 0.27939405
C16: 10 | D16: n-Hexane | E16: wt% | G16: 14.439954 | H16: 14.72286 | I16: 13.218187
C17: 11 | D17: 2-Methyl Pentane | E17: wt% | G17: 7.9056713 | H17: 7.8466402 | I17: 8.2090946
C18: 12 | D18: 3-Methyl Pentane | E18: wt% | G18: 4.775473 | H18: 4.7093299 | I18: 5.0318694
... C29: 23 | D29: C8P | E29: wt% | G29: 12.067103 | H29: 12.647121 | I29: 11.337493
D30: Total → | E30: wt% | G30: =SUM(G7:G29) -> 100 | H30: =SUM(H7:H29) -> 100 | I30: =SUM(I7:I29) -> 100
C31: 24 | D31: Isomerate RON → | E31: - | G31: 54.533772 | H31: 53.664858 | I31: 57.485621
C32: 25 | D32: Isomerate MON → | E32: - | G32: 54.254103 | H32: 53.397028 | I32: 57.164756
C34: 26 | D34: C5+ Yield | E34: wt% | G34: 95.481207 | H34: 96.162681 | I34: 94.567132
C35: 27 | D35: C5+ Yield | E35: lv% | G35: 95.371126 | H35: 95.998792 | I35: 94.530978
C36: 28 | D36: C5+ product density | E36: g/cc | G36: 0.66826803 | H36: 0.66863713 | I36: 0.66775287
C37: 29 | D37: C5+ Isomearate MW | E37: g/g-mol | G37: 89.178268 | H37: 89.30651 | I37: 89.008908
C38: 30 | D38: H2 consumption | E38: Nm3/m3 | G38: 4.38724 | H38: 3.4612911 | I38: 5.6361351
C39: 31 | D39: Reid Vapour Pressure | E39: mbar | G39: 483.84731 | H39: 480.25566 | I39: 492.8252
C41: 32 | D41: ∆ RON (Prod - Feed) | E41: - | G41: =G31-44 -> 10.533772 | H41: =H31-44 -> 9.6648577 | I41: =I31-44 -> 13.485621
C42: 33 | D42: ∆ MON (Prod - Feed) | E42: - | G42: =G32-43.9 -> 10.354103 | H42: =H32-43.9 -> 9.4970279 | I42: =I32-43.9 -> 13.264756
C44: Simulation outuput - Operating Parameters
J45: Benefit USD/RON-BBL
C46: 34 | D46: Reactor Inlet Temp | E46: °C | G46: 203.35672 | H46: 204.2995 | I46: 201.45726 | J46: 1.25
C47: 35 | D47: Reactor Outlet Temp | E47: °C | G47: 213.32164 | H47: 212.85025 | I47: 214.27137
C48: 36 | D48: Reactor dT | E48: °C | G48: =G47-G46 -> 9.9649131 | H48: =H47-H46 -> 8.5507508 | I48: =I47-I46 -> 12.814106
C49: 37 | D49: WABT | E49: °C | G49: 210 | H49: 210 | I49: 210
C50: 38 | D50: Reactor Inlet Pre | E50: bar (g) | G50: 25 | H50: 25 | I50: 25
C51: 39 | D51: LHSV | E51: hr(-1) | G51: 1.4722119 | H51: 1.4757356 | I51: 1.4662483
C52: 40 | D52: WHSV | E52: hr(-1) | G52: 1.3904992 | H52: 1.980408 | I52: 1.5684832
C53: 41 | D53: H2:HC ratio | E53: mol:mol | G53: 3 | H53: 3 | I53: 3
C54: 42 | D54: Feed rate | E54: BPD | G54: 9429 | H54: 9429 | I54: 9429
C55: 43 | D55: Isomerate | E55: BPD | G55: =G54*G35/100 -> 8992.5434 | H55: =H54*H35/100 -> 9051.7261 | I55: =I54*I35/100 -> 8913.3259
C56: 44 | D56: ∆RON-BBL | E56: - | G56: =G55*G41 -> 94725.403 | H56: =H55*H41 -> 87483.645 | I56: =I55*I41 -> 120201.74
C57: 45 | D57: Simple Benefit Analysis | E57: KUSD/Day | G57: =(G56*$J$46)/10^3 -> 118.40675 | H57: =(H56*$J$46)/10^3 -> 109.35456 | I57: =(I56*$J$46)/10^3 -> 150.25217 | L57: 1000
E58: MUSD/Yr | G58: =(G57*350)/1000 -> 41.442364 | H58: =(H57*350)/1000 -> 38.274095 | I58: =(I57*350)/1000 -> 52.588261 | L58: 667
G59: =G57/G57 -> 1 | H59: =H57/G57 -> 0.92354999 | I59: =I57/G57 -> 1.2689494 | L59: =L57/L58 -> 1.4992504
L60: =L59*1000 -> 1499.2504
L61: =L60*6.289 -> 9428.7856

Sheet P. Yields - WABT 215 Act Fe (2)
C3: C5/C6 ISOMERISATION - Horizon-2 Programme - DGD_Patent_Run - @ WABT 215 deg C - Actual Run Conditions
C6: No | D6: Component ↓ | E6: UOM | G6: Z-700A | H6: Athos-1 | I6: Athos-3
C7: 1 | D7: Hydrogen | E7: wt% | G7: -0.064473811 | H7: -0.050490478 | I7: -0.083823601
C8: 2 | D8: Methane | E8: wt% | G8: 0.0029511765 | H8: 0.0020910142 | I8: 0.0043794335
C9: 3 | D9: Ethane | E9: wt% | G9: 0.0029579217 | H9: 0.0020918401 | I9: 0.0044225922
C10: 4 | D10: Propane | E10: wt% | G10: 0.21523197 | H10: 0.15139869 | I10: 0.32858398
C11: 5 | D11: n-Butane | E11: wt% | G11: 1.7053241 | H11: 1.6984652 | I11: 1.7132481
C12: 6 | D12: iso-Butane | E12: wt% | G12: 2.9230831 | H12: 2.2249435 | I12: 3.8580362
C13: 7 | D13: n-Pentane | E13: wt% | G13: 11.768207 | H13: 11.88452 | I13: 11.251657
C14: 8 | D14: iso-Pentane | E14: wt% | G14: 9.0404557 | H14: 8.9239373 | I14: 9.557273
C15: 9 | D15: Cyclopentane | E15: wt% | G15: 0.27933549 | H15: 0.27951218 | I15: 0.27910096
C16: 10 | D16: n-Hexane | E16: wt% | G16: 13.674048 | H16: 14.007373 | I16: 12.267938
C17: 11 | D17: 2-Methyl Pentane | E17: wt% | G17: 8.0913871 | H17: 8.0066028 | I17: 8.4773952
C18: 12 | D18: 3-Methyl Pentane | E18: wt% | G18: 4.964958 | H18: 4.8934424 | I18: 5.2362763
... C29: 23 | D29: C8P | E29: wt% | G29: 11.978526 | H29: 12.580011 | I29: 11.223706
D30: Total → | E30: wt% | G30: =SUM(G7:G29) -> 100 | H30: =SUM(H7:H29) -> 100 | I30: =SUM(I7:I29) -> 100
C31: 24 | D31: Isomerate RON → | E31: - | G31: 56.059128 | H31: 55.137259 | I31: 59.105137
C32: 25 | D32: Isomerate MON → | E32: - | G32: 55.75342 | H32: 54.843986 | I32: 58.756466
C34: 26 | D34: C5+ Yield | E34: wt% | G34: 95.214926 | H34: 95.9715 | I34: 94.175153
C35: 27 | D35: C5+ Yield | E35: lv% | G35: 95.120456 | H35: 95.819189 | I35: 94.162139
C36: 28 | D36: C5+ product density | E36: g/cc | G36: 0.66816051 | H36: 0.66855861 | I36: 0.66758983
C37: 29 | D37: C5+ Isomearate MW | E37: g/g-mol | G37: 89.142185 | H37: 89.28064 | I37: 88.956373
C38: 30 | D38: H2 consumption | E38: Nm3/m3 | G38: 7.1689442 | H38: 5.6141155 | I38: 9.3204777
C39: 31 | D39: Reid Vapour Pressure | E39: mbar | G39: 488.17324 | H39: 484.09776 | I39: 498.40693
C41: 32 | D41: ∆ RON (Prod - Feed) | E41: - | G41: =G31-44 -> 12.059128 | H41: =H31-44 -> 11.137259 | I41: =I31-44 -> 15.105137
C42: 33 | D42: ∆ MON (Prod - Feed) | E42: - | G42: =G32-43.9 -> 11.85342 | H42: =H32-43.9 -> 10.943986 | I42: =I32-43.9 -> 14.856466
C44: Simulation outuput - Operating Parameters
J45: Benefit USD/RON-BBL
C46: 34 | D46: Reactor Inlet Temp | E46: °C | G46: 207.56452 | H46: 208.60386 | I46: 205.47698 | J46: 1.25
C47: 35 | D47: Reactor Outlet Temp | E47: °C | G47: 218.71774 | H47: 218.19807 | I47: 219.76151
C48: 36 | D48: Reactor dT | E48: °C | G48: =G47-G46 -> 11.153221 | H48: =H47-H46 -> 9.5942032 | I48: =I47-I46 -> 14.284534
C49: 37 | D49: WABT | E49: °C | G49: 215 | H49: 215 | I49: 215
C50: 38 | D50: Reactor Inlet Pre | E50: bar (g) | G50: 25 | H50: 25 | I50: 25
C51: 39 | D51: LHSV | E51: hr(-1) | G51: 1.4722119 | H51: 1.4757356 | I51: 1.4662483
C52: 40 | D52: WHSV | E52: hr(-1) | G52: 1.3904992 | H52: 1.980408 | I52: 1.5684832
C53: 41 | D53: H2:HC ratio | E53: mol:mol | G53: 3 | H53: 3 | I53: 3
C54: 42 | D54: Feed rate | E54: BPD | G54: 9429 | H54: 9429 | I54: 9429
C55: 43 | D55: Isomerate | E55: BPD | G55: =G54*G35/100 -> 8968.9078 | H55: =H54*H35/100 -> 9034.7913 | I55: =I54*I35/100 -> 8878.5481
C56: 44 | D56: ∆RON-BBL | E56: - | G56: =G55*G41 -> 108157.2 | H56: =H55*H41 -> 100622.81 | I56: =I55*I41 -> 134111.68
C57: 45 | D57: Simple Benefit Analysis | E57: KUSD/Day | G57: =(G56*$J$46)/10^3 -> 135.1965 | H57: =(H56*$J$46)/10^3 -> 125.77851 | I57: =(I56*$J$46)/10^3 -> 167.6396 | L57: 1000
E58: MUSD/Yr | G58: =(G57*350)/1000 -> 47.318776 | H58: =(H57*350)/1000 -> 44.02248 | I58: =(I57*350)/1000 -> 58.673861 | L58: 667
G59: =G57/G57 -> 1 | H59: =H57/G57 -> 0.93033851 | I59: =I57/G57 -> 1.23997 | L59: =L57/L58 -> 1.4992504
L60: =L59*1000 -> 1499.2504
L61: =L60*6.289 -> 9428.7856

Sheet P. Yields - WABT 220 Act Fe (2)
C3: C5/C6 ISOMERISATION - Horizon-2 Programme - DGD_Patent_Run - @ WABT 220 deg C - Actual Run Conditions
N4: Experimental | O4: Experimental
N5: 220 0C | O5: 220 0C
C6: No | D6: Component ↓ | E6: UOM | G6: Z-700A | H6: Athos-1 | I6: Athos-3 | N6: ATHOS-1 | O6: ATHOS-3
C7: 1 | D7: Hydrogen | E7: wt% | G7: -0.071778869 | H7: -0.055760119 | I7: -0.07593812
C8: 2 | D8: Methane | E8: wt% | G8: 0.0043891961 | H8: 0.0031124392 | I8: 0.0029258093 | L8: Methane | M8: wof% | N8: 0 | O8: 0
C9: 3 | D9: Ethane | E9: wt% | G9: 0.0044712675 | H9: 0.003165693 | I9: 0.0029093573 | L9: Ethane | M9: wof% | N9: 0 | O9: 0
C10: 4 | D10: Propane | E10: wt% | G10: 0.32443498 | H10: 0.22845694 | I10: 0.21684833 | L10: Propane | M10: wof% | N10: 3.7960349 | O10: 10.350041
C11: 5 | D11: n-Butane | E11: wt% | G11: 1.7153828 | H11: 1.7058315 | I11: 1.7039007 | L11: n-Butane | M11: wof% | N11: 3.2262749 | O11: 3.8442695
C12: 6 | D12: iso-Butane | E12: wt% | G12: 3.1682022 | H12: 2.403596 | I12: 3.5822217 | L12: iso-Butane | M12: wof% | N12: 8.3316779 | O12: 19.184296
C13: 7 | D13: n-Pentane | E13: wt% | G13: 11.461386 | H13: 11.599097 | I13: 11.599571 | L13: n-Pentane | M13: wof% | N13: 12.537023 | O13: 11.985359
C14: 8 | D14: iso-Pentane | E14: wt% | G14: 9.3476722 | H14: 9.2096478 | I14: 9.2090082 | L14: iso-Pentane | M14: wof% | N14: 10.050346 | O14: 11.777568
C15: 9 | D15: Cyclopentane | E15: wt% | G15: 0.2790207 | H15: 0.27928399 | I15: 0.27939405 | L15: Cyclopentane | M15: wof% | N15: 0 | O15: 0
C16: 10 | D16: n-Hexane | E16: wt% | G16: 12.807537 | H16: 13.179385 | I16: 13.218187 | L16: n-Hexane | M16: wof% | N16: 14.268627 | O16: 10.91722
C17: 11 | D17: 2-Methyl Pentane | E17: wt% | G17: 8.3315921 | H17: 8.2272531 | I17: 8.2090946 | L17: 2-Methyl Pentane | M17: wof% | N17: 8.5874999 | O17: 9.6585235
C18: 12 | D18: 3-Methyl Pentane | E18: wt% | G18: 5.1643405 | H18: 5.0908527 | I18: 5.0318694 | L18: 3-Methyl Pentane | M18: wof% | N18: 5.1822401 | O18: 5.9866378
C19: 13 | D19: 2,3-Dimethyl Butane | E19: wt% | G19: 2.0601685 | H19: 2.0110633 | I19: 2.0163863 | L19: 2,3-Dimethyl Butane | M19: wof% | N19: 1.8746325 | O19: 2.9024668
... C29: 23 | D29: C8P | E29: wt% | G29: 11.888672 | H29: 12.510173 | I29: 11.337493 | L29: C8P | M29: wof% | N29: 4.9543986 | O29: 0.96430322
D30: Total → | E30: wt% | G30: =SUM(G7:G29) -> 100 | H30: =SUM(H7:H29) -> 100 | I30: =SUM(I7:I29) -> 100 | L30: C3 & Below | M30: wof% | N30: 0.017656294 | O30: 0.020180284
C31: 24 | D31: Isomerate RON → | E31: - | G31: 57.609735 | H31: 56.66822 | I31: 57.485621 | L31: C4-C5 Unknowns | M31: wof% | N31: 0 | O31: 0.0055362286
C32: 25 | D32: Isomerate MON → | E32: - | G32: 57.277669 | H32: 56.349075 | I32: 57.164756 | L32: C5-C6 Unknowns | M32: wof% | N32: 0 | O32: 0
L33: C6-C7 Unknowns | M33: wof% | N33: 0 | O33: 0
C34: 26 | D34: C5+ Yield | E34: wt% | G34: 94.854898 | H34: 95.711598 | I34: 94.567132 | L34: C7-C8 Unknowns | M34: wof% | N34: 0.05722763 | O34: 0.0074887693
C35: 27 | D35: C5+ Yield | E35: lv% | G35: 94.780044 | H35: 95.574233 | I35: 94.530978 | L35: Total | M35: wof% | N35: =SUM(N8:N34) -> 100.37053 | O35: 100.75026
C36: 28 | D36: C5+ product density | E36: g/cc | G36: 0.66802475 | H36: 0.66845694 | I36: 0.66775287
C37: 29 | D37: C5+ Isomearate MW | E37: g/g-mol | G37: 89.096223 | H37: 89.247524 | I37: 89.008908
C38: 30 | D38: H2 consumption | E38: Nm3/m3 | G38: 7.981205 | H38: 6.2000551 | I38: 8.4436787
C39: 31 | D39: Reid Vapour Pressure | E39: mbar | G39: 493.22053 | H39: 488.60222 | I39: 492.8252
C41: 32 | D41: ∆ RON (Prod - Feed) | E41: - | G41: =G31-44 -> 13.609735 | H41: =H31-44 -> 12.66822 | I41: =I31-44 -> 13.485621
C42: 33 | D42: ∆ MON (Prod - Feed) | E42: - | G42: =G32-43.9 -> 13.377669 | H42: =H32-43.9 -> 12.449075 | I42: =I32-43.9 -> 13.264756
C44: Simulation outuput - Operating Parameters
J45: Benefit USD/RON-BBL
C46: 34 | D46: Reactor Inlet Temp | E46: °C | G46: 211.65339 | H46: 212.80312 | I46: 201.45726 | J46: 1.25
C47: 35 | D47: Reactor Outlet Temp | E47: °C | G47: 224.1733 | H47: 223.59844 | I47: 214.27137
C48: 36 | D48: Reactor dT | E48: °C | G48: =G47-G46 -> 12.519908 | H48: =H47-H46 -> 10.795321 | I48: =I47-I46 -> 12.814106
C49: 37 | D49: WABT | E49: °C | G49: 220 | H49: 220 | I49: 220
C50: 38 | D50: Reactor Inlet Pre | E50: bar (g) | G50: 25 | H50: 25 | I50: 25
C51: 39 | D51: LHSV | E51: hr(-1) | G51: 1.4722119 | H51: 1.4757356 | I51: 1.4662483
C52: 40 | D52: WHSV | E52: hr(-1) | G52: 1.3904992 | H52: 1.980408 | I52: 1.5684832
C53: 41 | D53: H2:HC ratio | E53: mol:mol | G53: 3 | H53: 3 | I53: 3
C54: 42 | D54: Feed rate | E54: BPD | G54: 9429 | H54: 9429 | I54: 9429
C55: 43 | D55: Isomerate | E55: BPD | G55: =G54*G35/100 -> 8936.8103 | H55: =H54*H35/100 -> 9011.6945 | I55: =I54*I35/100 -> 8913.3259
C56: 44 | D56: ∆RON-BBL | E56: - | G56: =G55*G41 -> 121627.62 | H56: =H55*H41 -> 114162.13 | I56: =I55*I41 -> 120201.74
C57: 45 | D57: Simple Benefit Analysis | E57: KUSD/Day | G57: =(G56*$J$46)/10^3 -> 152.03452 | H57: =(H56*$J$46)/10^3 -> 142.70266 | I57: =(I56*$J$46)/10^3 -> 150.25217 | L57: 1000
E58: MUSD/Yr | G58: =(G57*350)/1000 -> 53.212083 | H58: =(H57*350)/1000 -> 49.94593 | I58: =(I57*350)/1000 -> 52.588261 | L58: 667
G59: =G57/G57 -> 1 | H59: =H57/G57 -> 0.9386201 | I59: =I57/G57 -> 0.98827669 | L59: =L57/L58 -> 1.4992504
L60: =L59*1000 -> 1499.2504
L61: =L60*6.289 -> 9428.7856

Sheet Exp.Plan_Light Naphtha Isom.
A2: Objective | B2: Mononaphtha Upgrading is part of the Renewable Gasoline Theme within the Low Carbon Fuels Technology (LCF) Horizon 2 portfolio. This experimental program will generate the data required to support the SG1 decision planned for December 2026. The objective is to screen commercial isomerization catalysts based on: • Activity • Selectivity (minimizing hydrocracking and maximizing liquid yield C5+) • RON uplift The feedstock will be a commercial naphtha stream from Diamond Green Diesel (USA), produced via the HEFA/VO pathway. While catalyst stability is an important consideration, it is not included in the scope of this initial screening campaign. Based on the activity, selectivity, and RON uplift results, a decision will be made on whether catalyst stability should be evaluated in a subsequent study or as an extension of the current program.
A4: Catalyst Loading Plan | B4: Units | C4: Block 1 | G4: Block 2
A5: Reactor | B5: -- | C5: 1 | D5: 2 | E5: 3 | F5: 4 | G5: 5 | H5: 6 | I5: 7 | J5: 8
A6: SCI number | B6: -- | C6: 10684 | D6: 10910 | E6: 10685 | F6: -- | G6: 10684 | H6: 10910 | I6: 10685 | J6: --
A7: CISPRO label | B7: -- | C7: C530823 | D7: C569575 | E7: C530817 | F7: -- | G7: C530823 | H7: C569575 | I7: C530817 | J7: --
A8: Catalyst | B8: -- | C8: Z-700A | D8: ATHOS-1 | E8: ATHOS-3 | F8: SiC-INERT | G8: Z-700A | H8: ATHOS-1 | I8: ATHOS-3 | J8: SiC-INERT
A9: Shape & Size | B9: mm | C9: CY 1.6 | D9: CY 1.6 | E9: CY 1.6 | F9: 0.8mm | G9: CY 1.6 | H9: CY 1.6 | I9: CY 1.6 | J9: 0.8mm
A10: CBD (as-is) | B10: g/ml | C10: 0.7625 | D10: 0.5158 | E10: 0.6492 | F10: 1.77 | G10: 0.7625 | H10: 0.5158 | I10: 0.6492 | J10: 1.77
A11: LOI | B11: wt% | C11: 7.06 | D11: 3.33 | E11: 3.6 | F11: -- | G11: 7.06 | H11: 3.33 | I11: 3.6 | J11: --
A12: CBD (dry basis) | B12: g/ml | C12: =C10-(C10*(C11/100)) -> 0.7086675 | D12: =D10-(D10*(D11/100)) -> 0.49862386 | E12: =E10-(E10*(E11/100)) -> 0.6258288 | F12: -- | G12: =G10-(G10*(G11/100)) -> 0.7086675 | H12: =H10-(H10*(H11/100)) -> 0.49862386 | I12: =I10-(I10*(I11/100)) -> 0.6258288 | J12: --
A13: Catalyst volume | B13: ml | C13: 2 | D13: 2 | E13: 2 | F13: 2 | G13: 2 | H13: 2 | I13: 2 | J13: 2
A14: Catalyst amount | B14: gms | C14: =C13*C10 -> 1.525 | D14: =D13*D10 -> 1.0316 | E14: =E13*E10 -> 1.2984 | F14: =F13*F10 -> 3.54 | G14: =G13*G10 -> 1.525 | H14: =H13*H10 -> 1.0316 | I14: =I13*I10 -> 1.2984 | J14: =J13*J10 -> 3.54
A15: Naphtha Flow rate | B15: gms/hr | C15: =(C13*C22)*C27 -> 2.007 | D15: =C15 -> 2.007 | E15: =C15 -> 2.007 | F15: =C15 -> 2.007 | G15: =C15 -> 2.007 | H15: =C15 -> 2.007 | I15: =C15 -> 2.007 | J15: =C15 -> 2.007
A16: H2 Flow rate | B16: gms/hr | C16: =(C15/88.7)*$C$23*2 -> 0.13576099 | D16: =C16 -> 0.13576099 | E16: =C16 -> 0.13576099 | F16: =C16 -> 0.13576099 | G16: =C16 -> 0.13576099 | H16: =C16 -> 0.13576099 | I16: =C16 -> 0.13576099 | J16: =C16 -> 0.13576099
A17: H2 Flow rate | B17: NPLH | C17: =(C16/2)*22.4*(293/273) -> 1.6319167 | D17: =C17 -> 1.6319167 | E17: =D17 -> 1.6319167 | F17: =C17 -> 1.6319167 | G17: =C17 -> 1.6319167 | H17: =C17 -> 1.6319167 | I17: =C17 -> 1.6319167 | J17: =C17 -> 1.6319167
A19: Op.Conditions | B19: Units | C19: 1 | D19: 2 | E19: 3
A20: Pressure | B20: barg | C20: 25 | D20: 25 | E20: 25
A21: Temperature (*) | B21: oC | C21: 210 | D21: 220 | E21: 230
A22: LHSV | B22: h-1 | C22: 1.5 | D22: 1.5 | E22: 1.5
A23: H2/Naphtha | B23: mol.basis | C23: 3 | D23: 3 | E23: 3
A24: Duration | B24: hrs | C24: 72 | D24: 72 | E24: 72
A27: Feed Density @ 15 oC | B27: g/cc | C27: 0.669 | D27: To be updated following receipt of the analytical results
A28: Feed molecular weight | B28: -- | C28: 88.7 | D28: from offline DHA
A31: Naphtha/H2 | B31: mass ratio | C31: =(C15/C16) -> 14.783333
A61: H2 flow rate | B61: NLPH

Sheet Catalyst Loading Details
B4: Catalyst Loading Diagram | U4: Block1 | Z4: Block2
T5: Zones | U5: Reactor | Z5: Reactor
O6: Reactor ID | P6: mm | Q6: 4.4 | U6: 1 | V6: 2 | W6: 3 | X6: 4 | Z6: 5 | AA6: 6 | AB6: 7 | AC6: 8
G7: Empty space | O7: Isothermal zone height | P7: mm | Q7: 300 | T7: Catalyst | U7: Z-700A | V7: ATHOS-1 | W7: ATHOS-3 | X7: SiC | Z7: Z-700A | AA7: ATHOS-1 | AB7: ATHOS-3 | AC7: SiC
O8: Isothermal zone volume | P8: ml | Q8: =(22/28)*(Q6*Q6)*Q7/1000 -> 4.5634286 | T8: Preheating Zone, mm | U8: =930-50-U9-U10 -> 384 | V8: =930-50-V9-V10 -> 378 | W8: =930-50-W9-W10 -> 380 | Z8: =930-50-Z9-Z10 -> 380 | AA8: =930-50-AA9-AA10 -> 387 | AB8: =930-50-AB9-AB10 -> 386
G9: Preheating Zone SiC, 0.8 mm | O9: Catalyst volume | P9: ml | Q9: 2 | T9: Catalyst Bed Zone, mm | U9: 196 | V9: 202 | W9: 200 | Z9: 200 | AA9: 193 | AB9: 194
T10: Post Heating Zone, mm | U10: 300 | V10: 300 | W10: 300 | Z10: 300 | AA10: 300 | AB10: 300
G13: Z-700A, CY 1.6 (2 ml) + SiC 50 microns (2 ml) equally divided into 10 portions
G19: Post Heating Zone SiC, 0.8 mm
C27: Frit at the end of reactor bottom
C28: Height ~ 10 mm
C29: Size
AD57: =AD56*40 -> 0

Sheet Catalyst Drying and Reduction
A1: Steps | B1: Start Temperature | C1: Target Temperature | D1: Ramp Rate, oC/hr | E1: Holding, hrs | F1: N2 flow, NLPH | G1: H2 flow, NLPH | H1: Pressure, barg | I1: Remarks | L1: Step | M1: Time, hrs | N1: Cumulative Time, hrs | O1: Temperature, oC | P1: N2/H2 flow | Q1: N2/H2, barg
A2: 1 | B2: 25 | C2: =B2 -> 25 | D2: 0 | E2: 2 | F2: Y | H2: 1 | L2: 1 | M2: =(C2-B2) -> 0 | N2: 0 | O2: =B2 -> 25 | Q2: =H2 -> 1
A3: =A2+1 -> 2 | B3: 25 | C3: 300 | D3: 50 | E3: 2 | F3: Y | H3: 1 | M3: =E2 -> 2 | N3: =M3+N2 -> 2 | O3: =C2 -> 25 | Q3: =H2 -> 1
A4: =A3+1 -> 3 | B4: 300 | C4: 150 | D4: 50 | E4: 0 | F4: Y | H4: 1 | L4: 2 | M4: =(C3-B3)/D3 -> 5.5 | N4: =M4+N3 -> 7.5 | O4: =C3 -> 300 | Q4: =H3 -> 1
A5: =A4+1 -> 4 | B5: 150 | C5: 150 | D5: 0 | E5: 2 | G5: Y | H5: 1 | I5: Switch to H₂ gas and flush the system until N₂ is reduced to <0.5 vol%, confirm through online GC | M5: =E3 -> 2 | N5: =M5+N4 -> 9.5 | O5: =C3 -> 300 | Q5: =H3 -> 1
A6: =A5+1 -> 5 | B6: 150 | C6: 150 | D6: 0 | E6: 1 | G6: Y | H6: 5 | I6: Increase the reactor pressure from 1 to 5 barg | L6: 3 | M6: =(-C4+B4)/D4 -> 3 | N6: =M6+N5 -> 12.5 | O6: =C4 -> 150 | Q6: =H4 -> 1
A7: =A6+1 -> 6 | B7: 150 | C7: 300 | D7: 50 | E7: 2 | G7: Y | H7: 5 | M7: =E4 -> 0 | N7: =M7+N6 -> 12.5 | O7: =C4 -> 150 | Q7: =H4 -> 1
A8: =A7+1 -> 7 | B8: 300 | C8: 210 | D8: 50 | E8: 0 | G8: Y | H8: 5 | L8: 4 | M8: =(B5-C5) -> 0 | N8: =M8+N7 -> 12.5 | O8: =C5 -> 150 | Q8: 1 | R8: =I5 -> Switch to H₂ gas and flush the system until N₂ is reduced to <0.5 vol%, confirm through online GC
A9: =A8+1 -> 8 | B9: 210 | C9: 210 | D9: 0 | E9: 1 | G9: Y | H9: 25 | I9: Increase the H2 pressure to first operating pressure | M9: =E5 -> 2 | N9: =M9+N8 -> 14.5 | O9: =C5 -> 150 | Q9: =H5 -> 1
A10: =A9+1 -> 9 | B10: 210 | C10: 210 | D10: 0 | E10: 1 | G10: Y | H10: 25 | I10: Adjust H2 flow and introduce liquid feed as per condition 1 | L10: 5 | M10: =(B6-C6) -> 0 | N10: =M10+N9 -> 14.5 | O10: =C6 -> 150 | Q10: 1 | R10: Increase the reactor pressure from 1 to 5 barg
M11: =E6 -> 1 | N11: =M11+N10 -> 15.5 | O11: =C6 -> 150 | Q11: =H6 -> 5
L12: 6 | M12: =(C7-B7)/D7 -> 3 | N12: =M12+N11 -> 18.5 | O12: =C7 -> 300 | Q12: =H7 -> 5
M13: =E7 -> 2 | N13: =M13+N12 -> 20.5 | O13: =C7 -> 300 | Q13: =H7 -> 5
L14: 7 | M14: =(B8-C8)/D8 -> 1.8 | N14: =M14+N13 -> 22.3 | O14: =C8 -> 210 | Q14: =H8 -> 5
M15: =E8 -> 0 | N15: =M15+N14 -> 22.3 | O15: =C8 -> 210 | Q15: =H8 -> 5
L16: 8 | M16: =(B9-C9) -> 0 | N16: =M16+N15 -> 22.3 | O16: =C9 -> 210 | Q16: =H9 -> 25 | R16: Increase the H2 pressure to first operating pressure
M17: =E9 -> 1 | N17: =M17+N16 -> 23.3 | O17: =C9 -> 210 | Q17: =H9 -> 25
L18: 9 | M18: =(C10-B10) -> 0 | N18: =M18+N17 -> 23.3 | O18: =C10 -> 210 | Q18: =H10 -> 25
M19: =E10 -> 1 | N19: =M19+N18 -> 24.3 | O19: =C10 -> 210 | Q19: =H10 -> 25 | R19: Adjust H2 flow and introduce liquid feed as per experimental condition
I41: =50/60 -> 0.83333333

Sheet GC Calibration Data 
Q2: Below data generated on 7th Aug 2026
A4: 0 | H4: N2 | K4: H2 | Q4: H2 | T4: N2
F5: ter # | G5: Batch # | H5: Conc (Vol%) | I5: Area | J5: RF | K5: Conc (Vol%) | L5: Area | M5: RF | Q5: Conc (Vol%) | R5: Area | S5: RF | T5: Conc (Vol%) | U5: Area | V5: RF
F6: CAN-01 | G6: CFC2512006/30033552 | H6: 80.23 | I6: 442000000 | J6: 1.81317e-07 | K6: 19.77 | L6: 4556250 | M6: 4.3391e-06 | Q6: =100 -> 100 | R6: 17760614 | S6: 5.63044e-06 | T6: 100 | U6: 4.7723421e+08 | V6: 2.09541e-07
F7: CSL/16-17/SB3-207 | G7: CFC2512004/30035552 | H7: 60.13 | I7: 334000000 | J7: 1.80091e-07 | K7: 39.87 | L7: 9023977 | M7: 4.41823e-06 | Q7: 80.207 | R7: 14914676 | S7: 5.3501e-06 | T7: 95.23 | U7: 454519088 | V7: 2.09518e-07
F8: CSL/17-18/SB3/043 | G8: CFC2512005/30033552 | H8: 40.24 | I8: 229000000 | J8: 1.76049e-07 | K8: 59.76 | L8: 13285364 | M8: 4.49818e-06 | Q8: =15.79 -> 15.79 | R8: 2991265 | S8: 5.2787e-06 | T8: 83.93 | U8: 401984047 | V8: 2.08807e-07
F9: CSL/19-20/SB3/HP05 | G9: CFC2512008/300333552 | H9: 20.43 | I9: 125000000 | J9: 1.63839e-07 | K9: 79.57 | L9: 17515766 | M9: 4.54276e-06 | Q9: 4.77 | R9: 959013 | S9: 4.97386e-06 | T9: 9.63 | U9: 51061914 | V9: 1.88595e-07
J10: 1.75324e-07 | M10: 4.44957e-06
J16: Inter/Extra polation | K16: =-0.0000000000244761948*K17^2 + 0.00000000584415609*K17 + 0.00000423201041 -> 4.5716641e-06 | L16: Determined from Co-Pilot
J17: H2 | K17: 100
J30: Inter/Extra polation | K30: =1.07154555E-13*K31^3 - 0.0000000000231369299*K31^2 + 0.00000000170314458*K31 + 0.000000137948036 -> 1.6361339e-07 | L30: Determined from Co-Pilot
J31: N2 | K31: 20

Sheet H2+N2 Mixture Data
A1: Date/Time | B1: Sampled_reactor | C1: 10i1TIC02 | D1: 10i2TIC02 | E1: 10i1PIC01 | F1: 10i2PIC01 | G1: 01i14FIC01 | H1: 01i14FIC02 | I1: 01i14FIC03 | J1: 01i14FIC04 | K1: 01i14FIC05 | L1: 01i14FIC06 | M1: 01i14FIC07 | N1: 01i14FIC08 | O1: 01i14FI01 | P1: 10i1FIC01 | Q1: 10i1FIC02 | R1: 10i1FIC03 | S1: 10i1FIC04 | T1: 10i2FIC01 | U1: 10i2FIC02 | V1: 10i2FIC03 | W1: 10i2FIC04 | X1: 10i2TIC01 | Y1: 02i2FIC01 | Z1: 02i2FIC02 | AA1: 02i2FIC03 | AB1: 02i2FIC04 | AC1: 02i2FIC05 | AD1: 02i2FIC06 | AE1: 02i2FIC07 | AF1: 02i2FIC08 | AG1: GC Date/Time | AH1: Name_H2 | AI1: Conc_H2 | AJ1: ESTD_H2 | AK1: Area_H2 | AL1: RT_H2 | AN1: Date | AO1: Time Stamp | AQ1: Conc_N2 | AR1: ESTD_N2 | AS1: Area_N2 | AT1: RT_N2 | AV1: H2 flow, NLPH | AW1: H2 Flow, SLPH
A2: 15.08.2026 14:56:31 | B2: 1 | C2: 210 | D2: 210 | E2: 24.9378 | F2: 25.0391 | G2: 1721.97 | H2: 1722.65 | I2: 1722.03 | J2: 1722.87 | K2: 1722.25 | L2: 1721.96 | M2: 1722.29 | N2: 1722.12 | O2: 1.14695 | P2: 2499.72 | Q2: 2500.11 | R2: 2499.56 | S2: 2499.68 | T2: 2499.87 | U2: 2499.26 | V2: 2499.71 | W2: 1999.84 | X2: 210.1 | Y2: 0.0652975 | Z2: -0.0625165 | AA2: -0.0599337 | AB2: -0.00119883 | AC2: -0.0779806 | AD2: -0.0402661 | AE2: -0.058016 | AF2: -0.0732969 | AG2: 15.08.2026 15:02:36 | AH2: H2 | AI2: 35.56022 | AJ2: 36.22955 | AK2: 6434586 | AL2: 1.6183333 | AN2: =DATEVALUE(SUBSTITUTE(LEFT(A2,10),".","/")) -> 46249 | AO2: =TIMEVALUE(RIGHT(A2,8)) -> 0.62258102 | AQ2: 64.43978 | AR2: 65.652695 | AS2: 313316701 | AT2: 3.985 | AV2: =3.2/(AQ2/100)*(AI2/100) -> 1.7658767 | AW2: =AV2*273/293 -> 1.645339
A3: 15.08.2026 15:09:52 | B3: 2 | C3: 210 | D3: 210 | E3: 24.932 | F3: 25.0405 | G3: 1699.11 | H3: 1699.24 | I3: 1699.57 | J3: 1698.99 | K3: 1699.68 | L3: 1699.6 | M3: 1699.17 | N3: 1699.6 | O3: 1.20248 | P3: 2500.6 | Q3: 2499.93 | R3: 2499.85 | S3: 2500.82 | T3: 2500.19 | U3: 2499.53 | V3: 2500.99 | W3: 2000.27 | X3: 210.1 | Y3: 0.0660444 | Z3: -0.0613775 | AA3: -0.0651451 | AB3: -0.00212536 | AC3: -0.0769276 | AD3: -0.0372773 | AE3: -0.0609451 | AF3: -0.0715204 | AG3: 15.08.2026 15:15:58 | AH3: H2 | AI3: 37.414609 | AJ3: 37.681601 | AK3: 6692479 | AL3: 1.6166667 | AN3: =DATEVALUE(SUBSTITUTE(LEFT(A3,10),".","/")) -> 46249 | AO3: =TIMEVALUE(RIGHT(A3,8)) -> 0.63185185 | AQ3: 62.585391 | AR3: 63.032004 | AS3: 300809883 | AT3: 3.99 | AV3: =3.2/(AQ3/100)*(AI3/100) -> 1.9130143 | AW3: =AV3*273/293 -> 1.7824331
A4: 15.08.2026 15:23:14 | B4: 3 | C4: 210 | D4: 210 | E4: 24.9277 | F4: 25.0463 | G4: 1681.96 | H4: 1681.56 | I4: 1682.26 | J4: 1681.97 | K4: 1681.39 | L4: 1682.08 | M4: 1681.75 | N4: 1681.67 | O4: 1.17807 | P4: 2500.32 | Q4: 2498.98 | R4: 2499.76 | S4: 2499.78 | T4: 2500.2 | U4: 2500.8 | V4: 2499.68 | W4: 2000.31 | X4: 209.9 | Y4: 0.0625272 | Z4: -0.0655038 | AA4: -0.0610715 | AB4: 0.00141332 | AC4: -0.0831523 | AD4: -0.040555 | AE4: -0.0595964 | AF4: -0.0711781 | AG4: 15.08.2026 15:29:22 | AH4: H2 | AI4: 38.700399 | AJ4: 38.980274 | AK4: 6923131 | AL4: 1.6166667 | AN4: =DATEVALUE(SUBSTITUTE(LEFT(A4,10),".","/")) -> 46249 | AO4: =TIMEVALUE(RIGHT(A4,8)) -> 0.64113426 | AQ4: 61.299601 | AR4: 61.742909 | AS4: 294657891 | AT4: 3.99 | AV4: =3.2/(AQ4/100)*(AI4/100) -> 2.0202624 | AW4: =AV4*273/293 -> 1.8823605
A5: 15.08.2026 15:36:35 | B5: 4 | C5: 210 | D5: 210 | E5: 24.9219 | F5: 25.0333 | G5: 1721.55 | H5: 1721.62 | I5: 1721.56 | J5: 1721.17 | K5: 1721.55 | L5: 1721.76 | M5: 1722.17 | N5: 1721.33 | O5: 1.1273 | P5: 2500.02 | Q5: 2500.21 | R5: 2500.54 | S5: 2499.64 | T5: 2499.97 | U5: 2499.36 | V5: 2498.83 | W5: 2000.12 | X5: 209.8 | Y5: 0.0671284 | Z5: -0.0638513 | AA5: -0.062137 | AB5: -0.00341551 | AC5: -0.0824494 | AD5: -0.0398183 | AE5: -0.0590364 | AF5: -0.072072 | AG5: 15.08.2026 15:42:39 | AH5: H2 | AI5: 40.129555 | AJ5: 40.415839 | AK5: 7178096 | AL5: 1.6183333 | AN5: =DATEVALUE(SUBSTITUTE(LEFT(A5,10),".","/")) -> 46249 | AO5: =TIMEVALUE(RIGHT(A5,8)) -> 0.65040509 | AQ5: 59.870445 | AR5: 60.297559 | AS5: 287760196 | AT5: 3.993 | AV5: =3.2/(AQ5/100)*(AI5/100) -> 2.1448743 | AW5: =AV5*273/293 -> 1.9984665
A6: 15.08.2026 15:49:55 | B6: 5 | C6: 210 | D6: 210 | E6: 24.9841 | F6: 25.0116 | G6: 1689.77 | H6: 1689.41 | I6: 1688.99 | J6: 1690.4 | K6: 1688.92 | L6: 1689.52 | M6: 1688.86 | N6: 1688.41 | O6: 1.20062 | P6: 2498.33 | Q6: 2499.35 | R6: 2500.21 | S6: 2499.79 | T6: 2500.14 | U6: 2499.76 | V6: 2500.38 | W6: 1999.98 | X6: 210.1 | Y6: 0.0643429 | Z6: -0.0621697 | AA6: -0.058994 | AB6: 0.00347236 | AC6: -0.0803645 | AD6: -0.0399578 | AE6: -0.0576817 | AF6: -0.0692011 | AG6: 15.08.2026 15:56:01 | AH6: H2 | AI6: 40.177944 | AJ6: 40.434132 | AK6: 7181345 | AL6: 1.6183333 | AN6: =DATEVALUE(SUBSTITUTE(LEFT(A6,10),".","/")) -> 46249 | AO6: =TIMEVALUE(RIGHT(A6,8)) -> 0.65966435 | AQ6: 59.822056 | AR6: 60.203501 | AS6: 287311318 | AT6: 3.993 | AV6: =3.2/(AQ6/100)*(AI6/100) -> 2.1491976 | AW6: =AV6*273/293 -> 2.0024947
A7: 15.08.2026 16:03:16 | B7: 6 | C7: 210 | D7: 210 | E7: 24.9479 | F7: 25.026 | G7: 1710.71 | H7: 1710.96 | I7: 1709.6 | J7: 1710.9 | K7: 1710.54 | L7: 1710.63 | M7: 1709.89 | N7: 1710.07 | O7: 1.13661 | P7: 2500.03 | Q7: 2499.94 | R7: 2499.64 | S7: 2500.33 | T7: 2499.74 | U7: 2499.83 | V7: 2500.62 | W7: 2000.05 | X7: 209.9 | Y7: 0.0630507 | Z7: -0.0651824 | AA7: -0.061963 | AB7: -0.00151453 | AC7: -0.0794198 | AD7: -0.042287 | AE7: -0.0612475 | AF7: -0.0727909 | AG7: 15.08.2026 16:09:25 | AH7: H2 | AI7: 39.429741 | AJ7: 39.68851 | AK7: 7048918 | AL7: 1.6183333 | AN7: =DATEVALUE(SUBSTITUTE(LEFT(A7,10),".","/")) -> 46249 | AO7: =TIMEVALUE(RIGHT(A7,8)) -> 0.66893519 | AQ7: 60.570259 | AR7: 60.967769 | AS7: 290958662 | AT7: 3.992 | AV7: =3.2/(AQ7/100)*(AI7/100) -> 2.0831209 | AW7: =AV7*273/293 -> 1.9409283
A8: 15.08.2026 16:16:37 | B8: 7 | C8: 210 | D8: 210.1 | E8: 24.9566 | F8: 25.026 | G8: 1732.6 | H8: 1732.76 | I8: 1732.26 | J8: 1730.99 | K8: 1732 | L8: 1732.54 | M8: 1732.36 | N8: 1731.76 | O8: 1.09718 | P8: 2500.03 | Q8: 2499.88 | R8: 2500.28 | S8: 2500.06 | T8: 2499.77 | U8: 2500.6 | V8: 2500.31 | W8: 1999.6 | X8: 209.9 | Y8: 0.0591299 | Z8: -0.0676308 | AA8: -0.0643079 | AB8: -0.00335907 | AC8: -0.0848512 | AD8: -0.0438921 | AE8: -0.0670117 | AF8: -0.0728011 | AG8: 15.08.2026 16:22:42 | AH8: H2 | AI8: 40.09398 | AJ8: 40.357361 | AK8: 7167710 | AL8: 1.6183333 | AN8: =DATEVALUE(SUBSTITUTE(LEFT(A8,10),".","/")) -> 46249 | AO8: =TIMEVALUE(RIGHT(A8,8)) -> 0.67820602 | AQ8: 59.90602 | AR8: 60.299548 | AS8: 287769688 | AT8: 3.995 | AV8: =3.2/(AQ8/100)*(AI8/100) -> 2.1417002 | AW8: =AV8*273/293 -> 1.9955091
A9: 15.08.2026 16:29:58 | B9: 8 | C9: 210 | D9: 210 | E9: 24.9884 | F9: 25.0477 | G9: 1746.36 | H9: 1746.05 | I9: 1746.45 | J9: 1744.76 | K9: 1745.23 | L9: 1746.53 | M9: 1746.33 | N9: 1746.07 | O9: 1.11366 | P9: 2500.06 | Q9: 2500.11 | R9: 2499.31 | S9: 2500.31 | T9: 2500.07 | U9: 2499.23 | V9: 2499.54 | W9: 1999.8 | X9: 209.9 | Y9: 0.063555 | Z9: -0.0641136 | AA9: -0.0630302 | AB9: -0.000721554 | AC9: -0.0775981 | AD9: -0.039084 | AE9: -0.0647792 | AF9: -0.069991 | AG9: 15.08.2026 16:36:04 | AH9: H2 | AI9: 44.706396 | AJ9: 45.005458 | AK9: 7993240 | AL9: 1.6216667 | AN9: =DATEVALUE(SUBSTITUTE(LEFT(A9,10),".","/")) -> 46249 | AO9: =TIMEVALUE(RIGHT(A9,8)) -> 0.68747685 | AQ9: 55.293604 | AR9: 55.663488 | AS9: 265644853 | AT9: 3.998 | AV9: =3.2/(AQ9/100)*(AI9/100) -> 2.5872878 | AW9: =AV9*273/293 -> 2.4106811
A10: 15.08.2026 16:43:19 | B10: 1 | C10: 210 | D10: 210 | E10: 24.9638 | F10: 25.0477 | G10: 1726.7 | H10: 1726.1 | I10: 1726.66 | J10: 1725.29 | K10: 1726.62 | L10: 1726.76 | M10: 1726.44 | N10: 1726.99 | O10: 1.09068 | P10: 2498.58 | Q10: 2500.04 | R10: 2498.93 | S10: 2499.93 | T10: 2500.02 | U10: 2499.51 | V10: 2499.9 | W10: 1999.59 | X10: 209.9 | Y10: 0.0619934 | Z10: -0.0649598 | AA10: -0.0679281 | AB10: -0.00661796 | AC10: -0.080495 | AD10: -0.0419119 | AE10: -0.0620241 | AF10: -0.0739704 | AG10: 15.08.2026 16:49:24 | AH10: H2 | AI10: 40.864174 | AJ10: 41.164029 | AK10: 7310979 | AL10: 1.6200001 | AN10: =DATEVALUE(SUBSTITUTE(LEFT(A10,10),".","/")) -> 46249 | AO10: =TIMEVALUE(RIGHT(A10,8)) -> 0.69674769 | AQ10: 59.135826 | AR10: 59.569754 | AS10: 284286865 | AT10: 3.995 | AV10: =3.2/(AQ10/100)*(AI10/100) -> 2.2112713 | AW10: =AV10*273/293 -> 2.0603313
A11: 15.08.2026 16:56:40 | B11: 2 | C11: 210 | D11: 210 | E11: 25.1374 | F11: 25.0203 | G11: 1719.66 | H11: 1719.81 | I11: 1719.19 | J11: 1718.65 | K11: 1719 | L11: 1719.79 | M11: 1719.02 | N11: 1718.66 | O11: 1.15011 | P11: 2499.93 | Q11: 2500.55 | R11: 2500.14 | S11: 2499.66 | T11: 2499.5 | U11: 2499.21 | V11: 2500.21 | W11: 2000.63 | X11: 209.9 | Y11: 0.0621695 | Z11: -0.070568 | AA11: -0.0614616 | AB11: -0.00624094 | AC11: -0.0808944 | AD11: -0.0436409 | AE11: -0.0628531 | AF11: -0.0733058 | AG11: 15.08.2026 17:02:45 | AH11: H2 | AI11: 38.785206 | AJ11: 39.064077 | AK11: 6938015 | AL11: 1.6183333 | AN11: =DATEVALUE(SUBSTITUTE(LEFT(A11,10),".","/")) -> 46249 | AO11: =TIMEVALUE(RIGHT(A11,8)) -> 0.70601852 | AQ11: 61.214794 | AR11: 61.654937 | AS11: 294238060 | AT11: 3.99 | AV11: =3.2/(AQ11/100)*(AI11/100) -> 2.0274945 | AW11: =AV11*273/293 -> 1.889099
A12: 15.08.2026 17:10:02 | B12: 3 | C12: 210 | D12: 210.1 | E12: 25.1548 | F12: 25.0275 | G12: 1671.91 | H12: 1670.95 | I12: 1671.15 | J12: 1671.24 | K12: 1671.32 | L12: 1671.48 | M12: 1671.87 | N12: 1671.52 | O12: 1.20976 | P12: 2499.7 | Q12: 2500.44 | R12: 2499.83 | S12: 2499.94 | T12: 2499.95 | U12: 2500.07 | V12: 2500.42 | W12: 2000.03 | X12: 209.9 | Y12: 0.0660881 | Z12: -0.06438 | AA12: -0.0617342 | AB12: 0.000467063 | AC12: -0.078688 | AD12: -0.0392807 | AE12: -0.0614203 | AF12: -0.0710755 | AG12: 15.08.2026 17:16:07 | AH12: H2 | AI12: 39.031327 | AJ12: 39.333505 | AK12: 6985867 | AL12: 1.6166667 | AN12: =DATEVALUE(SUBSTITUTE(LEFT(A12,10),".","/")) -> 46249 | AO12: =TIMEVALUE(RIGHT(A12,8)) -> 0.71530093 | AQ12: 60.968673 | AR12: 61.440689 | AS12: 293215595 | AT12: 3.99 | AV12: =3.2/(AQ12/100)*(AI12/100) -> 2.0485971 | AW12: =AV12*273/293 -> 1.9087611
A13: 15.08.2026 17:23:22 | B13: 4 | C13: 210 | D13: 210 | E13: 25.0362 | F13: 25.0376 | G13: 1720.3 | H13: 1720.45 | I13: 1720.62 | J13: 1720.64 | K13: 1720.89 | L13: 1721.5 | M13: 1720.72 | N13: 1720.62 | O13: 1.13806 | P13: 2499.68 | Q13: 2499.85 | R13: 2499.7 | S13: 2500.46 | T13: 2500.04 | U13: 2499.98 | V13: 2498.56 | W13: 1999.51 | X13: 209.9 | Y13: 0.0624495 | Z13: -0.0629168 | AA13: -0.0608679 | AB13: -0.000927323 | AC13: -0.0798253 | AD13: -0.0378168 | AE13: -0.0637876 | AF13: -0.0721733 | AG13: 15.08.2026 17:29:28 | AH13: H2 | AI13: 40.488398 | AJ13: 40.810229 | AK13: 7248142 | AL13: 1.6183333 | AN13: =DATEVALUE(SUBSTITUTE(LEFT(A13,10),".","/")) -> 46249 | AO13: =TIMEVALUE(RIGHT(A13,8)) -> 0.72456019 | AQ13: 59.511602 | AR13: 59.984642 | AS13: 286266848 | AT13: 3.992 | AV13: =3.2/(AQ13/100)*(AI13/100) -> 2.1771028 | AW13: =AV13*273/293 -> 2.0284951
... A34: 15.08.2026 22:03:45 | B34: 1 | C34: 210 | D34: 210 | E34: 25.1085 | F34: 25.0203 | G34: 1451.93 | H34: 1451.84 | I34: 1451.51 | J34: 1451.42 | K34: 1452.04 | L34: 1453.67 | M34: 1452.68 | N34: 1453.07 | O34: 0.887657 | P34: 2500.03 | Q34: 2499.44 | R34: 2500.07 | S34: 2500.16 | T34: 2499.55 | U34: 2500.38 | V34: 2499.91 | W34: 2499.98 | X34: 210 | Y34: 0.0640244 | Z34: -0.065921 | AA34: -0.0595925 | AB34: 0.000563014 | AC34: -0.0768109 | AD34: -0.0411656 | AE34: -0.0631775 | AF34: -0.071592 | AG34: 15.08.2026 22:09:49 | AH34: H2 | AI34: 36.452102 | AJ34: 36.866629 | AK34: 6547735 | AL34: 1.6166667 | AN34: =DATEVALUE(SUBSTITUTE(LEFT(A34,10),".","/")) -> 46249 | AO34: =TIMEVALUE(RIGHT(A34,8)) -> 0.91927083 | AQ34: 63.547898 | AR34: 64.270554 | AS34: 306720659 | AT34: 3.983 | AV34: =3.2/(AQ34/100)*(AI34/100) -> 1.8355718 | AW34: =AV34*273/293 -> 1.7102768
A35: 15.08.2026 22:17:06 | B35: 2 | C35: 210 | D35: 210 | E35: 25.1548 | F35: 25.0318 | G35: 1416.66 | H35: 1416.74 | I35: 1416.59 | J35: 1417.6 | K35: 1417.22 | L35: 1417.09 | M35: 1416.89 | N35: 1416.74 | O35: 0.954568 | P35: 2500.78 | Q35: 2499.94 | R35: 2500.85 | S35: 2499.15 | T35: 2500.16 | U35: 2500.95 | V35: 2498.85 | W35: 2500.11 | X35: 210 | Y35: 0.0652198 | Z35: -0.0633594 | AA35: -0.0582151 | AB35: -0.000930614 | AC35: -0.0772955 | AD35: -0.0374277 | AE35: -0.0589886 | AF35: -0.0706181 | AG35: 15.08.2026 22:23:11 | AH35: H2 | AI35: 100 | AJ35: 35.073362 | AK35: 6229240 | AL35: 1.615 | AN35: =DATEVALUE(SUBSTITUTE(LEFT(A35,10),".","/")) -> 46249 | AO35: =TIMEVALUE(RIGHT(A35,8)) -> 0.92854167 | AQ35: 0 | AR35: 0 | AS35: 0 | AT35: 0 | AV35: =3.2/(AQ35/100)*(AI35/100) -> #DIV/0!
A36: 15.08.2026 22:30:26 | B36: 3 | C36: 210 | D36: 210 | E36: 25.1765 | F36: 25.0289 | G36: 1422.05 | H36: 1421.86 | I36: 1421.5 | J36: 1421.31 | K36: 1421.89 | L36: 1421.32 | M36: 1421.55 | N36: 1421.66 | O36: 0.896346 | P36: 2499.49 | Q36: 2499.91 | R36: 2499.67 | S36: 2500.21 | T36: 2500 | U36: 2499.71 | V36: 2500.53 | W36: 2500.1 | X36: 209.9 | Y36: 0.0628691 | Z36: -0.0658712 | AA36: -0.0582469 | AB36: -0.000346666 | AC36: -0.0787891 | AD36: -0.0377281 | AE36: -0.0580318 | AF36: -0.0682582 | AG36: 15.08.2026 22:36:36 | AH36: H2 | AI36: 34.818162 | AJ36: 35.213143 | AK36: 6254066 | AL36: 1.6166667 | AN36: =DATEVALUE(SUBSTITUTE(LEFT(A36,10),".","/")) -> 46249 | AO36: =TIMEVALUE(RIGHT(A36,8)) -> 0.93780093 | AQ36: 65.181838 | AR36: 65.921269 | AS36: 314598429 | AT36: 3.982 | AV36: =3.2/(AQ36/100)*(AI36/100) -> 1.709343 | AW36: =AV36*273/293 -> 1.5926643
A37: 15.08.2026 22:43:49 | B37: 4 | C37: 209.9 | D37: 210 | E37: 25.1519 | F37: 25.0203 | G37: 1407.86 | H37: 1408.06 | I37: 1407.55 | J37: 1407.57 | K37: 1407.41 | L37: 1407.77 | M37: 1408.07 | N37: 1407.63 | O37: 0.93023 | P37: 2500.42 | Q37: 2500.34 | R37: 2498.98 | S37: 2500.12 | T37: 2500.08 | U37: 2499.72 | V37: 2499.82 | W37: 2500.46 | X37: 210 | Y37: 0.0651273 | Z37: -0.0633413 | AA37: -0.0575899 | AB37: -0.00158498 | AC37: -0.0826805 | AD37: -0.0391003 | AE37: -0.0665161 | AF37: -0.0708663 | AG37: 15.08.2026 22:49:58 | AH37: H2 | AI37: 36.04887 | AJ37: 36.474052 | AK37: 6478011 | AL37: 1.615 | AN37: =DATEVALUE(SUBSTITUTE(LEFT(A37,10),".","/")) -> 46249 | AO37: =TIMEVALUE(RIGHT(A37,8)) -> 0.94709491 | AQ37: 63.95113 | AR37: 64.705409 | AS37: 308795936 | AT37: 3.982 | AV37: =3.2/(AQ37/100)*(AI37/100) -> 1.8038209 | AW37: =AV37*273/293 -> 1.6806932
A38: 15.08.2026 22:57:11 | B38: 5 | C38: 210.1 | D38: 210 | E38: 25.1939 | F38: 25.0289 | G38: 1430.31 | H38: 1430.5 | I38: 1430.48 | J38: 1430.19 | K38: 1430.33 | L38: 1430.49 | M38: 1430.5 | N38: 1429.8 | O38: 0.930645 | P38: 2498.56 | Q38: 2499.82 | R38: 2499.94 | S38: 2499.75 | T38: 2500.07 | U38: 2500.14 | V38: 2500.72 | W38: 2499.26 | X38: 209.9 | Y38: 0.0636339 | Z38: -0.0653769 | AA38: -0.0649995 | AB38: 0.00171304 | AC38: -0.0780465 | AD38: -0.0326063 | AE38: -0.0578281 | AF38: -0.0684567 | AG38: 15.08.2026 23:03:15 | AH38: H2 | AI38: 36.012061 | AJ38: 36.406842 | AK38: 6466074 | AL38: 1.615 | AN38: =DATEVALUE(SUBSTITUTE(LEFT(A38,10),".","/")) -> 46249 | AO38: =TIMEVALUE(RIGHT(A38,8)) -> 0.95637731 | AQ38: 63.987939 | AR38: 64.689404 | AS38: 308719556 | AT38: 3.98 | AV38: =3.2/(AQ38/100)*(AI38/100) -> 1.8009424 | AW38: =AV38*273/293 -> 1.6780112
A39: 15.08.2026 23:10:30 | B39: 6 | C39: 210 | D39: 210.1 | E39: 25.1968 | F39: 25.0391 | G39: 1415.14 | H39: 1414.5 | I39: 1414.8 | J39: 1414.69 | K39: 1415.26 | L39: 1414.08 | M39: 1414.52 | N39: 1414.66 | O39: 0.914323 | P39: 2498.83 | Q39: 2500.07 | R39: 2499.94 | S39: 2498.52 | T39: 2499.97 | U39: 2499 | V39: 2500.6 | W39: 2500.22 | X39: 209.8 | Y39: 0.0642314 | Z39: -0.0698975 | AA39: -0.0608962 | AB39: -0.00313263 | AC39: -0.0762175 | AD39: -0.0366476 | AE39: -0.074378 | AF39: -0.0692299 | AG39: 15.08.2026 23:16:35 | AH39: H2 | AI39: 35.123203 | AJ39: 35.513443 | AK39: 6307401 | AL39: 1.6166667 | AN39: =DATEVALUE(SUBSTITUTE(LEFT(A39,10),".","/")) -> 46249 | AO39: =TIMEVALUE(RIGHT(A39,8)) -> 0.965625 | AQ39: 64.876797 | AR39: 65.597616 | AS39: 313053846 | AT39: 3.982 | AV39: =3.2/(AQ39/100)*(AI39/100) -> 1.732426 | AW39: =AV39*273/293 -> 1.6141717
A40: 15.08.2026 23:23:51 | B40: 7 | C40: 210.1 | D40: 210.1 | E40: 25.1881 | F40: 25.0231 | G40: 1412.35 | H40: 1412.22 | I40: 1412.15 | J40: 1413.39 | K40: 1412.4 | L40: 1412.17 | M40: 1412.06 | N40: 1412.34 | O40: 0.959669 | P40: 2500.09 | Q40: 2500.6 | R40: 2499.81 | S40: 2500.25 | T40: 2499.25 | U40: 2499.6 | V40: 2499.77 | W40: 2500.46 | X40: 210.2 | Y40: 0.065282 | Z40: -0.0626377 | AA40: -0.0607869 | AB40: -0.00229383 | AC40: -0.0788046 | AD40: -0.0393944 | AE40: -0.0604748 | AF40: -0.0643816 | AG40: 15.08.2026 23:29:57 | AH40: H2 | AI40: 35.823931 | AJ40: 36.22495 | AK40: 6433769 | AL40: 1.615 | AN40: =DATEVALUE(SUBSTITUTE(LEFT(A40,10),".","/")) -> 46249 | AO40: =TIMEVALUE(RIGHT(A40,8)) -> 0.97489583 | AQ40: 64.176069 | AR40: 64.894466 | AS40: 309698179 | AT40: 3.982 | AV40: =3.2/(AQ40/100)*(AI40/100) -> 1.7862823 | AW40: =AV40*273/293 -> 1.6643518
A41: 15.08.2026 23:37:12 | B41: 8 | C41: 210 | D41: 210 | E41: 25.2271 | F41: 25.0318 | G41: 1404.25 | H41: 1404.1 | I41: 1405.23 | J41: 1405.21 | K41: 1405.05 | L41: 1404.85 | M41: 1404.2 | N41: 1404.58 | O41: 0.947817 | P41: 2499.55 | Q41: 2500.1 | R41: 2499.62 | S41: 2499.72 | T41: 2500.45 | U41: 2499.95 | V41: 2500.02 | W41: 2499.98 | X41: 209.9 | Y41: 0.0649649 | Z41: -0.0656954 | AA41: -0.0573854 | AB41: -0.00109171 | AC41: -0.0771943 | AD41: -0.0380661 | AE41: -0.0629641 | AF41: -0.0675948 | AG41: 15.08.2026 23:43:22 | AH41: H2 | AI41: 35.169522 | AJ41: 35.574657 | AK41: 6318273 | AL41: 1.6166667 | AN41: =DATEVALUE(SUBSTITUTE(LEFT(A41,10),".","/")) -> 46249 | AO41: =TIMEVALUE(RIGHT(A41,8)) -> 0.98416667 | AQ41: 64.830478 | AR41: 65.577293 | AS41: 312956857 | AT41: 3.98 | AV41: =3.2/(AQ41/100)*(AI41/100) -> 1.73595 | AW41: =AV41*273/293 -> 1.6174551
A42: 15.08.2026 23:50:35 | B42: 1 | C42: 210 | D42: 209.9 | E42: 25.1968 | F42: 25.0579 | G42: 1412.94 | H42: 1413.45 | I42: 1413.68 | J42: 1415.2 | K42: 1413.64 | L42: 1413.26 | M42: 1413.3 | N42: 1413.52 | O42: 0.956593 | P42: 2499.61 | Q42: 2500 | R42: 2500.68 | S42: 2499.92 | T42: 2500.15 | U42: 2499.96 | V42: 2499.94 | W42: 2500.53 | X42: 210 | Y42: 0.0593118 | Z42: -0.0633369 | AA42: -0.0616461 | AB42: -0.00791292 | AC42: -0.080852 | AD42: -0.0411257 | AE42: -0.0922889 | AF42: -0.0745808 | AG42: 15.08.2026 23:56:40 | AH42: H2 | AI42: 36.496474 | AJ42: 36.897264 | AK42: 6553176 | AL42: 1.6166667 | AN42: =DATEVALUE(SUBSTITUTE(LEFT(A42,10),".","/")) -> 46249 | AO42: =TIMEVALUE(RIGHT(A42,8)) -> 0.99346065 | AQ42: 63.503526 | AR42: 64.200898 | AS42: 306388239 | AT42: 3.98 | AV42: =3.2/(AQ42/100)*(AI42/100) -> 1.8390903 | AW42: =AV42*273/293 -> 1.7135551
A43: 16.08.2026 00:03:56 | B43: 2 | C43: 210 | D43: 210 | E43: 25.2228 | F43: 25.0391 | G43: 1418.62 | H43: 1418.9 | I43: 1418.63 | J43: 1416.69 | K43: 1418.22 | L43: 1417.43 | M43: 1417.91 | N43: 1418.06 | O43: 0.885036 | P43: 2499.93 | Q43: 2500.26 | R43: 2499.97 | S43: 2500.11 | T43: 2499.98 | U43: 2499.7 | V43: 2499.4 | W43: 2500.55 | X43: 210 | Y43: 0.0660196 | Z43: -0.063692 | AA43: -0.0600164 | AB43: -0.00154234 | AC43: -0.0759315 | AD43: -0.0374478 | AE43: -0.0707937 | AF43: -0.0699965 | AG43: 16.08.2026 00:10:05 | AH43: H2 | AI43: 100 | AJ43: 34.992059 | AK43: 6214800 | AL43: 1.615 | AN43: =DATEVALUE(SUBSTITUTE(LEFT(A43,10),".","/")) -> 46250 | AO43: =TIMEVALUE(RIGHT(A43,8)) -> 0.0027314815 | AQ43: 0 | AR43: 0 | AS43: 0 | AT43: 0 | AV43: =3.2/(AQ43/100)*(AI43/100) -> #DIV/0! | AW43: =AV43*273/293 -> #DIV/0!
A44: 16.08.2026 00:17:17 | B44: 3 | C44: 210 | D44: 210 | E44: 25.2402 | F44: 25.0275 | G44: 1434.96 | H44: 1435.88 | I44: 1435.51 | J44: 1434.81 | K44: 1436.08 | L44: 1435.84 | M44: 1436.24 | N44: 1436.39 | O44: 0.948814 | P44: 2499.3 | Q44: 2500.26 | R44: 2499.62 | S44: 2500.09 | T44: 2499.8 | U44: 2499.99 | V44: 2499.5 | W44: 2500.38 | X44: 210.1 | Y44: 0.0655745 | Z44: -0.0635258 | AA44: -0.0584998 | AB44: 0.00114854 | AC44: -0.0792895 | AD44: -0.0382409 | AE44: -0.0942294 | AF44: -0.073889 | AG44: 16.08.2026 00:23:21 | AH44: H2 | AI44: 34.913508 | AJ44: 35.301181 | AK44: 6269702 | AL44: 1.6166667 | AN44: =DATEVALUE(SUBSTITUTE(LEFT(A44,10),".","/")) -> 46250 | AO44: =TIMEVALUE(RIGHT(A44,8)) -> 0.012002315 | AQ44: 65.086492 | AR44: 65.8092 | AS44: 314063594 | AT44: 3.98 | AV44: =3.2/(AQ44/100)*(AI44/100) -> 1.7165348 | AW44: =AV44*273/293 -> 1.5993651
A45: 16.08.2026 00:30:38 | B45: 4 | C45: 210 | D45: 210 | E45: 25.2648 | F45: 25.0101 | G45: 1444.48 | H45: 1444.62 | I45: 1444.25 | J45: 1445.25 | K45: 1443.76 | L45: 1444.46 | M45: 1444.35 | N45: 1444.44 | O45: 0.920554 | P45: 2499.64 | Q45: 2499.3 | R45: 2499.08 | S45: 2500.02 | T45: 2500.35 | U45: 2499.45 | V45: 2499.77 | W45: 2501.31 | X45: 209.9 | Y45: 0.0624593 | Z45: -0.0661445 | AA45: -0.0614515 | AB45: -8.01398e-05 | AC45: -0.077938 | AD45: -0.0398052 | AE45: -0.108166 | AF45: -0.0757631 | AG45: 16.08.2026 00:36:43 | AH45: H2 | AI45: 35.99978 | AJ45: 36.386825 | AK45: 6462519 | AL45: 1.615 | AN45: =DATEVALUE(SUBSTITUTE(LEFT(A45,10),".","/")) -> 46250 | AO45: =TIMEVALUE(RIGHT(A45,8)) -> 0.021273148 | AQ45: 64.00022 | AR45: 64.688307 | AS45: 308714317 | AT45: 3.98 | AV45: =3.2/(AQ45/100)*(AI45/100) -> 1.7999828 | AW45: =AV45*273/293 -> 1.6771171
A46: 16.08.2026 00:43:59 | B46: 5 | C46: 210 | D46: 210.1 | E46: 25.217 | F46: 25.0203 | G46: 1423.51 | H46: 1423.56 | I46: 1423.35 | J46: 1423.89 | K46: 1423.61 | L46: 1423.44 | M46: 1422.98 | N46: 1423.12 | O46: 0.939699 | P46: 2500.08 | Q46: 2500.03 | R46: 2499.78 | S46: 2499.1 | T46: 2499.67 | U46: 2500.18 | V46: 2500.94 | W46: 2500.32 | X46: 210.1 | Y46: 0.0662206 | Z46: -0.0627123 | AA46: -0.0571915 | AB46: -0.00334093 | AC46: -0.0811581 | AD46: -0.0371482 | AE46: -0.084135 | AF46: -0.0708623 | AG46: 16.08.2026 00:50:04 | AH46: H2 | AI46: 36.108971 | AJ46: 36.494243 | AK46: 6481597 | AL46: 1.615 | AN46: =DATEVALUE(SUBSTITUTE(LEFT(A46,10),".","/")) -> 46250 | AO46: =TIMEVALUE(RIGHT(A46,8)) -> 0.030543981 | AQ46: 63.891029 | AR46: 64.572728 | AS46: 308162736 | AT46: 3.98 | AV46: =3.2/(AQ46/100)*(AI46/100) -> 1.8085279 | AW46: =AV46*273/293 -> 1.6850789
A47: 16.08.2026 00:57:20 | B47: 6 | C47: 210 | D47: 210 | E47: 25.2836 | F47: 25.0116 | G47: 1456.26 | H47: 1457.03 | I47: 1456.7 | J47: 1457.33 | K47: 1456.52 | L47: 1456.55 | M47: 1456.51 | N47: 1456.78 | O47: 0.894632 | P47: 2500.16 | Q47: 2499.99 | R47: 2500.19 | S47: 2499.19 | T47: 2500.24 | U47: 2499.07 | V47: 2500.31 | W47: 2499.85 | X47: 210 | Y47: 0.0633099 | Z47: -0.06221 | AA47: -0.0614199 | AB47: 0.000884914 | AC47: -0.0797331 | AD47: -0.0386274 | AE47: -0.0811457 | AF47: -0.0706111 | AG47: 16.08.2026 01:03:24 | AH47: H2 | AI47: 35.203222 | AJ47: 35.586549 | AK47: 6320385 | AL47: 1.615 | AN47: =DATEVALUE(SUBSTITUTE(LEFT(A47,10),".","/")) -> 46250 | AO47: =TIMEVALUE(RIGHT(A47,8)) -> 0.039814815 | AQ47: 64.796778 | AR47: 65.502349 | AS47: 312599200 | AT47: 3.98 | AV47: =3.2/(AQ47/100)*(AI47/100) -> 1.7385172 | AW47: =AV47*273/293 -> 1.619847
... A55: 16.08.2026 02:44:07 | B55: 6 | C55: 210 | D55: 210 | E55: 25.3733 | F55: 25.0333 | G55: 1398.57 | H55: 1398.69 | I55: 1398.36 | J55: 1397.84 | K55: 1398.22 | L55: 1398.03 | M55: 1398.59 | N55: 1398.32 | O55: 0.913814 | P55: 2499.91 | Q55: 2499.95 | R55: 2499.85 | S55: 2499.78 | T55: 2500.37 | U55: 2499.85 | V55: 2499.81 | W55: 2499.8 | X55: 209.9 | Y55: 0.0643803 | Z55: -0.0647219 | AA55: -0.0552293 | AB55: -0.00240015 | AC55: -0.0814193 | AD55: -0.0374477 | AE55: -0.071061 | AF55: -0.065711 | AG55: 16.08.2026 02:50:15 | AH55: H2 | AI55: 100 | AJ55: 35.547513 | AK55: 6313452 | AL55: 1.615 | AN55: =DATEVALUE(SUBSTITUTE(LEFT(A55,10),".","/")) -> 46250 | AO55: =TIMEVALUE(RIGHT(A55,8)) -> 0.11396991 | AQ55: 0 | AR55: 0 | AS55: 0 | AT55: 0 | AV55: =3.2/(AQ55/100)*(AI55/100) -> #DIV/0! | AW55: =AV55*273/293 -> #DIV/0!
A56: 16.08.2026 02:57:28 | B56: 7 | C56: 209.9 | D56: 210 | E56: 25.3443 | F56: 25.0391 | G56: 1416.17 | H56: 1415.74 | I56: 1416.21 | J56: 1415.68 | K56: 1415.84 | L56: 1415.47 | M56: 1416.36 | N56: 1415.52 | O56: 0.95459 | P56: 2499.67 | Q56: 2500.03 | R56: 2500.44 | S56: 2500.36 | T56: 2499.46 | U56: 2499.93 | V56: 2500.22 | W56: 2500 | X56: 210 | Y56: 0.0692035 | Z56: -0.063024 | AA56: -0.0553455 | AB56: 0.00402329 | AC56: -0.0785202 | AD56: -0.0373573 | AE56: -0.0664344 | AF56: -0.0652578 | AG56: 16.08.2026 03:03:32 | AH56: H2 | AI56: 35.788842 | AJ56: 36.131637 | AK56: 6417196 | AL56: 1.615 | AN56: =DATEVALUE(SUBSTITUTE(LEFT(A56,10),".","/")) -> 46250 | AO56: =TIMEVALUE(RIGHT(A56,8)) -> 0.12324074 | AQ56: 64.211158 | AR56: 64.826191 | AS56: 309372346 | AT56: 3.98
A57: 16.08.2026 03:10:49 | B57: 8 | C57: 210 | D57: 209.9 | E57: 25.2575 | F57: 25.0275 | G57: 1386.95 | H57: 1386.48 | I57: 1386.59 | J57: 1384.96 | K57: 1386.56 | L57: 1385.87 | M57: 1386.56 | N57: 1386.31 | O57: 0.970284 | P57: 2500.46 | Q57: 2499.85 | R57: 2500.87 | S57: 2499.53 | T57: 2500.27 | U57: 2499.98 | V57: 2500.22 | W57: 2500.07 | X57: 209.8 | Y57: 0.0638362 | Z57: -0.0656246 | AA57: -0.0585122 | AB57: -0.00169305 | AC57: -0.0782012 | AD57: -0.040457 | AE57: -0.0599287 | AF57: -0.0686923 | AG57: 16.08.2026 03:16:53 | AH57: H2 | AI57: 100 | AJ57: 35.555266 | AK57: 6314829 | AL57: 1.6166667 | AN57: =DATEVALUE(SUBSTITUTE(LEFT(A57,10),".","/")) -> 46250 | AO57: =TIMEVALUE(RIGHT(A57,8)) -> 0.13251157 | AQ57: 0 | AR57: 0 | AS57: 0 | AT57: 0
A58: 16.08.2026 03:24:10 | B58: 1 | C58: 209.9 | D58: 210 | E58: 25.2416 | F58: 25.0333 | G58: 1430.12 | H58: 1429.71 | I58: 1429.41 | J58: 1431.02 | K58: 1429.93 | L58: 1429.8 | M58: 1429.36 | N58: 1429.31 | O58: 0.913718 | P58: 2500 | Q58: 2499.86 | R58: 2500.24 | S58: 2499.53 | T58: 2499.84 | U58: 2499.77 | V58: 2501.06 | W58: 2500.07 | X58: 210.1 | Y58: 0.0660672 | Z58: -0.0649148 | AA58: -0.0566545 | AB58: 0.000326567 | AC58: -0.0767074 | AD58: -0.0392528 | AE58: -0.055781 | AF58: -0.0667719 | AG58: 16.08.2026 03:30:19 | AH58: H2 | AI58: 100 | AJ58: 36.93201 | AK58: 6559347 | AL58: 1.615 | AN58: =DATEVALUE(SUBSTITUTE(LEFT(A58,10),".","/")) -> 46250 | AO58: =TIMEVALUE(RIGHT(A58,8)) -> 0.14178241 | AQ58: 0 | AR58: 0 | AS58: 0 | AT58: 0
A59: 16.08.2026 03:37:32 | B59: 2 | C59: 209.9 | D59: 210 | E59: 25.1013 | F59: 25.0159 | G59: 1407.23 | H59: 1407.09 | I59: 1406.12 | J59: 1403.83 | K59: 1406.05 | L59: 1407.32 | M59: 1406.82 | N59: 1407.63 | O59: 0.881199 | P59: 2500.17 | Q59: 2499.42 | R59: 2499.32 | S59: 2499.58 | T59: 2500.08 | U59: 2499.7 | V59: 2498.58 | W59: 2500.55 | X59: 209.7 | Y59: 0.0640018 | Z59: -0.0612342 | AA59: -0.05996 | AB59: 0.0019466 | AC59: -0.0796666 | AD59: -0.0357355 | AE59: -0.0526158 | AF59: -0.0667025 | AG59: 16.08.2026 03:43:40 | AH59: H2 | AI59: 100 | AJ59: 35.292516 | AK59: 6268163 | AL59: 1.6166667 | AN59: =DATEVALUE(SUBSTITUTE(LEFT(A59,10),".","/")) -> 46250 | AO59: =TIMEVALUE(RIGHT(A59,8)) -> 0.15106481 | AQ59: 0 | AR59: 0 | AS59: 0 | AT59: 0
A60: 16.08.2026 03:50:53 | B60: 3 | C60: 210 | D60: 210 | E60: 25.0622 | F60: 25.0318 | G60: 1438.6 | H60: 1439.19 | I60: 1439.4 | J60: 1439.83 | K60: 1439.2 | L60: 1438.34 | M60: 1438.67 | N60: 1438.48 | O60: 0.915402 | P60: 2500.1 | Q60: 2499.57 | R60: 2499.37 | S60: 2499.25 | T60: 2500.43 | U60: 2499.64 | V60: 2499.75 | W60: 2500.56 | X60: 209.9 | Y60: 0.0654283 | Z60: -0.0619496 | AA60: -0.0559086 | AB60: -0.00517018 | AC60: -0.0781128 | AD60: -0.0382084 | AE60: -0.0624172 | AF60: -0.066334 | AG60: 16.08.2026 03:56:58 | AH60: H2 | AI60: 100 | AJ60: 35.532491 | AK60: 6310784 | AL60: 1.6166667 | AN60: =DATEVALUE(SUBSTITUTE(LEFT(A60,10),".","/")) -> 46250 | AO60: =TIMEVALUE(RIGHT(A60,8)) -> 0.16033565 | AQ60: 0 | AR60: 0 | AS60: 0 | AT60: 0
A61: 16.08.2026 04:04:13 | B61: 4 | C61: 210 | D61: 209.9 | E61: 25.1071 | F61: 25.0159 | G61: 1434.48 | H61: 1434.51 | I61: 1434.3 | J61: 1434.15 | K61: 1434.26 | L61: 1434.83 | M61: 1433.92 | N61: 1433.66 | O61: 0.877565 | P61: 2499.39 | Q61: 2500.03 | R61: 2499.88 | S61: 2500.15 | T61: 2499.99 | U61: 2499.52 | V61: 2499.97 | W61: 2500.06 | X61: 210.1 | Y61: 0.0631401 | Z61: -0.0597379 | AA61: -0.0547182 | AB61: -0.00114969 | AC61: -0.0787305 | AD61: -0.0335804 | AE61: -0.0743909 | AF61: -0.0661057 | AG61: 16.08.2026 04:10:19 | AH61: H2 | AI61: 100 | AJ61: 36.463225 | AK61: 6476088 | AL61: 1.615 | AN61: =DATEVALUE(SUBSTITUTE(LEFT(A61,10),".","/")) -> 46250 | AO61: =TIMEVALUE(RIGHT(A61,8)) -> 0.16959491 | AQ61: 0 | AR61: 0 | AS61: 0 | AT61: 0
A62: 16.08.2026 04:17:34 | B62: 5 | C62: 210 | D62: 210 | E62: 25.0477 | F62: 25.0289 | G62: 1448.35 | H62: 1448.25 | I62: 1448.9 | J62: 1449.59 | K62: 1448.77 | L62: 1449.34 | M62: 1449.16 | N62: 1449.21 | O62: 0.955463 | P62: 2500.08 | Q62: 2500.18 | R62: 2500.05 | S62: 2499.73 | T62: 2499.94 | U62: 2499.77 | V62: 2500.22 | W62: 2500.39 | X62: 210.2 | Y62: 0.0637853 | Z62: -0.0682151 | AA62: -0.0624039 | AB62: -0.00075493 | AC62: -0.0755966 | AD62: -0.0366724 | AE62: -0.0675623 | AF62: -0.0697415 | AG62: 16.08.2026 04:23:40 | AH62: H2 | AI62: 100 | AJ62: 36.381843 | AK62: 6461634 | AL62: 1.615 | AN62: =DATEVALUE(SUBSTITUTE(LEFT(A62,10),".","/")) -> 46250 | AO62: =TIMEVALUE(RIGHT(A62,8)) -> 0.17886574 | AQ62: 0 | AR62: 0 | AS62: 0 | AT62: 0
A63: 16.08.2026 04:30:55 | B63: 6 | C63: 210 | D63: 210 | E63: 25.0984 | F63: 25.0231 | G63: 1426.21 | H63: 1425.73 | I63: 1426.06 | J63: 1424.9 | K63: 1425.58 | L63: 1425.53 | M63: 1426.25 | N63: 1426.15 | O63: 0.850312 | P63: 2499.93 | Q63: 2500.33 | R63: 2499.52 | S63: 2500.22 | T63: 2499.97 | U63: 2500.13 | V63: 2499.35 | W63: 2500.2 | X63: 209.9 | Y63: 0.0639846 | Z63: -0.0629017 | AA63: -0.055252 | AB63: -0.00383018 | AC63: -0.0778758 | AD63: -0.0356248 | AE63: -0.0635069 | AF63: -0.0683153 | AG63: 16.08.2026 04:37:03 | AH63: H2 | AI63: 100 | AJ63: 35.504969 | AK63: 6305896 | AL63: 1.615 | AN63: =DATEVALUE(SUBSTITUTE(LEFT(A63,10),".","/")) -> 46250 | AO63: =TIMEVALUE(RIGHT(A63,8)) -> 0.18813657 | AQ63: 0 | AR63: 0 | AS63: 0 | AT63: 0
A64: 16.08.2026 04:44:16 | B64: 7 | C64: 210 | D64: 210 | E64: 25.1042 | F64: 25.0347 | G64: 1429.39 | H64: 1429.49 | I64: 1429.81 | J64: 1429.3 | K64: 1428.75 | L64: 1429.16 | M64: 1429.74 | N64: 1428.7 | O64: 0.879672 | P64: 2499.89 | Q64: 2500.58 | R64: 2500.16 | S64: 2499.93 | T64: 2500.25 | U64: 2500.18 | V64: 2499.35 | W64: 2501.13 | X64: 210 | Y64: 0.0654372 | Z64: -0.0612109 | AA64: -0.0573913 | AB64: -0.00211125 | AC64: -0.0800737 | AD64: -0.036318 | AE64: -0.0652149 | AF64: -0.0698554 | AG64: 16.08.2026 04:50:25 | AH64: H2 | AI64: 35.935392 | AJ64: 36.274442 | AK64: 6442559 | AL64: 1.6166667 | AN64: =DATEVALUE(SUBSTITUTE(LEFT(A64,10),".","/")) -> 46250 | AO64: =TIMEVALUE(RIGHT(A64,8)) -> 0.19740741 | AQ64: 64.064608 | AR64: 64.669056 | AS64: 308622447 | AT64: 3.98
A65: 16.08.2026 04:57:37 | B65: 8 | C65: 210 | D65: 210 | E65: 25.1562 | F65: 25.0231 | G65: 1452.71 | H65: 1452.66 | I65: 1452.25 | J65: 1452.33 | K65: 1452.03 | L65: 1452.78 | M65: 1452.5 | N65: 1452.4 | O65: 0.945372 | P65: 2501.01 | Q65: 2499.76 | R65: 2499.45 | S65: 2499.53 | T65: 2500.33 | U65: 2499.62 | V65: 2499.18 | W65: 2500.21 | X65: 210.1 | Y65: 0.0629409 | Z65: -0.0646117 | AA65: -0.0582379 | AB65: -0.00441517 | AC65: -0.0831115 | AD65: -0.0410171 | AE65: -0.0615066 | AF65: -0.0703405 | AG65: 16.08.2026 05:03:47 | AH65: H2 | AI65: 100 | AJ65: 35.621964 | AK65: 6326675 | AL65: 1.615 | AN65: =DATEVALUE(SUBSTITUTE(LEFT(A65,10),".","/")) -> 46250 | AO65: =TIMEVALUE(RIGHT(A65,8)) -> 0.20667824 | AQ65: 0 | AR65: 0 | AS65: 0 | AT65: 0
A66: 16.08.2026 05:10:59 | B66: 1 | C66: 210.1 | D66: 210.1 | E66: 25.2141 | F66: 25.0217 | G66: 1416.99 | H66: 1416.74 | I66: 1416.15 | J66: 1417.03 | K66: 1416.73 | L66: 1416.22 | M66: 1416.85 | N66: 1416.57 | O66: 0.953559 | P66: 2499.3 | Q66: 2499.79 | R66: 2500.01 | S66: 2499.52 | T66: 2499.64 | U66: 2499.22 | V66: 2499.88 | W66: 2499.44 | X66: 209.8 | Y66: 0.0668619 | Z66: -0.0652807 | AA66: -0.0572853 | AB66: 0.00295775 | AC66: -0.0779099 | AD66: -0.0367203 | AE66: -0.0608646 | AF66: -0.0687419 | AG66: 16.08.2026 05:17:09 | AH66: H2 | AI66: 100 | AJ66: 36.894764 | AK66: 6552732 | AL66: 1.6166667 | AN66: =DATEVALUE(SUBSTITUTE(LEFT(A66,10),".","/")) -> 46250 | AO66: =TIMEVALUE(RIGHT(A66,8)) -> 0.21596065 | AQ66: 0 | AR66: 0 | AS66: 0 | AT66: 0
A67: 16.08.2026 05:24:22 | B67: 2 | C67: 210 | D67: 210 | E67: 25.2402 | F67: 25.0087 | G67: 1461.7 | H67: 1461.2 | I67: 1461.23 | J67: 1461.12 | K67: 1461.11 | L67: 1461.29 | M67: 1461.65 | N67: 1461.19 | O67: 0.872703 | P67: 2500.13 | Q67: 2500.41 | R67: 2499.91 | S67: 2500.26 | T67: 2499.67 | U67: 2499.04 | V67: 2499.82 | W67: 2498.94 | X67: 209.9 | Y67: 0.062597 | Z67: -0.0641749 | AA67: -0.0571283 | AB67: -0.00300302 | AC67: -0.0806891 | AD67: -0.0406204 | AE67: -0.0627281 | AF67: -0.0704321 | AG67: 16.08.2026 05:30:26 | AH67: H2 | AI67: 100 | AJ67: 35.052209 | AK67: 6225483 | AL67: 1.6166667 | AN67: =DATEVALUE(SUBSTITUTE(LEFT(A67,10),".","/")) -> 46250 | AO67: =TIMEVALUE(RIGHT(A67,8)) -> 0.22525463 | AQ67: 0 | AR67: 0 | AS67: 0 | AT67: 0
... A201: 17.08.2026 11:13:43 | B201: 8 | C201: 220 | D201: 220 | E201: 25.3009 | F201: 25.0058 | G201: 1459.4 | H201: 1458.39 | I201: 1459.55 | J201: 1458.76 | K201: 1459.13 | L201: 1459.11 | M201: 1458.56 | N201: 1458.96 | O201: 0.870661 | P201: 2501.47 | Q201: 2499.67 | R201: 2499.9 | S201: 2499.84 | T201: 2500.05 | U201: 2499.96 | V201: 2500.26 | W201: 2500.89 | X201: 210.1 | Y201: 1.99876 | Z201: 2.00096 | AA201: 1.99838 | AB201: 2.02582 | AC201: 1.99981 | AD201: 1.99566 | AE201: 1.99495 | AF201: 1.99767 | AG201: 17.08.2026 11:19:52 | AH201: H2 | AI201: 100 | AJ201: 32.327594 | AK201: 5741575 | AL201: 1.615 | AN201: =DATEVALUE(SUBSTITUTE(LEFT(A201,10),".","/")) -> 46251 | AO201: =TIMEVALUE(RIGHT(A201,8)) -> 0.4678588 | AQ201: 0 | AR201: 0 | AS201: 0 | AT201: 0

Sheet Raw Data
A1: Date/Time | B1: Sampled_reactor | C1: 10i1TIC02 | D1: 10i2TIC02 | E1: 10i1PIC01 | F1: 10i2PIC01 | G1: 01i14FIC01 | H1: 01i14FIC02 | I1: 01i14FIC03 | J1: 01i14FIC04 | K1: 01i14FIC05 | L1: 01i14FIC06 | M1: 01i14FIC07 | N1: 01i14FIC08 | O1: 01i14FI01 | P1: 10i1FIC01 | Q1: 10i1FIC02 | R1: 10i1FIC03 | S1: 10i1FIC04 | T1: 10i2FIC01 | U1: 10i2FIC02 | V1: 10i2FIC03 | W1: 10i2FIC04 | X1: 10i2TIC01 | Y1: 02i2FIC01 | Z1: 02i2FIC02 | AA1: 02i2FIC03 | AB1: 02i2FIC04 | AC1: 02i2FIC05 | AD1: 02i2FIC06 | AE1: 02i2FIC07 | AF1: 02i2FIC08 | AG1: GC Date/Time | AH1: Name_H2 | AI1: Conc_H2 | AJ1: ESTD_H2 | AK1: Area_H2 | AL1: RT_H2 | AM1: Conc_N2 | AN1: ESTD_N2 | AO1: Area_N2 | AP1: RT_N2 | AU1: Date | AV1: Time Stamp | AW1: GC Data | AX1: GC Time Stamp | BB1: Methane | BC1: Ethane | BD1: Propane | BE1: n-Butane | BF1: iso-Butane | BG1: n-Pentane | BH1: iso-Pentane | BI1: Cyclopentane | BJ1: n-Hexane | BK1: 2-Methyl Pentane | BL1: 3-Methyl Pentane | BM1: 2,3-Dimethyl Butane | BN1: 2,2-Dimethyl Butane | BO1: Cyclohexane | BP1: Methyl Cyclopentane | BQ1: Benzene | BR1: n-Heptane | BS1: iC7 Single Branched | BT1: iC7 Multi Branched | BU1: C7N | BV1: Toluene | BW1: C8P | BX1: C8N | BY1: C8A | BZ1: C9P | CA1: C9N | CB1: C9A | CC1: C10P | CD1: C10N | CE1: C10A | CF1: C3 & Below | CG1: C4-C5 Unknowns | CH1: C5-C6 Unknowns | CI1: C6-C7 Unknowns | CJ1: C7-C8 Unknowns | CK1: C8 Plus | CL1: Carbon | CM1: Hydrogen | CN1: Linear RON | CO1: Calculated RON | CP1: Molecular Weight | CQ1: Specific Gravity | CR1: Remarks | EH1: Mol. Weight | EI1: Carbon, wt% | EJ1: Hydrogen, wt% | EK1: RON
A2: 14.08.2026 21:36:45 | B2: 1 | C2: 210.1 | D2: 210 | E2: 25.0825 | F2: 25.0506 | G2: 1685.88 | H2: 1686.14 | I2: 1686.11 | J2: 1686.89 | K2: 1685.24 | L2: 1685.76 | M2: 1685.08 | N2: 1685.35 | O2: 1.1612 | P2: 2500 | Q2: 2500.31 | R2: 2499.53 | S2: 2500.12 | T2: 2500.37 | U2: 2500.52 | V2: 2499.64 | W2: 2500.49 | X2: 209.8 | Y2: 2.01038 | Z2: 2.00818 | AA2: 2.00941 | AB2: 1.97917 | AC2: 2.01041 | AD2: 2.00644 | AE2: 2.011 | AF2: 2.0006 | AG2: 14.08.2026 23:19:20 | AH2: H2 | AI2: 41.172452 | AJ2: 37.76049 | AK2: 6706490 | AL2: 1.6183333 | AM2: 58.827548 | AN2: 53.952507 | AO2: 257479475 | AP2: 4 | AR2: =(AO2-5710532)/(4716081) -> 53.385203 | AS2: =(AK2-180057)/(179209) -> 36.417998 | AU2: =DATEVALUE(SUBSTITUTE(LEFT(A2,10),".","/")) -> 46248 | AV2: =TIMEVALUE(RIGHT(A2,8)) -> 0.90052083 | AW2: =DATEVALUE(SUBSTITUTE(LEFT(AG2,10),".","/")) -> 46248 | AX2: =TIMEVALUE(RIGHT(AG2,8)) -> 0.97175926 | AY2: 46248 | AZ2: 0.90053241 | BA2: R16_C1_S2_001_2026-08-14 21-0 | BB2: 0 | BC2: 0 | BD2: 0.117733 | BE2: 1.648836 | BF2: 0.549996 | BG2: 12.49423 | BH2: 7.563905 | BI2: 0 | BJ2: 17.33242 | BK2: 7.742486 | BL2: 3.727007 | BM2: 0.810594 | BN2: 0.03882 | BO2: 0.353294 | BP2: 0.667111 | BQ2: 0 | BR2: 15.871069 | BS2: 13.507695 | BT2: 1.329567 | BU2: 1.140245 | BV2: 0 | BW2: 13.552277 | BX2: 0.529629 | BY2: 0 | BZ2: 0.213448 | CA2: 0.031009 | CB2: 0 | CC2: 0 | CD2: 0.040806 | CE2: 0 | CF2: 0.039426 | CG2: 0 | CH2: 0 | CI2: 0.169391 | CJ2: 0.108001 | CK2: 0.421052 | CL2: 83.912094 | CM2: 16.14719 | CN2: 42.555553 | CO2: 41.119297 | CP2: 89.028351 | CQ2: 0.664206 | EH2: 88 | EK2: 50
A3: 14.08.2026 23:40:46 | B3: 2 | C3: 210 | D3: 210 | E3: 25.0246 | F3: 25.026 | G3: 1694.05 | H3: 1693.54 | I3: 1693.93 | J3: 1693.96 | K3: 1694.26 | L3: 1693.83 | M3: 1693.35 | N3: 1692.78 | O3: 1.18735 | P3: 2500.43 | Q3: 2500.11 | R3: 2499.22 | S3: 2499.81 | T3: 2499.6 | U3: 2499.46 | V3: 2499.5 | W3: 2500.32 | X3: 210.1 | Y3: 2.00509 | Z3: 2.00966 | AA3: 2.00857 | AB3: 2.02016 | AC3: 2.00788 | AD3: 2.01031 | AE3: 2.0118 | AF3: 2.00009 | AG3: 15.08.2026 01:23:22 | AH3: H2 | AI3: 39.392844 | AJ3: 35.565789 | AK3: 6316698 | AL3: 1.6183333 | AM3: 60.607156 | AN3: 54.719108 | AO3: 261137956 | AP3: 3.998 | AR3: =(AO3-5710532)/(4716081) -> 54.160949 | AS3: =(AK3-180057)/(179209) -> 34.242929 | AU3: =DATEVALUE(SUBSTITUTE(LEFT(A3,10),".","/")) -> 46248 | AV3: =TIMEVALUE(RIGHT(A3,8)) -> 0.98664352 | AW3: =DATEVALUE(SUBSTITUTE(LEFT(AG3,10),".","/")) -> 46249 | AX3: =TIMEVALUE(RIGHT(AG3,8)) -> 0.057893519 | AY3: 46248 | AZ3: 0.98666667 | BA3: R16_C1_S2_002_2026-08-14 23-1 | BB3: 0 | BC3: 0 | BD3: 0.964969 | BE3: 2.131811 | BF3: 2.8011 | BG3: 12.247929 | BH3: 8.297296 | BI3: 0 | BJ3: 15.944094 | BK3: 7.95385 | BL3: 4.285481 | BM3: 1.14805 | BN3: 0.125951 | BO3: 0.349556 | BP3: 0.666889 | BQ3: 0 | BR3: 11.79993 | BS3: 14.601999 | BT3: 2.717272 | BU3: 1.120726 | BV3: 0 | BW3: 9.749968 | BX3: 0.933777 | BY3: 0 | BZ3: 0.119804 | CA3: 0.012434 | CB3: 0 | CC3: 0 | CD3: 0.008718 | CE3: 0 | CF3: 0.027466 | CG3: 0 | CH3: 0 | CI3: 0.654126 | CJ3: 0.13954 | CK3: 1.196871 | CL3: 84.334549 | CM3: 15.998863 | CN3: 49.881214 | CO3: 47.755909 | CP3: 86.532341 | CQ3: 0.666729 | EH3: 88 | EK3: 50
A4: 15.08.2026 03:29:35 | B4: 4 | C4: 210 | D4: 209.9 | E4: 25.2025 | F4: 25.0405 | G4: 1684.62 | H4: 1684.13 | I4: 1683.81 | J4: 1684.53 | K4: 1684.41 | L4: 1684.7 | M4: 1684.02 | N4: 1684.22 | O4: 1.1666 | P4: 2501.06 | Q4: 2499.48 | R4: 2499.65 | S4: 2499.81 | T4: 2500.1 | U4: 2498.99 | V4: 2500.3 | W4: 2499.85 | X4: 209.9 | Y4: 2.01057 | Z4: 2.01286 | AA4: 2.01007 | AB4: 2.0213 | AC4: 2.00942 | AD4: 2.00541 | AE4: 2.01187 | AF4: 1.99989 | AG4: 15.08.2026 05:12:13 | AH4: H2 | AI4: 41.662091 | AJ4: 39.229747 | AK4: 6967439 | AL4: 1.6033334 | AM4: 58.337909 | AN4: 54.931986 | AO4: 262153880 | AP4: 3.983 | AR4: =(AO4-5710532)/(4716081) -> 54.376366 | AS4: =(AK4-180057)/(179209) -> 37.874113 | AU4: =DATEVALUE(SUBSTITUTE(LEFT(A4,10),".","/")) -> 46249 | AV4: =TIMEVALUE(RIGHT(A4,8)) -> 0.14554398 | AW4: =DATEVALUE(SUBSTITUTE(LEFT(AG4,10),".","/")) -> 46249 | AX4: =TIMEVALUE(RIGHT(AG4,8)) -> 0.21681713 | AY4: 46249 | AZ4: 0.13466435 | BA4: R16_C1_S2_003_2026-08-15 01-2 | BB4: 0 | BC4: 0 | BD4: 3.656315 | BE4: 3.009165 | BF4: 9.209453 | BG4: 12.324524 | BH4: 9.939202 | BI4: 0 | BJ4: 14.654422 | BK4: 8.039551 | BL4: 4.882085 | BM4: 2.072654 | BN4: 0.314178 | BO4: 0.333287 | BP4: 0.622909 | BQ4: 0 | BR4: 8.244795 | BS4: 12.515216 | BT4: 3.384691 | BU4: 1.039486 | BV4: 0 | BW4: 3.48935 | BX4: 0.691876 | BY4: 0 | BZ4: 0.116462 | CA4: 0.003481 | CB4: 0 | CC4: 0 | CD4: 0 | CE4: 0 | CF4: 0.023191 | CG4: 0 | CH4: 0 | CI4: 1.178441 | CJ4: 0.095112 | CK4: 0.134432 | CL4: 84.15184 | CM4: 16.266411 | CN4: 61.039814 | CO4: 59.608891 | CP4: 79.391731 | CQ4: 0.631436 | EH4: 88 | EK4: 50
A5: 15.08.2026 05:33:37 | B5: 5 | C5: 210 | D5: 210 | E5: 25.0362 | F5: 25.0145 | G5: 1717.1 | H5: 1717.61 | I5: 1717.57 | J5: 1717.02 | K5: 1717.39 | L5: 1717.27 | M5: 1718.5 | N5: 1716.89 | O5: 1.12558 | P5: 2499.8 | Q5: 2499.34 | R5: 2499.38 | S5: 2499.54 | T5: 2500.18 | U5: 2500.22 | V5: 2500.46 | W5: 2501.09 | X5: 210.1 | Y5: 2.0087 | Z5: 2.00647 | AA5: 2.00861 | AB5: 2.00787 | AC5: 2.00654 | AD5: 2.00862 | AE5: 2.00694 | AF5: 1.99764 | AG5: 15.08.2026 07:16:13 | AH5: H2 | AI5: 40.788651 | AJ5: 36.943991 | AK5: 6561475 | AL5: 1.6183333 | AM5: 59.211349 | AN5: 53.630201 | AO5: 255941326 | AP5: 4.003 | AR5: =(AO5-5710532)/(4716081) -> 53.059053 | AS5: =(AK5-180057)/(179209) -> 35.608803 | AU5: =DATEVALUE(SUBSTITUTE(LEFT(A5,10),".","/")) -> 46249 | AV5: =TIMEVALUE(RIGHT(A5,8)) -> 0.23167824 | AW5: =DATEVALUE(SUBSTITUTE(LEFT(AG5,10),".","/")) -> 46249 | AX5: =TIMEVALUE(RIGHT(AG5,8)) -> 0.30292824 | AY5: 46249 | AZ5: 0.23168981 | BA5: R16_C1_S2_004_2026-08-15 05-1 | BB5: 0 | BC5: 0 | BD5: 0.205301 | BE5: 1.718935 | BF5: 0.871503 | BG5: 12.507391 | BH5: 7.771188 | BI5: 0 | BJ5: 17.251335 | BK5: 7.65377 | BL5: 3.848982 | BM5: 0.911433 | BN5: 0.076337 | BO5: 0.343391 | BP5: 0.65946 | BQ5: 0 | BR5: 15.48801 | BS5: 13.259613 | BT5: 1.65321 | BU5: 1.117982 | BV5: 0 | BW5: 12.805924 | BX5: 0.715258 | BY5: 0 | BZ5: 0.190681 | CA5: 0.032295 | CB5: 0 | CC5: 0 | CD5: 0.033641 | CE5: 0 | CF5: 0.028982 | CG5: 0.003108 | CH5: 0 | CI5: 0.316342 | CJ5: 0.143579 | CK5: 0.391902 | CL5: 83.987762 | CM5: 16.131313 | CN5: 43.795586 | CO5: 42.239914 | CP5: 88.617661 | CQ5: 0.663907 | EH5: 88 | EK5: 50
A6: 15.08.2026 07:37:38 | B6: 6 | C6: 210 | D6: 210 | E6: 25.1577 | F6: 25.0448 | G6: 1711.8 | H6: 1712.19 | I6: 1711.2 | J6: 1712.75 | K6: 1710.76 | L6: 1710.82 | M6: 1711.81 | N6: 1711.2 | O6: 1.1493 | P6: 2499.76 | Q6: 2500.05 | R6: 2500.19 | S6: 2500.18 | T6: 2500.2 | U6: 2500.19 | V6: 2500.84 | W6: 2501.36 | X6: 210.1 | Y6: 2.00988 | Z6: 2.0117 | AA6: 2.00993 | AB6: 1.99089 | AC6: 2.00832 | AD6: 2.01006 | AE6: 2.00691 | AF6: 2.00052 | AG6: 15.08.2026 09:20:14 | AH6: H2 | AI6: 39.613228 | AJ6: 35.785112 | AK6: 6355651 | AL6: 1.6183333 | AM6: 60.386772 | AN6: 54.551155 | AO6: 260336428 | AP6: 4 | AR6: =(AO6-5710532)/(4716081) -> 53.990993 | AS6: =(AK6-180057)/(179209) -> 34.460289 | AU6: =DATEVALUE(SUBSTITUTE(LEFT(A6,10),".","/")) -> 46249 | AV6: =TIMEVALUE(RIGHT(A6,8)) -> 0.31780093 | AW6: =DATEVALUE(SUBSTITUTE(LEFT(AG6,10),".","/")) -> 46249 | AX6: =TIMEVALUE(RIGHT(AG6,8)) -> 0.38905093 | AY6: 46249 | AZ6: 0.31782407 | BA6: R16_C1_S2_005_2026-08-15 07-1 | BB6: 0 | BC6: 0 | BD6: 1.156743 | BE6: 2.100115 | BF6: 3.206117 | BG6: 11.20526 | BH6: 7.833719 | BI6: 0 | BJ6: 14.211056 | BK6: 7.324261 | BL6: 4.13897 | BM6: 1.130574 | BN6: 0.181862 | BO6: 0.309028 | BP6: 0.618081 | BQ6: 0 | BR6: 9.629814 | BS6: 13.640889 | BT6: 2.709445 | BU6: 1.014577 | BV6: 0 | BW6: 7.79845 | BX6: 0.925949 | BY6: 0 | BZ6: 0.101372 | CA6: 0.006897 | CB6: 0 | CC6: 0 | CD6: 0.005629 | CE6: 0 | CF6: 0.020705 | CG6: 0 | CH6: 0 | CI6: 0.936365 | CJ6: 0.131753 | CK6: 9.662365 | CL6: 86.702606 | CM6: 14.59291 | CN6: 47.54417 | CO6: 46.19463 | CP6: 88.94828 | CQ6: 0.649202
A7: 15.08.2026 09:41:40 | B7: 7 | C7: 210 | D7: 210 | E7: 25.0521 | F7: 25.026 | G7: 1713.89 | H7: 1714.55 | I7: 1714.31 | J7: 1714.57 | K7: 1714.58 | L7: 1714.66 | M7: 1714.7 | N7: 1714.62 | O7: 1.15121 | P7: 2499.75 | Q7: 2500.37 | R7: 2499.22 | S7: 2499.73 | T7: 2499.69 | U7: 2500.47 | V7: 2500.16 | W7: 2500.76 | X7: 210.1 | Y7: 2.00711 | Z7: 2.00573 | AA7: 2.01081 | AB7: 2.02191 | AC7: 2.01064 | AD7: 2.00666 | AE7: 2.00921 | AF7: 1.99898 | AG7: 15.08.2026 11:24:15 | AH7: H2 | AI7: 39.663349 | AJ7: 35.54119 | AK7: 6312329 | AL7: 1.6166667 | AM7: 60.336651 | AN7: 54.065942 | AO7: 258020828 | AP7: 4 | AR7: =(AO7-5710532)/(4716081) -> 53.499992 | AS7: =(AK7-180057)/(179209) -> 34.218549 | AU7: =DATEVALUE(SUBSTITUTE(LEFT(A7,10),".","/")) -> 46249 | AV7: =TIMEVALUE(RIGHT(A7,8)) -> 0.40393519 | AW7: =DATEVALUE(SUBSTITUTE(LEFT(AG7,10),".","/")) -> 46249 | AX7: =TIMEVALUE(RIGHT(AG7,8)) -> 0.47517361 | AY7: 46249 | AZ7: 0.40395833 | BA7: R16_C1_S2_006_2026-08-15 09-2 | BB7: 0 | BC7: 0 | BD7: 3.472496 | BE7: 3.005806 | BF7: 8.571618 | BG7: 12.330336 | BH7: 9.88954 | BI7: 0 | BJ7: 14.522765 | BK7: 8.180632 | BL7: 4.951026 | BM7: 2.008399 | BN7: 0.298678 | BO7: 0.334372 | BP7: 0.651347 | BQ7: 0 | BR7: 8.119357 | BS7: 13.008637 | BT7: 3.469566 | BU7: 1.07431 | BV7: 0 | BW7: 3.819377 | BX7: 0.706148 | BY7: 0 | BZ7: 0.106878 | CA7: 0.002549 | CB7: 0 | CC7: 0 | CD7: 0 | CE7: 0 | CF7: 0.021658 | CG7: 0 | CH7: 0 | CI7: 1.165435 | CJ7: 0.100525 | CK7: 0.18753 | CL7: 84.173042 | CM7: 16.254766 | CN7: 60.666374 | CO7: 59.068134 | CP7: 79.864815 | CQ7: 0.63239
A8: 15.08.2026 11:45:41 | B8: 8 | C8: 210 | D8: 210 | E8: 25.0376 | F8: 25.0333 | G8: 1709.25 | H8: 1708.04 | I8: 1708.47 | J8: 1707.89 | K8: 1708.95 | L8: 1708.25 | M8: 1708.79 | N8: 1709.05 | O8: 1.10068 | P8: 2500.12 | Q8: 2499.62 | R8: 2499.77 | S8: 2500.64 | T8: 2499.7 | U8: 2500.18 | V8: 2499.46 | W8: 1999.24 | X8: 210 | Y8: 2.01012 | Z8: 2.01101 | AA8: 2.01069 | AB8: 1.98866 | AC8: 2.00683 | AD8: 2.00551 | AE8: 2.00862 | AF8: 2.00158 | AG8: 15.08.2026 13:28:24 | AH8: H2 | AI8: 45.520835 | AJ8: 40.944481 | AK8: 7271986 | AL8: 1.6200001 | AM8: 54.479165 | AN8: 49.0022 | AO8: 233854952 | AP8: 4.008 | AR8: =(AO8-5710532)/(4716081) -> 48.375849 | AS8: =(AK8-180057)/(179209) -> 39.573509 | AU8: =DATEVALUE(SUBSTITUTE(LEFT(A8,10),".","/")) -> 46249 | AV8: =TIMEVALUE(RIGHT(A8,8)) -> 0.49005787 | AW8: =DATEVALUE(SUBSTITUTE(LEFT(AG8,10),".","/")) -> 46249 | AX8: =TIMEVALUE(RIGHT(AG8,8)) -> 0.56138889 | AY8: 46249 | AZ8: 0.49009259 | BA8: R16_C1_S2_007_2026-08-15 11-2 | BB8: 0 | BC8: 0 | BD8: 0.042157 | BE8: 1.606483 | BF8: 0.287313 | BG8: 12.603419 | BH8: 7.4215 | BI8: 0 | BJ8: 17.568247 | BK8: 7.886871 | BL8: 3.632107 | BM8: 0.708796 | BN8: 0.016095 | BO8: 0.307687 | BP8: 0.663367 | BQ8: 0 | BR8: 16.227018 | BS8: 13.77893 | BT8: 0.948037 | BU8: 0.984499 | BV8: 0 | BW8: 13.977783 | BX8: 0.484744 | BY8: 0 | BZ8: 0.186928 | CA8: 0.018429 | CB8: 0 | CC8: 0 | CD8: 0 | CE8: 0 | CF8: 0 | CG8: 0.033336 | CH8: 0.050859 | CI8: 0.161588 | CJ8: 0.216423 | CK8: 0.219027 | CL8: 83.885201 | CM8: 16.15572 | CN8: 41.324261 | CO8: 39.993828 | CP8: 89.279633 | CQ8: 0.664593
A9: 17.08.2026 14:07:39 | B9: 1 | C9: 220 | D9: 220 | E9: 25.3371 | F9: 25 | G9: 1431.59 | H9: 1432.05 | I9: 1431.74 | J9: 1430.83 | K9: 1431.77 | L9: 1431.58 | M9: 1430.91 | N9: 1431.15 | O9: 0.892162 | P9: 2501.22 | Q9: 2498.66 | R9: 2500.21 | S9: 2500.29 | T9: 2499.99 | U9: 2499.21 | V9: 2498.2 | W9: 2500.48 | X9: 209.9 | Y9: 1.99804 | Z9: 1.99811 | AA9: 1.9988 | AB9: 2.01785 | AC9: 1.99874 | AD9: 2.00017 | AE9: 1.99706 | AF9: 1.99774 | AG9: 17.08.2026 15:50:15 | AH9: H2 | AI9: 36.963044 | AJ9: 33.704794 | AK9: 5986174 | AL9: 1.615 | AM9: 63.036956 | AN9: 57.480319 | AO9: 274315381 | AP9: 3.968 | AR9: =(AO9-5710532)/(4716081) -> 56.955097 | AS9: =(AK9-180057)/(179209) -> 32.398579 | AU9: =DATEVALUE(SUBSTITUTE(LEFT(A9,10),".","/")) -> 46251 | AV9: =TIMEVALUE(RIGHT(A9,8)) -> 0.58864583 | AW9: =DATEVALUE(SUBSTITUTE(LEFT(AG9,10),".","/")) -> 46251 | AX9: =TIMEVALUE(RIGHT(AG9,8)) -> 0.65989583 | AY9: 46251 | AZ9: 0.58868056 | BA9: R16_C3_S1_001_2026-08-17 12-1 | BB9: 0 | BC9: 0 | BD9: 0.28497 | BE9: 1.818896 | BF9: 1.055753 | BG9: 12.831335 | BH9: 7.991463 | BI9: 0 | BJ9: 17.402658 | BK9: 7.718058 | BL9: 3.961844 | BM9: 1.020448 | BN9: 0.080764 | BO9: 0.333525 | BP9: 0.672966 | BQ9: 0 | BR9: 15.10768 | BS9: 13.079929 | BT9: 2.044778 | BU9: 1.089932 | BV9: 0 | BW9: 11.798962 | BX9: 0.696706 | BY9: 0 | BZ9: 0.141872 | CA9: 0.022949 | CB9: 0 | CC9: 0 | CD9: 0 | CE9: 0 | CF9: 0.056127 | CG9: 0.002643 | CH9: 0 | CI9: 0.052779 | CJ9: 0.077681 | CK9: 0.179404 | CL9: 83.759521 | CM9: 16.227293 | CN9: 45.273258 | CO9: 43.404808 | CP9: 87.93605 | CQ9: 0.660153
A10: 17.08.2026 16:11:40 | B10: 2 | C10: 220 | D10: 220 | E10: 25.0796 | F10: 24.9899 | G10: 1395.34 | H10: 1395.29 | I10: 1394.96 | J10: 1393.68 | K10: 1394.99 | L10: 1394.6 | M10: 1395.09 | N10: 1395.85 | O10: 0.947666 | P10: 2500.08 | Q10: 2499.92 | R10: 2499.83 | S10: 2499.5 | T10: 2499.75 | U10: 2499.46 | V10: 2500.42 | W10: 2499.56 | X10: 210.1 | Y10: 2.00186 | Z10: 2.00241 | AA10: 2.00074 | AB10: 1.98872 | AC10: 2.00056 | AD10: 2.00368 | AE10: 1.99946 | AF10: 2.00034 | AG10: 17.08.2026 17:54:15 | AH10: H2 | AI10: 34.459743 | AJ10: 30.608519 | AK10: 5436257 | AL10: 1.6133333 | AM10: 65.540257 | AN10: 58.215472 | AO10: 277823777 | AP10: 3.968 | AR10: =(AO10-5710532)/(4716081) -> 57.699019 | AS10: =(AK10-180057)/(179209) -> 29.33 | AU10: =DATEVALUE(SUBSTITUTE(LEFT(A10,10),".","/")) -> 46251 | AV10: =TIMEVALUE(RIGHT(A10,8)) -> 0.67476852 | AW10: =DATEVALUE(SUBSTITUTE(LEFT(AG10,10),".","/")) -> 46251 | AX10: =TIMEVALUE(RIGHT(AG10,8)) -> 0.74600694 | AY10: 46251 | AZ10: 0.67481481 | BA10: R16_C3_S1_002_2026-08-17 15-5 | BB10: 0 | BC10: 0 | BD10: 2.675393 | BE10: 2.798299 | BF10: 6.216341 | BG10: 12.047641 | BH10: 9.180503 | BI10: 0 | BJ10: 14.33091 | BK10: 8.065376 | BL10: 4.715255 | BM10: 1.620711 | BN10: 0.257456 | BO10: 0.322725 | BP10: 0.654495 | BQ10: 0 | BR10: 8.509689 | BS10: 13.338917 | BT10: 3.150783 | BU10: 1.050407 | BV10: 0 | BW10: 5.665665 | BX10: 0.820283 | BY10: 0 | BZ10: 0.089527 | CA10: 0.001928 | CB10: 0 | CC10: 0 | CD10: 0 | CE10: 0 | CF10: 0.029753 | CG10: 0 | CH10: 0 | CI10: 0.004731 | CJ10: 0.070029 | CK10: 4.168551 | CL10: 84.621391 | CM10: 15.741448 | CN10: 56.526745 | CO10: 54.669144 | CP10: 82.848114 | CQ10: 0.648528
A11: 17.08.2026 18:15:42 | B11: 3 | C11: 220 | D11: 220 | E11: 25.2922 | F11: 24.9725 | G11: 1403.78 | H11: 1403.69 | I11: 1403.45 | J11: 1403.56 | K11: 1403.57 | L11: 1403.34 | M11: 1404.19 | N11: 1403.23 | O11: 0.947885 | P11: 2499.97 | Q11: 2500.6 | R11: 2499.94 | S11: 2499.3 | T11: 2499.66 | U11: 2499.95 | V11: 2500.16 | W11: 2499.26 | X11: 210 | Y11: 1.99847 | Z11: 1.99933 | AA11: 1.99867 | AB11: 1.99454 | AC11: 1.99791 | AD11: 1.99999 | AE11: 2.00178 | AF11: 1.99713 | AG11: 17.08.2026 19:58:17 | AH11: H2 | AI11: 33.154152 | AJ11: 28.932162 | AK11: 5138526 | AL11: 1.6133333 | AM11: 66.845848 | AN11: 58.333416 | AO11: 278386647 | AP11: 3.97 | AR11: =(AO11-5710532)/(4716081) -> 57.81837 | AS11: =(AK11-180057)/(179209) -> 27.668638 | AU11: =DATEVALUE(SUBSTITUTE(LEFT(A11,10),".","/")) -> 46251 | AV11: =TIMEVALUE(RIGHT(A11,8)) -> 0.76090278 | AW11: =DATEVALUE(SUBSTITUTE(LEFT(AG11,10),".","/")) -> 46251 | AX11: =TIMEVALUE(RIGHT(AG11,8)) -> 0.8321412 | AY11: 46251 | AZ11: 0.76092593 | BA11: R16_C3_S1_003_2026-08-17 17-5 | BB11: 0 | BC11: 0 | BD11: 9.028569 | BE11: 3.705124 | BF11: 17.745235 | BG11: 11.996096 | BH11: 11.612995 | BI11: 0 | BJ11: 10.937249 | BK11: 9.574555 | BL11: 5.931809 | BM11: 2.760134 | BN11: 0.86876 | BO11: 0.247892 | BP11: 0.575232 | BQ11: 0 | BR11: 2.838834 | BS11: 7.003602 | BT11: 3.048162 | BU11: 0.904318 | BV11: 0 | BW11: 0.40426 | BX11: 0.526211 | BY11: 0 | BZ11: 0.120694 | CA11: 0.002437 | CB11: 0 | CC11: 0 | CD11: 0 | CE11: 0 | CF11: 0.021372 | CG11: 0 | CH11: 0 | CI11: 0 | CJ11: 0.007257 | CK11: 0.139207 | CL11: 83.207535 | CM11: 16.73572 | CN11: 76.048927 | CO11: 76.392838 | CP11: 71.02758 | CQ11: 0.563085
A12: 17.08.2026 20:19:43 | B12: 4 | C12: 220 | D12: 219.9 | E12: 25.1027 | F12: 24.987 | G12: 1400.51 | H12: 1401.21 | I12: 1400.59 | J12: 1400.98 | K12: 1401.26 | L12: 1401.6 | M12: 1400.83 | N12: 1400.34 | O12: 0.883018 | P12: 2500.65 | Q12: 2499.58 | R12: 2499.83 | S12: 2499.85 | T12: 2499.86 | U12: 2499.13 | V12: 2498.72 | W12: 2501.22 | X12: 210 | Y12: 2.00017 | Z12: 2.00302 | AA12: 1.99898 | AB12: 1.98626 | AC12: 1.99835 | AD12: 2.00138 | AE12: 1.9994 | AF12: 2.0015 | AG12: 17.08.2026 22:02:18 | AH12: H2 | AI12: 36.551001 | AJ12: 33.192941 | AK12: 5895266 | AL12: 1.6166667 | AM12: 63.448999 | AN12: 57.619734 | AO12: 274980713 | AP12: 3.972 | AR12: =(AO12-5710532)/(4716081) -> 57.096174 | AS12: =(AK12-180057)/(179209) -> 31.891306 | AU12: =DATEVALUE(SUBSTITUTE(LEFT(A12,10),".","/")) -> 46251 | AV12: =TIMEVALUE(RIGHT(A12,8)) -> 0.84702546 | AW12: =DATEVALUE(SUBSTITUTE(LEFT(AG12,10),".","/")) -> 46251 | AX12: =TIMEVALUE(RIGHT(AG12,8)) -> 0.91826389 | AY12: 46251 | AZ12: 0.84706019 | BA12: R16_C3_S1_004_2026-08-17 19-5 | BB12: 0 | BC12: 0 | BD12: 0.044021 | BE12: 1.640058 | BF12: 0.295238 | BG12: 12.865582 | BH12: 7.58069 | BI12: 0 | BJ12: 17.768829 | BK12: 8.008453 | BL12: 3.679805 | BM12: 0.719004 | BN12: 0.016417 | BO12: 0.305106 | BP12: 0.667799 | BQ12: 0 | BR12: 16.065035 | BS12: 13.759206 | BT12: 0.950371 | BU12: 0.965797 | BV12: 0 | BW12: 13.393986 | BX12: 0.478043 | BY12: 0 | BZ12: 0.173332 | CA12: 0.016433 | CB12: 0 | CC12: 0 | CD12: 0 | CE12: 0 | CF12: 0 | CG12: 0.023653 | CH12: 0.043805 | CI12: 0.155658 | CJ12: 0.20954 | CK12: 0.194382 | CL12: 83.864456 | CM12: 16.171251 | CN12: 41.76873 | CO12: 40.401958 | CP12: 89.001328 | CQ12: 0.664831
A13: 17.08.2026 22:23:44 | B13: 5 | C13: 220 | D13: 220 | E13: 25.2879 | F13: 25.0087 | G13: 1456.91 | H13: 1457.37 | I13: 1456.82 | J13: 1457.5 | K13: 1457.79 | L13: 1457.57 | M13: 1457.49 | N13: 1457.1 | O13: 0.900168 | P13: 2499.5 | Q13: 2499.79 | R13: 2500.15 | S13: 2500.3 | T13: 2499.85 | U13: 2499.94 | V13: 2501.33 | W13: 2500.1 | X13: 210 | Y13: 1.99839 | Z13: 1.99792 | AA13: 1.99878 | AB13: 2.00775 | AC13: 1.9966 | AD13: 1.99779 | AE13: 1.99816 | AF13: 1.99912 | AG13: 18.08.2026 00:06:24 | AH13: H2 | AI13: 36.340373 | AJ13: 32.704844 | AK13: 5808577 | AL13: 1.6166667 | AM13: 63.659627 | AN13: 57.291052 | AO13: 273412132 | AP13: 3.973 | AR13: =(AO13-5710532)/(4716081) -> 56.763571 | AS13: =(AK13-180057)/(179209) -> 31.407574 | AU13: =DATEVALUE(SUBSTITUTE(LEFT(A13,10),".","/")) -> 46251 | AV13: =TIMEVALUE(RIGHT(A13,8)) -> 0.93314815 | AW13: =DATEVALUE(SUBSTITUTE(LEFT(AG13,10),".","/")) -> 46252 | AX13: =TIMEVALUE(RIGHT(AG13,8)) -> 0.0044444444 | AY13: 46251 | AZ13: 0.93318287 | BA13: R16_C3_S1_005_2026-08-17 22-0 | BB13: 0 | BC13: 0 | BD13: 0.502047 | BE13: 1.972133 | BF13: 1.807091 | BG13: 12.759407 | BH13: 8.359352 | BI13: 0 | BJ13: 17.002029 | BK13: 7.509785 | BL13: 4.187012 | BM13: 1.254753 | BN13: 0.182611 | BO13: 0.307323 | BP13: 0.664269 | BQ13: 0 | BR13: 14.11288 | BS13: 12.723983 | BT13: 3.126709 | BU13: 1.054588 | BV13: 0 | BW13: 10.823235 | BX13: 1.002385 | BY13: 0 | BZ13: 0.134015 | CA13: 0.021859 | CB13: 0 | CC13: 0 | CD13: 0 | CE13: 0 | CF13: 0.021257 | CG13: 0.00552 | CH13: 0 | CI13: 0.077379 | CJ13: 0.107426 | CK13: 0.242967 | CL13: 83.7715 | CM13: 16.229925 | CN13: 47.920631 | CO13: 45.756012 | CP13: 87.079735 | CQ13: 0.653079
A14: 18.08.2026 00:27:46 | B14: 6 | C14: 220 | D14: 220 | E14: 25.2836 | F14: 24.9986 | G14: 1406.96 | H14: 1406.99 | I14: 1406.86 | J14: 1407.58 | K14: 1407.61 | L14: 1406.61 | M14: 1407.05 | N14: 1407.09 | O14: 0.926953 | P14: 2499.32 | Q14: 2500 | R14: 2499.69 | S14: 2499.24 | T14: 2500.45 | U14: 2499.81 | V14: 2500.43 | W14: 2500.69 | X14: 210.1 | Y14: 2.00145 | Z14: 2.00406 | AA14: 2.00119 | AB14: 1.99518 | AC14: 1.99987 | AD14: 2.00142 | AE14: 1.99941 | AF14: 2.00192 | AG14: 18.08.2026 02:10:26 | AH14: H2 | AI14: 34.406048 | AJ14: 30.596661 | AK14: 5434151 | AL14: 1.615 | AM14: 65.593952 | AN14: 58.331486 | AO14: 278377435 | AP14: 3.973 | AR14: =(AO14-5710532)/(4716081) -> 57.816416 | AS14: =(AK14-180057)/(179209) -> 29.318249 | AU14: =DATEVALUE(SUBSTITUTE(LEFT(A14,10),".","/")) -> 46252 | AV14: =TIMEVALUE(RIGHT(A14,8)) -> 0.019282407 | AW14: =DATEVALUE(SUBSTITUTE(LEFT(AG14,10),".","/")) -> 46252 | AX14: =TIMEVALUE(RIGHT(AG14,8)) -> 0.090578704 | AY14: 46252 | AZ14: 0.019305556 | BA14: R16_C3_S1_006_2026-08-18 00-0 | BB14: 0 | BC14: 0 | BD14: 3.525788 | BE14: 3.166492 | BF14: 7.865925 | BG14: 12.428847 | BH14: 9.994236 | BI14: 0 | BJ14: 13.796656 | BK14: 8.750359 | BL14: 5.339118 | BM14: 1.81507 | BN14: 0.487363 | BO14: 0.308605 | BP14: 0.700426 | BQ14: 0 | BR14: 6.77926 | BS14: 13.977055 | BT14: 4.675512 | BU14: 1.076671 | BV14: 0 | BW14: 4.005754 | BX14: 0.822341 | BY14: 0 | BZ14: 0.092548 | CA14: 0 | CB14: 0 | CC14: 0 | CD14: 0 | CE14: 0 | CF14: 0.017391 | CG14: 0 | CH14: 0 | CI14: 0.003841 | CJ14: 0.060051 | CK14: 0.312814 | CL14: 83.54776 | CM14: 16.422396 | CN14: 62.676594 | CO14: 60.303909 | CP14: 79.787712 | CQ14: 0.633626
A15: 18.08.2026 02:31:48 | B15: 7 | C15: 220 | D15: 220 | E15: 25.3168 | F15: 24.9957 | G15: 1435.06 | H15: 1434.69 | I15: 1435.28 | J15: 1435.14 | K15: 1434.71 | L15: 1434.48 | M15: 1434.89 | N15: 1434.05 | O15: 0.97705 | P15: 2499.89 | Q15: 2500.22 | R15: 2499.42 | S15: 2499.92 | T15: 2499.99 | U15: 2500.48 | V15: 2498.78 | W15: 2498.81 | X15: 209.9 | Y15: 1.99796 | Z15: 1.99463 | AA15: 1.99678 | AB15: 2.01706 | AC15: 1.99882 | AD15: 2.0011 | AE15: 1.99612 | AF15: 1.99736 | AG15: 18.08.2026 04:14:27 | AH15: H2 | AI15: 34.031221 | AJ15: 29.67471 | AK15: 5270407 | AL15: 1.615 | AM15: 65.968779 | AN15: 57.523778 | AO15: 274522780 | AP15: 3.977 | AR15: =(AO15-5710532)/(4716081) -> 56.999074 | AS15: =(AK15-180057)/(179209) -> 28.404544 | AU15: =DATEVALUE(SUBSTITUTE(LEFT(A15,10),".","/")) -> 46252 | AV15: =TIMEVALUE(RIGHT(A15,8)) -> 0.10541667 | AW15: =DATEVALUE(SUBSTITUTE(LEFT(AG15,10),".","/")) -> 46252 | AX15: =TIMEVALUE(RIGHT(AG15,8)) -> 0.17670139 | AY15: 46252 | AZ15: 0.10542824 | BA15: R16_C3_S1_007_2026-08-18 02-1 | BB15: 0 | BC15: 0 | BD15: 9.244054 | BE15: 3.767267 | BF15: 17.508772 | BG15: 11.921579 | BH15: 11.591781 | BI15: 0 | BJ15: 10.707603 | BK15: 9.734377 | BL15: 6.053185 | BM15: 2.790735 | BN15: 0.865897 | BO15: 0.262482 | BP15: 0.62297 | BQ15: 0 | BR15: 2.766136 | BS15: 7.085753 | BT15: 3.054902 | BU15: 0.94282 | BV15: 0 | BW15: 0.40235 | BX15: 0.480457 | BY15: 0 | BZ15: 0.103974 | CA15: 0.001449 | CB15: 0 | CC15: 0 | CD15: 0 | CE15: 0 | CF15: 0.019886 | CG15: 0 | CH15: 0 | CI15: 0 | CJ15: 0.005191 | CK15: 0.081468 | CL15: 83.189911 | CM15: 16.746885 | CN15: 76.293922 | CO15: 76.659554 | CP15: 70.943329 | CQ15: 0.564379
A16: 18.08.2026 04:35:49 | B16: 8 | C16: 220 | D16: 220 | E16: 25.1606 | F16: 24.9899 | G16: 1423.84 | H16: 1424.18 | I16: 1423.16 | J16: 1421.19 | K16: 1423.2 | L16: 1422.81 | M16: 1423.24 | N16: 1424.06 | O16: 0.898815 | P16: 2501.09 | Q16: 2499.54 | R16: 2498.94 | S16: 2499.54 | T16: 2500.12 | U16: 2500.49 | V16: 2499.75 | W16: 2502.24 | X16: 210.1 | Y16: 1.99946 | Z16: 1.9991 | AA16: 2.00088 | AB16: 1.98947 | AC16: 2.00163 | AD16: 2.00203 | AE16: 2.00074 | AF16: 2.00073 | AG16: 18.08.2026 06:18:25 | AH16: H2 | AI16: 35.854417 | AJ16: 32.391837 | AK16: 5752985 | AL16: 1.615 | AM16: 64.145583 | AN16: 57.95083 | AO16: 276560816 | AP16: 3.975 | AR16: =(AO16-5710532)/(4716081) -> 57.43122 | AS16: =(AK16-180057)/(179209) -> 31.097367 | AU16: =DATEVALUE(SUBSTITUTE(LEFT(A16,10),".","/")) -> 46252 | AV16: =TIMEVALUE(RIGHT(A16,8)) -> 0.19153935 | AW16: =DATEVALUE(SUBSTITUTE(LEFT(AG16,10),".","/")) -> 46252 | AX16: =TIMEVALUE(RIGHT(AG16,8)) -> 0.26278935 | AY16: 46252 | AZ16: 0.19157407 | BA16: R16_C3_S1_008_2026-08-18 04-1 | BB16: 0 | BC16: 0 | BD16: 0.044138 | BE16: 1.63946 | BF16: 0.295065 | BG16: 12.879215 | BH16: 7.585955 | BI16: 0 | BJ16: 17.778217 | BK16: 8.013994 | BL16: 3.682481 | BM16: 0.719078 | BN16: 0.016337 | BO16: 0.305811 | BP16: 0.66677 | BQ16: 0 | BR16: 16.049746 | BS16: 13.743755 | BT16: 0.948745 | BU16: 0.963484 | BV16: 0 | BW16: 13.384019 | BX16: 0.472277 | BY16: 0 | BZ16: 0.173074 | CA16: 0.016542 | CB16: 0 | CC16: 0 | CD16: 0 | CE16: 0 | CF16: 0 | CG16: 0.025136 | CH16: 0.050467 | CI16: 0.155942 | CJ16: 0.204493 | CK16: 0.197742 | CL16: 83.863907 | CM16: 16.170559 | CN16: 41.769196 | CO16: 40.40366 | CP16: 88.995003 | CQ16: 0.664864
A17: 18.08.2026 06:39:50 | B17: 1 | C17: 220 | D17: 220 | E17: 25.2344 | F17: 25.0043 | G17: 1410.42 | H17: 1410.28 | I17: 1411.14 | J17: 1409.82 | K17: 1411.09 | L17: 1410.61 | M17: 1410.82 | N17: 1411.04 | O17: 0.908242 | P17: 2500.01 | Q17: 2499.86 | R17: 2498.98 | S17: 2499.54 | T17: 2499.69 | U17: 2499.77 | V17: 2500.78 | W17: 2500.53 | X17: 209.9 | Y17: 2.00245 | Z17: 1.99869 | AA17: 2.00166 | AB17: 1.98066 | AC17: 1.99993 | AD17: 2.00208 | AE17: 2.00119 | AF17: 2.00165 | AG17: 18.08.2026 08:01:47 | AH17: H2 | AI17: 37.062216 | AJ17: 33.757585 | AK17: 5995550 | AL17: 1.615 | AM17: 62.937784 | AN17: 57.325973 | AO17: 273578788 | AP17: 3.975 | AR17: =(AO17-5710532)/(4716081) -> 56.798909 | AS17: =(AK17-180057)/(179209) -> 32.450898 | AU17: =DATEVALUE(SUBSTITUTE(LEFT(A17,10),".","/")) -> 46252 | AV17: =TIMEVALUE(RIGHT(A17,8)) -> 0.27766204 | AW17: =DATEVALUE(SUBSTITUTE(LEFT(AG17,10),".","/")) -> 46252 | AX17: =TIMEVALUE(RIGHT(AG17,8)) -> 0.33457176 | AY17: 46252 | AZ17: 0.27768519 | BA17: R16_C3_S1_009_2026-08-18 06-1 | BB17: 0 | BC17: 0 | BD17: 0.28584 | BE17: 1.815977 | BF17: 1.107602 | BG17: 12.823763 | BH17: 7.971118 | BI17: 0 | BJ17: 17.453924 | BK17: 7.662102 | BL17: 3.943781 | BM17: 1.051682 | BN17: 0.075099 | BO17: 0.33433 | BP17: 0.674737 | BQ17: 0 | BR17: 15.257998 | BS17: 12.872382 | BT17: 2.318589 | BU17: 1.090329 | BV17: 0 | BW17: 12.116983 | BX17: 0.629808 | BY17: 0 | BZ17: 0.143771 | CA17: 0.023167 | CB17: 0 | CC17: 0 | CD17: 0 | CE17: 0 | CF17: 0.017889 | CG17: 0.00336 | CH17: 0 | CI17: 0.058064 | CJ17: 0.07291 | CK17: 0.168778 | CL17: 83.743217 | CM17: 16.236359 | CN17: 45.145733 | CO17: 43.299541 | CP17: 87.904762 | CQ17: 0.659007
... A76: 23.08.2026 11:18:29 | B76: 3 | C76: 200 | D76: 200 | E76: 25.2358 | F76: 25.0477 | G76: 1432.51 | H76: 1432.93 | I76: 1432.09 | J76: 1430.63 | K76: 1432.76 | L76: 1431.67 | M76: 1432.53 | N76: 1432.55 | O76: 0.906213 | P76: 2499.28 | Q76: 2500.39 | R76: 2500.18 | S76: 2500.53 | T76: 2500.08 | U76: 2499.38 | V76: 2499.68 | W76: 2499.87 | X76: 210.2 | Y76: 0.070759 | Z76: -0.0694307 | AA76: -0.0605296 | AB76: -0.00070812 | AC76: -0.0764295 | AD76: 1.99828 | AE76: 2.00153 | AF76: -0.0605729 | AG76: 23.08.2026 13:01:09 | AH76: H2 | AI76: 35.594087 | AJ76: 36.003308 | AK76: 6394404 | AL76: 1.6166667 | AM76: 64.405913 | AN76: 65.146379 | AO76: 310900393 | AP76: 4.032 | AR76: =(AO76-5710532)/(4716081) -> 64.7126 | AS76: =(AK76-180057)/(179209) -> 34.676534 | AU76: =DATEVALUE(SUBSTITUTE(LEFT(A76,10),".","/")) -> 46257 | AV76: =TIMEVALUE(RIGHT(A76,8)) -> 0.47116898 | AW76: =DATEVALUE(SUBSTITUTE(LEFT(AG76,10),".","/")) -> 46257 | AX76: =TIMEVALUE(RIGHT(AG76,8)) -> 0.54246528 | AY76: 46257 | AZ76: 0.47119213 | BA76: R16_C3_S1_059_2026-08-23 10-5 | BB76: 0 | BC76: 0 | BD76: 15.24262 | BE76: 4.722693 | BF76: 30.142546 | BG76: 8.172313 | BH76: 13.380931 | BI76: 0 | BJ76: 6.427291 | BK76: 7.364925 | BL76: 4.483313 | BM76: 2.490237 | BN76: 0.684352 | BO76: 0.360253 | BP76: 0.826517 | BQ76: 0 | BR76: 1.899907 | BS76: 2.098461 | BT76: 1.157671 | BU76: 0.390345 | BV76: 0 | BW76: 0.155628 | BX76: 0 | BY76: 0 | BZ76: 0 | CA76: 0 | CB76: 0 | CC76: 0 | CD76: 0 | CE76: 0 | CF76: 0 | CG76: 0 | CH76: 0 | CI76: 0 | CJ76: 0 | CK76: 0 | CL76: 82.883049 | CM76: 17.040985 | CN76: 86.892982 | CO76: 89.387978 | CP76: 63.937546 | CQ76: 0.588955
A77: 23.08.2026 13:22:31 | B77: 4 | C77: 200 | D77: 200 | E77: 25.0651 | F77: 25.0289 | G77: 1436.89 | H77: 1437.63 | I77: 1437.75 | J77: 1437.5 | K77: 1437.69 | L77: 1438.66 | M77: 1437.44 | N77: 1438.02 | O77: 0.900932 | P77: 2499.38 | Q77: 2499.25 | R77: 2499.01 | S77: 2500.16 | T77: 2499.87 | U77: 2500.16 | V77: 2499.75 | W77: 2500.11 | X77: 210.1 | Y77: 0.069272 | Z77: -0.0639643 | AA77: -0.0582243 | AB77: 95.9877E-6 | AC77: -0.0757918 | AD77: 2.00084 | AE77: 1.99761 | AF77: -0.0562276 | AG77: 23.08.2026 15:05:09 | AH77: H2 | AI77: 36.778249 | AJ77: 37.165977 | AK77: 6600901 | AL77: 1.6166667 | AM77: 63.221751 | AN77: 63.888255 | AO77: 304896200 | AP77: 4.033 | AR77: =(AO77-5710532)/(4716081) -> 63.439468 | AS77: =(AK77-180057)/(179209) -> 35.828803 | AU77: =DATEVALUE(SUBSTITUTE(LEFT(A77,10),".","/")) -> 46257 | AV77: =TIMEVALUE(RIGHT(A77,8)) -> 0.55730324 | AW77: =DATEVALUE(SUBSTITUTE(LEFT(AG77,10),".","/")) -> 46257 | AX77: =TIMEVALUE(RIGHT(AG77,8)) -> 0.62857639 | AY77: 46257 | AZ77: 0.55731481 | BA77: R16_C3_S1_060_2026-08-23 13-0 | BB77: 0 | BC77: 0 | BD77: 0.306756 | BE77: 0.42543 | BF77: 0.654116 | BG77: 3.924579 | BH77: 1.977589 | BI77: 0 | BJ77: 18.775389 | BK77: 6.457549 | BL77: 3.300705 | BM77: 0.562304 | BN77: 0 | BO77: 0.41731 | BP77: 0.779488 | BQ77: 0 | BR77: 23.501234 | BS77: 20.150319 | BT77: 1.697458 | BU77: 0.519932 | BV77: 0 | BW77: 16.549847 | BX77: 0 | BY77: 0 | BZ77: 0 | CA77: 0 | CB77: 0 | CC77: 0 | CD77: 0 | CE77: 0 | CF77: 0 | CG77: 0 | CH77: 0 | CI77: 0 | CJ77: 0 | CK77: 0 | CL77: 83.751503 | CM77: 16.171732 | CN77: 32.544743 | CO77: 32.841171 | CP77: 94.169434 | CQ77: 0.662246
A78: 23.08.2026 15:26:31 | B78: 5 | C78: 200 | D78: 200 | E78: 25.3733 | F78: 25.0521 | G78: 1441.72 | H78: 1440.76 | I78: 1440.45 | J78: 1440.93 | K78: 1440.74 | L78: 1441.28 | M78: 1440.2 | N78: 1441.44 | O78: 0.901191 | P78: 2499.23 | Q78: 2500.08 | R78: 2499.64 | S78: 2500.28 | T78: 2499.53 | U78: 2500.22 | V78: 2499.71 | W78: 2502.45 | X78: 209.9 | Y78: 0.0693926 | Z78: -0.0555579 | AA78: -0.0705436 | AB78: 0.000447587 | AC78: -0.0735913 | AD78: 1.99799 | AE78: 2.0009 | AF78: -0.0764204 | AG78: 23.08.2026 17:09:11 | AH78: H2 | AI78: 36.511982 | AJ78: 36.844366 | AK78: 6543781 | AL78: 1.6183333 | AM78: 63.488018 | AN78: 64.065977 | AO78: 305744349 | AP78: 4.038 | AR78: =(AO78-5710532)/(4716081) -> 63.61931 | AS78: =(AK78-180057)/(179209) -> 35.510069 | AU78: =DATEVALUE(SUBSTITUTE(LEFT(A78,10),".","/")) -> 46257 | AV78: =TIMEVALUE(RIGHT(A78,8)) -> 0.64341435 | AW78: =DATEVALUE(SUBSTITUTE(LEFT(AG78,10),".","/")) -> 46257 | AX78: =TIMEVALUE(RIGHT(AG78,8)) -> 0.71471065 | AY78: 46257 | AZ78: 0.64344907 | BA78: R16_C3_S1_061_2026-08-23 15-0 | BB78: 0 | BC78: 0 | BD78: 12.739031 | BE78: 4.850993 | BF78: 31.930323 | BG78: 5.250513 | BH78: 12.840951 | BI78: 0 | BJ78: 9.168915 | BK78: 6.22542 | BL78: 3.677993 | BM78: 1.844934 | BN78: 1.38008 | BO78: 0.278889 | BP78: 0.894762 | BQ78: 0 | BR78: 2.230197 | BS78: 3.386259 | BT78: 1.372562 | BU78: 0.59043 | BV78: 0 | BW78: 0.365918 | BX78: 0 | BY78: 0 | BZ78: 0 | CA78: 0 | CB78: 0 | CC78: 0 | CD78: 0 | CE78: 0 | CF78: 0 | CG78: 0.971838 | CH78: 0 | CI78: 0 | CJ78: 0 | CK78: 0 | CL78: 83.16304 | CM78: 16.829111 | CN78: 83.911179 | CO78: 86.230721 | CP78: 65.335472 | CQ78: 0.593246
A79: 23.08.2026 17:30:33 | B79: 6 | C79: 200 | D79: 200 | E79: 25.2575 | F79: 25.0622 | G79: 1440.9 | H79: 1441.75 | I79: 1441.15 | J79: 1442.45 | K79: 1441.45 | L79: 1441.77 | M79: 1441.3 | N79: 1441.72 | O79: 0.914471 | P79: 2500.09 | Q79: 2500.42 | R79: 2499.72 | S79: 2499.68 | T79: 2499.69 | U79: 2499.81 | V79: 2500.11 | W79: 2499.71 | X79: 209.9 | Y79: 0.0681895 | Z79: -0.0648502 | AA79: -0.0591762 | AB79: 0.00290343 | AC79: -0.0732053 | AD79: 2.0021 | AE79: 2.00058 | AF79: -0.0633698 | AG79: 23.08.2026 19:13:12 | AH79: H2 | AI79: 35.757311 | AJ79: 32.178263 | AK79: 5715053 | AL79: 1.6166667 | AM79: 64.242689 | AN79: 57.812461 | AO79: 275900474 | AP79: 4.047 | AR79: =(AO79-5710532)/(4716081) -> 57.2912 | AS79: =(AK79-180057)/(179209) -> 30.885703 | AU79: =DATEVALUE(SUBSTITUTE(LEFT(A79,10),".","/")) -> 46257 | AV79: =TIMEVALUE(RIGHT(A79,8)) -> 0.72954861 | AW79: =DATEVALUE(SUBSTITUTE(LEFT(AG79,10),".","/")) -> 46257 | AX79: =TIMEVALUE(RIGHT(AG79,8)) -> 0.80083333 | AY79: 46257 | AZ79: 0.72957176 | BA79: R16_C3_S1_062_2026-08-23 17-0 | BB79: 0 | BC79: 0 | BD79: 0.837151 | BE79: 2.032592 | BF79: 2.472451 | BG79: 12.748485 | BH79: 8.229536 | BI79: 0 | BJ79: 17.230745 | BK79: 7.865685 | BL79: 4.02207 | BM79: 1.151851 | BN79: 0.045944 | BO79: 0.383606 | BP79: 0.651314 | BQ79: 0 | BR79: 14.33147 | BS79: 13.051891 | BT79: 2.626814 | BU79: 1.116148 | BV79: 0 | BW79: 10.27619 | BX79: 0.65749 | BY79: 0 | BZ79: 0.110847 | CA79: 0.009829 | CB79: 0 | CC79: 0 | CD79: 0 | CE79: 0 | CF79: 0.006827 | CG79: 0 | CH79: 0 | CI79: 0.007482 | CJ79: 0.06577 | CK79: 0.067785 | CL79: 83.645081 | CM79: 16.300556 | CN79: 47.910461 | CO79: 46.067921 | CP79: 86.212204 | CQ79: 0.65131
A80: 23.08.2026 19:34:33 | B80: 7 | C80: 200 | D80: 200 | E80: 25.3429 | F80: 25.0535 | G80: 1446.35 | H80: 1446.74 | I80: 1445.44 | J80: 1446.19 | K80: 1446.23 | L80: 1445.99 | M80: 1445.8 | N80: 1446.37 | O80: 0.900757 | P80: 2499.53 | Q80: 2499.44 | R80: 2499.33 | S80: 2500.49 | T80: 2500 | U80: 2499.13 | V80: 2500.65 | W80: 2498.57 | X80: 210 | Y80: 0.0708829 | Z80: -0.0706895 | AA80: -0.0572582 | AB80: 0.00174371 | AC80: -0.0758089 | AD80: 2.00166 | AE80: 2.00026 | AF80: -0.0691993 | AG80: 23.08.2026 21:17:14 | AH80: H2 | AI80: 35.301956 | AJ80: 30.823106 | AK80: 5474369 | AL80: 1.615 | AM80: 64.698044 | AN80: 56.489638 | AO80: 269587517 | AP80: 4.048 | AR80: =(AO80-5710532)/(4716081) -> 55.952598 | AS80: =(AK80-180057)/(179209) -> 29.542668 | AU80: =DATEVALUE(SUBSTITUTE(LEFT(A80,10),".","/")) -> 46257 | AV80: =TIMEVALUE(RIGHT(A80,8)) -> 0.81565972 | AW80: =DATEVALUE(SUBSTITUTE(LEFT(AG80,10),".","/")) -> 46257 | AX80: =TIMEVALUE(RIGHT(AG80,8)) -> 0.88696759 | AY80: 46257 | AZ80: 0.81569444 | BA80: R16_C3_S1_063_2026-08-23 19-1 | BB80: 0 | BC80: 0 | BD80: 4.505426 | BE80: 3.093295 | BF80: 10.954325 | BG80: 12.484523 | BH80: 10.101114 | BI80: 0 | BJ80: 15.282232 | BK80: 7.735137 | BL80: 4.675186 | BM80: 2.346403 | BN80: 0.27039 | BO80: 0.35366 | BP80: 0.565339 | BQ80: 0 | BR80: 9.283884 | BS80: 10.106423 | BT80: 3.800574 | BU80: 1.016233 | BV80: 0 | BW80: 2.371333 | BX80: 0.740807 | BY80: 0 | BZ80: 0.118412 | CA80: 0.003753 | CB80: 0 | CC80: 0 | CD80: 0 | CE80: 0 | CF80: 0.006421 | CG80: 0 | CH80: 0 | CI80: 0 | CJ80: 0.043433 | CK80: 0.141714 | CL80: 83.423721 | CM80: 16.522789 | CN80: 62.864677 | CO80: 61.854473 | CP80: 77.466103 | CQ80: 0.634408
A81: 23.08.2026 21:38:36 | B81: 8 | C81: 200 | D81: 200 | E81: 25.0767 | F81: 25.0593 | G81: 1416.13 | H81: 1415.62 | I81: 1416.28 | J81: 1415.72 | K81: 1416.43 | L81: 1416.62 | M81: 1416.6 | N81: 1417.42 | O81: 0.988157 | P81: 2499.14 | Q81: 2499.95 | R81: 2500.44 | S81: 2499.99 | T81: 2500.1 | U81: 2499.08 | V81: 2499.5 | W81: 2501.63 | X81: 210 | Y81: 0.0675136 | Z81: -0.0667768 | AA81: -0.0595068 | AB81: -0.00188091 | AC81: -0.075597 | AD81: 2.00201 | AE81: 2.00091 | AF81: -0.0706568 | AG81: 23.08.2026 23:21:15 | AH81: H2 | AI81: 35.893655 | AJ81: 36.384528 | AK81: 6462111 | AL81: 1.6166667 | AM81: 64.106345 | AN81: 64.983048 | AO81: 310120922 | AP81: 4.033 | AR81: =(AO81-5710532)/(4716081) -> 64.54732 | AS81: =(AK81-180057)/(179209) -> 35.054344 | AU81: =DATEVALUE(SUBSTITUTE(LEFT(A81,10),".","/")) -> 46257 | AV81: =TIMEVALUE(RIGHT(A81,8)) -> 0.90180556 | AW81: =DATEVALUE(SUBSTITUTE(LEFT(AG81,10),".","/")) -> 46257 | AX81: =TIMEVALUE(RIGHT(AG81,8)) -> 0.97309028 | AY81: 46257 | AZ81: 0.90184028 | BA81: R16_C3_S1_064_2026-08-23 21-1 | BB81: 0 | BC81: 0 | BD81: 2.701961 | BE81: 2.987353 | BF81: 5.873439 | BG81: 14.910183 | BH81: 10.206626 | BI81: 0 | BJ81: 18.667444 | BK81: 9.551088 | BL81: 4.500581 | BM81: 1.619728 | BN81: 0 | BO81: 0 | BP81: 0 | BQ81: 0 | BR81: 13.397068 | BS81: 12.355473 | BT81: 0 | BU81: 0 | BV81: 0 | BW81: 3.229059 | BX81: 0 | BY81: 0 | BZ81: 0 | CA81: 0 | CB81: 0 | CC81: 0 | CD81: 0 | CE81: 0 | CF81: 0 | CG81: 0 | CH81: 0 | CI81: 0 | CJ81: 0 | CK81: 0 | CL81: 83.401108 | CM81: 16.522444 | CN81: 52.360798 | CO81: 52.050518 | CP81: 80.284912 | CQ81: 0.641686
A82: 23.08.2026 23:42:37 | B82: 1 | C82: 200 | D82: 200.1 | E82: 25.2865 | F82: 25.0521 | G82: 1404.43 | H82: 1403.89 | I82: 1404.8 | J82: 1403.18 | K82: 1404.57 | L82: 1403.84 | M82: 1404.28 | N82: 1404.5 | O82: 0.923432 | P82: 2499.34 | Q82: 2500.33 | R82: 2500.93 | S82: 2499.53 | T82: 2500.2 | U82: 2500.29 | V82: 2500.13 | W82: 2499.52 | X82: 209.9 | Y82: 0.0705302 | Z82: -0.0688788 | AA82: -0.0578241 | AB82: 0.00114405 | AC82: -0.0781277 | AD82: 1.99976 | AE82: 2.00083 | AF82: -0.0669302 | AG82: 24.08.2026 01:25:16 | AH82: H2 | AI82: 37.032431 | AJ82: 37.51418 | AK82: 6662744 | AL82: 1.6166667 | AM82: 62.967569 | AN82: 63.786705 | AO82: 304411573 | AP82: 4.037 | AR82: =(AO82-5710532)/(4716081) -> 63.336707 | AS82: =(AK82-180057)/(179209) -> 36.173892 | AU82: =DATEVALUE(SUBSTITUTE(LEFT(A82,10),".","/")) -> 46257 | AV82: =TIMEVALUE(RIGHT(A82,8)) -> 0.98792824 | AW82: =DATEVALUE(SUBSTITUTE(LEFT(AG82,10),".","/")) -> 46258 | AX82: =TIMEVALUE(RIGHT(AG82,8)) -> 0.059212963 | AY82: 46257 | AZ82: 0.98795139 | BA82: R16_C3_S1_065_2026-08-23 23-2 | BB82: 0 | BC82: 0 | BD82: 8.118989 | BE82: 4.665766 | BF82: 21.228971 | BG82: 12.114812 | BH82: 13.628721 | BI82: 0 | BJ82: 11.552959 | BK82: 6.760047 | BL82: 3.834857 | BM82: 1.485029 | BN82: 0.834889 | BO82: 0 | BP82: 0 | BQ82: 0 | BR82: 7.311441 | BS82: 5.036693 | BT82: 0 | BU82: 0 | BV82: 0 | BW82: 1.248784 | BX82: 0 | BY82: 0 | BZ82: 0 | CA82: 0 | CB82: 0 | CC82: 0 | CD82: 0 | CE82: 0 | CF82: 0 | CG82: 2.178042 | CH82: 0 | CI82: 0 | CJ82: 0 | CK82: 0 | CL82: 83.592789 | CM82: 16.483788 | CN82: 70.590431 | CO82: 72.484444 | CP82: 70.470772 | CQ82: 0.60866
A83: 24.08.2026 01:46:38 | B83: 2 | C83: 200 | D83: 200 | E83: 25.2691 | F83: 25.0694 | G83: 1448.62 | H83: 1448.64 | I83: 1447.83 | J83: 1447.53 | K83: 1448.64 | L83: 1447.59 | M83: 1448.16 | N83: 1448.43 | O83: 0.844297 | P83: 2499.89 | Q83: 2499.88 | R83: 2499.62 | S83: 2500.31 | T83: 2499.99 | U83: 2500.03 | V83: 2499.58 | W83: 2499.43 | X83: 210.1 | Y83: 0.0678921 | Z83: -0.0533379 | AA83: -0.0585689 | AB83: 0.00312574 | AC83: -0.0788355 | AD83: 1.99729 | AE83: 2.00277 | AF83: -0.0656352 | AG83: 24.08.2026 03:29:18 | AH83: H2 | AI83: 35.493312 | AJ83: 35.933029 | AK83: 6381922 | AL83: 1.6166667 | AM83: 64.506688 | AN83: 65.305843 | AO83: 311661409 | AP83: 4.037 | AR83: =(AO83-5710532)/(4716081) -> 64.873966 | AS83: =(AK83-180057)/(179209) -> 34.606884 | AU83: =DATEVALUE(SUBSTITUTE(LEFT(A83,10),".","/")) -> 46258 | AV83: =TIMEVALUE(RIGHT(A83,8)) -> 0.074050926 | AW83: =DATEVALUE(SUBSTITUTE(LEFT(AG83,10),".","/")) -> 46258 | AX83: =TIMEVALUE(RIGHT(AG83,8)) -> 0.14534722 | AY83: 46258 | AZ83: 0.074074074 | BA83: R16_C3_S1_066_2026-08-24 01-2 | BB83: 0 | BC83: 0 | BD83: 16.925957 | BE83: 5.620364 | BF83: 30.401775 | BG83: 8.593878 | BH83: 10.10393 | BI83: 0 | BJ83: 8.811566 | BK83: 6.428466 | BL83: 3.864878 | BM83: 0 | BN83: 0 | BO83: 0 | BP83: 0 | BQ83: 0 | BR83: 4.207907 | BS83: 5.041277 | BT83: 0 | BU83: 0 | BV83: 0 | BW83: 0 | BX83: 0 | BY83: 0 | BZ83: 0 | CA83: 0 | CB83: 0 | CC83: 0 | CD83: 0 | CE83: 0 | CF83: 0 | CG83: 0 | CH83: 0 | CI83: 0 | CJ83: 0 | CK83: 0 | CL83: 82.829964 | CM83: 17.094109 | CN83: 82.484756 | CO83: 84.516464 | CP83: 63.422665 | CQ83: 0.581504
A84: 24.08.2026 03:50:39 | B84: 3 | C84: 200 | D84: 200 | E84: 25.0955 | F84: 25.0448 | G84: 1426.35 | H84: 1425.65 | I84: 1426.23 | J84: 1425.41 | K84: 1425.75 | L84: 1425.72 | M84: 1426.34 | N84: 1426.41 | O84: 0.936636 | P84: 2499.94 | Q84: 2500.13 | R84: 2500.45 | S84: 2499.9 | T84: 2499.9 | U84: 2499.57 | V84: 2500.29 | W84: 2500.12 | X84: 210 | Y84: 0.0675612 | Z84: -0.0629843 | AA84: -0.0544792 | AB84: 0.00230297 | AC84: -0.0759362 | AD84: 2.00268 | AE84: 2.00026 | AF84: -0.0643728 | AG84: 24.08.2026 05:33:20 | AH84: H2 | AI84: 35.437961 | AJ84: 35.828624 | AK84: 6363379 | AL84: 1.615 | AM84: 64.562039 | AN84: 65.273762 | AO84: 311508304 | AP84: 4.035 | AR84: =(AO84-5710532)/(4716081) -> 64.841501 | AS84: =(AK84-180057)/(179209) -> 34.503412 | AU84: =DATEVALUE(SUBSTITUTE(LEFT(A84,10),".","/")) -> 46258 | AV84: =TIMEVALUE(RIGHT(A84,8)) -> 0.16017361 | AW84: =DATEVALUE(SUBSTITUTE(LEFT(AG84,10),".","/")) -> 46258 | AX84: =TIMEVALUE(RIGHT(AG84,8)) -> 0.23148148 | AY84: 46258 | AZ84: 0.16019676 | BA84: R16_C3_S1_067_2026-08-24 03-2 | BB84: 0 | BC84: 0 | BD84: 10.92606 | BE84: 4.772906 | BF84: 20.056726 | BG84: 9.54243 | BH84: 10.223031 | BI84: 0 | BJ84: 17.589853 | BK84: 14.172425 | BL84: 7.093829 | BM84: 3.140682 | BN84: 0 | BO84: 0 | BP84: 0 | BQ84: 0 | BR84: 2.482052 | BS84: 0 | BT84: 0 | BU84: 0 | BV84: 0 | BW84: 0 | BX84: 0 | BY84: 0 | BZ84: 0 | CA84: 0 | CB84: 0 | CC84: 0 | CD84: 0 | CE84: 0 | CF84: 0 | CG84: 0 | CH84: 0 | CI84: 0 | CJ84: 0 | CK84: 0 | CL84: 83.029541 | CM84: 16.894337 | CN84: 76.045738 | CO84: 79.209663 | CP84: 68.44632 | CQ84: 0.605173
A85: 24.08.2026 05:54:41 | B85: 4 | C85: 200 | D85: 200 | E85: 25.2778 | F85: 25.0477 | G85: 1443.51 | H85: 1443.37 | I85: 1444.16 | J85: 1443.82 | K85: 1443.98 | L85: 1444.49 | M85: 1443.51 | N85: 1443.74 | O85: 0.933058 | P85: 2499.92 | Q85: 2499.54 | R85: 2499.75 | S85: 2499.78 | T85: 2499.88 | U85: 2500.19 | V85: 2500.19 | W85: 2499.48 | X85: 210 | Y85: 0.0701062 | Z85: -0.0557244 | AA85: -0.0578803 | AB85: 0.000870709 | AC85: -0.0745855 | AD85: 1.99868 | AE85: 1.99891 | AF85: -0.0678942 | AG85: 24.08.2026 07:37:20 | AH85: H2 | AI85: 36.749796 | AJ85: 37.254578 | AK85: 6616637 | AL85: 1.6166667 | AM85: 63.250204 | AN85: 64.118985 | AO85: 305997322 | AP85: 4.038 | AR85: =(AO85-5710532)/(4716081) -> 63.67295 | AS85: =(AK85-180057)/(179209) -> 35.916611 | AU85: =DATEVALUE(SUBSTITUTE(LEFT(A85,10),".","/")) -> 46258 | AV85: =TIMEVALUE(RIGHT(A85,8)) -> 0.24630787 | AW85: =DATEVALUE(SUBSTITUTE(LEFT(AG85,10),".","/")) -> 46258 | AX85: =TIMEVALUE(RIGHT(AG85,8)) -> 0.31759259 | AY85: 46258 | AZ85: 0.24631944 | BA85: R16_C3_S1_068_2026-08-24 05-3 | BB85: 0 | BC85: 0 | BD85: 0 | BE85: 2.435138 | BF85: 2.712146 | BG85: 15.491783 | BH85: 9.004509 | BI85: 0 | BJ85: 22.289415 | BK85: 10.277917 | BL85: 5.016283 | BM85: 0 | BN85: 0 | BO85: 0 | BP85: 0 | BQ85: 0 | BR85: 16.67454 | BS85: 12.477366 | BT85: 0 | BU85: 0 | BV85: 0 | BW85: 3.620901 | BX85: 0 | BY85: 0 | BZ85: 0 | CA85: 0 | CB85: 0 | CC85: 0 | CD85: 0 | CE85: 0 | CF85: 0 | CG85: 0 | CH85: 0 | CI85: 0 | CJ85: 0 | CK85: 0 | CL85: 83.502434 | CM85: 16.421013 | CN85: 44.856136 | CO85: 44.400078 | CP85: 84.259636 | CQ85: 0.652403
A86: 24.08.2026 15:00:26 | B86: 7 | C86: 200 | D86: 200 | E86: 24.9421 | F86: 25.0651 | G86: 1417.32 | H86: 1416.99 | I86: 1418.06 | J86: 1417.08 | K86: 1417.42 | L86: 1417.82 | M86: 1417.89 | N86: 1418.36 | O86: 0.9529 | P86: 2499.91 | Q86: 2499.83 | R86: 2499.85 | S86: 2500.08 | T86: 2499.38 | U86: 2500.54 | V86: 2499.97 | W86: 2499.26 | X86: 210 | Y86: 0.0715572 | Z86: -0.0642457 | AA86: -0.0575189 | AB86: -0.00187241 | AC86: -0.0733225 | AD86: -0.0421552 | AE86: 1.99794 | AF86: -0.0625573 | AG86: 24.08.2026 16:43:02 | AH86: H2 | AI86: 35.178784 | AJ86: 31.227749 | AK86: 5546236 | AL86: 1.6133333 | AM86: 64.821216 | AN86: 57.54095 | AO86: 274604729 | AP86: 4.047 | AR86: =(AO86-5710532)/(4716081) -> 57.01645 | AS86: =(AK86-180057)/(179209) -> 29.943691 | AU86: =DATEVALUE(SUBSTITUTE(LEFT(A86,10),".","/")) -> 46258 | AV86: =TIMEVALUE(RIGHT(A86,8)) -> 0.62530093 | AW86: =DATEVALUE(SUBSTITUTE(LEFT(AG86,10),".","/")) -> 46258 | AX86: =TIMEVALUE(RIGHT(AG86,8)) -> 0.69655093 | AY86: 46258 | AZ86: 0.62533565 | BA86: R16_C3_S2_001_2026-08-24 14-3 | BB86: 0 | BC86: 0 | BD86: 4.685611 | BE86: 3.139398 | BF86: 11.244898 | BG86: 12.526224 | BH86: 10.177851 | BI86: 0 | BJ86: 15.189254 | BK86: 7.77098 | BL86: 4.694848 | BM86: 2.364182 | BN86: 0.274848 | BO86: 0.354587 | BP86: 0.569018 | BQ86: 0 | BR86: 9.046142 | BS86: 9.980111 | BT86: 3.766646 | BU86: 1.006186 | BV86: 0 | BW86: 2.181299 | BX86: 0.737703 | BY86: 0 | BZ86: 0.117188 | CA86: 0.001618 | CB86: 0 | CC86: 0 | CD86: 0 | CE86: 0 | CF86: 0.006122 | CG86: 0 | CH86: 0 | CI86: 0 | CJ86: 0.04252 | CK86: 0.122759 | CL86: 83.408836 | CM86: 16.535517 | CN86: 63.419567 | CO86: 62.459953 | CP86: 77.139084 | CQ86: 0.633819
A87: 24.08.2026 17:57:02 | B87: 7 | C87: 200 | D87: 200 | E87: 25.353 | F87: 25.0448 | G87: 1468.95 | H87: 1468.89 | I87: 1468.74 | J87: 1469.29 | K87: 1468.86 | L87: 1469.31 | M87: 1468.61 | N87: 1468.88 | O87: 0.853319 | P87: 2499.45 | Q87: 2500.07 | R87: 2500.49 | S87: 2499.79 | T87: 2499.41 | U87: 2500.34 | V87: 2500.22 | W87: 2499.99 | X87: 210 | Y87: 0.0689145 | Z87: -0.0629084 | AA87: -0.0658549 | AB87: 0.00297298 | AC87: -0.0737253 | AD87: -0.0603913 | AE87: 1.99776 | AF87: -0.0760807 | AG87: 24.08.2026 19:39:41 | AH87: H2 | AI87: 35.258635 | AJ87: 31.094752 | AK87: 5522615 | AL87: 1.615 | AM87: 64.741365 | AN87: 57.095708 | AO87: 272479889 | AP87: 4.05 | AR87: =(AO87-5710532)/(4716081) -> 56.565898 | AS87: =(AK87-180057)/(179209) -> 29.811884 | AU87: =DATEVALUE(SUBSTITUTE(LEFT(A87,10),".","/")) -> 46258 | AV87: =TIMEVALUE(RIGHT(A87,8)) -> 0.74793981 | AW87: =DATEVALUE(SUBSTITUTE(LEFT(AG87,10),".","/")) -> 46258 | AX87: =TIMEVALUE(RIGHT(AG87,8)) -> 0.81922454 | AY87: 46258 | AZ87: 0.74796296 | BA87: R16_C3_S2_002_2026-08-24 16-4 | BB87: 0 | BC87: 0 | BD87: 4.63189 | BE87: 3.125449 | BF87: 11.172257 | BG87: 12.505836 | BH87: 10.155039 | BI87: 0 | BJ87: 15.20809 | BK87: 7.762394 | BL87: 4.690639 | BM87: 2.361899 | BN87: 0.275164 | BO87: 0.353525 | BP87: 0.567805 | BQ87: 0 | BR87: 9.111173 | BS87: 10.023876 | BT87: 3.785103 | BU87: 1.007113 | BV87: 0 | BW87: 2.227764 | BX87: 0.736754 | BY87: 0 | BZ87: 0.117803 | CA87: 0.001591 | CB87: 0 | CC87: 0 | CD87: 0 | CE87: 0 | CF87: 0.005804 | CG87: 0 | CH87: 0 | CI87: 0 | CJ87: 0.041874 | CK87: 0.13117 | CL87: 83.413292 | CM87: 16.531729 | CN87: 63.275887 | CO87: 62.29818 | CP87: 77.231735 | CQ87: 0.634279
A88: 24.08.2026 20:01:04 | C88: 200 | D88: 212 | E88: 25.2286 | F88: 25.0463 | G88: 1418.03 | H88: 1417.58 | I88: 1418.05 | J88: 1419.53 | K88: 1418.02 | L88: 1418.53 | M88: 1418.82 | N88: 1417.23 | O88: 0.972223 | P88: 2500.33 | Q88: 2500.72 | R88: 2499.59 | S88: 2500.51 | T88: 2499.94 | U88: 2499 | V88: 2499.6 | W88: 2500.87 | X88: 210 | Y88: 0.0704338 | Z88: -0.062543 | AA88: -0.0589426 | AB88: 0.00106309 | AC88: -0.073548 | AD88: -0.0598548 | AE88: 1.99846 | AF88: -0.0620201 | AG88: 24.08.2026 21:43:44 | AH88: H2 | AI88: 35.10818 | AJ88: 30.934431 | AK88: 5494141 | AL88: 1.615 | AM88: 64.89182 | AN88: 57.177317 | AO88: 272869352 | AP88: 4.048 | AR88: =(AO88-5710532)/(4716081) -> 56.64848 | AS88: =(AK88-180057)/(179209) -> 29.652997 | AU88: =DATEVALUE(SUBSTITUTE(LEFT(A88,10),".","/")) -> 46258 | AV88: =TIMEVALUE(RIGHT(A88,8)) -> 0.83407407 | AW88: =DATEVALUE(SUBSTITUTE(LEFT(AG88,10),".","/")) -> 46258 | AX88: =TIMEVALUE(RIGHT(AG88,8)) -> 0.90537037 | AY88: 46258 | AZ88: 0.83409722 | BA88: R16_C3_S2_003_2026-08-24 19-3 | BB88: 0 | BC88: 0 | BD88: 5.936525 | BE88: 3.317099 | BF88: 13.283755 | BG88: 12.23984 | BH88: 10.414536 | BI88: 0 | BJ88: 14.27629 | BK88: 7.879297 | BL88: 4.782637 | BM88: 2.437582 | BN88: 0.345873 | BO88: 0.331535 | BP88: 0.559234 | BQ88: 0 | BR88: 7.852336 | BS88: 9.123938 | BT88: 3.534954 | BU88: 0.975276 | BV88: 0 | BW88: 1.715678 | BX88: 0.707903 | BY88: 0 | BZ88: 0.115752 | CA88: 0.001826 | CB88: 0 | CC88: 0 | CD88: 0 | CE88: 0 | CF88: 0.007527 | CG88: 0 | CH88: 0 | CI88: 0 | CJ88: 0.035886 | CK88: 0.124725 | CL88: 83.352005 | CM88: 16.591766 | CN88: 66.440414 | CO88: 65.87043 | CP88: 75.319214 | CQ88: 0.611267 | CR88: Unstable sample. Hence not considered
A89: 24.08.2026 22:05:04 | B89: 7 | C89: 200 | D89: 210 | E89: 25.2691 | F89: 25.0477 | G89: 1419.85 | H89: 1421.04 | I89: 1421.22 | J89: 1421.33 | K89: 1421.42 | L89: 1421.17 | M89: 1420.74 | N89: 1421.1 | O89: 0.931901 | P89: 2500.52 | Q89: 2498.95 | R89: 2501.46 | S89: 2499.83 | T89: 2499.84 | U89: 2500.25 | V89: 2500.08 | W89: 2501.15 | X89: 209.9 | Y89: 0.0688221 | Z89: -0.0548327 | AA89: -0.0558679 | AB89: 0.000416447 | AC89: -0.0699689 | AD89: -0.0566607 | AE89: 1.99882 | AF89: -0.0618837 | AG89: 24.08.2026 23:47:45 | AH89: H2 | AI89: 34.73016 | AJ89: 30.574021 | AK89: 5430130 | AL89: 1.6133333 | AM89: 65.26984 | AN89: 57.459034 | AO89: 274213799 | AP89: 4.045 | AR89: =(AO89-5710532)/(4716081) -> 56.933557 | AS89: =(AK89-180057)/(179209) -> 29.295811 | AU89: =DATEVALUE(SUBSTITUTE(LEFT(A89,10),".","/")) -> 46258 | AV89: =TIMEVALUE(RIGHT(A89,8)) -> 0.92018519 | AW89: =DATEVALUE(SUBSTITUTE(LEFT(AG89,10),".","/")) -> 46258 | AX89: =TIMEVALUE(RIGHT(AG89,8)) -> 0.99149306 | AY89: 46258 | AZ89: 0.92023148 | BA89: R16_C3_S2_004_2026-08-24 21-4 | BB89: 0 | BC89: 0 | BD89: 7.812696 | BE89: 3.517968 | BF89: 15.837269 | BG89: 12.241803 | BH89: 10.929782 | BI89: 0 | BJ89: 13.252614 | BK89: 8.561515 | BL89: 5.22353 | BM89: 2.679641 | BN89: 0.480713 | BO89: 0.303669 | BP89: 0.580121 | BQ89: 0 | BR89: 5.498829 | BS89: 7.493246 | BT89: 3.044806 | BU89: 0.968671 | BV89: 0 | BW89: 0.65463 | BX89: 0.641742 | BY89: 0 | BZ89: 0.11729 | CA89: 0.002537 | CB89: 0 | CC89: 0 | CD89: 0 | CE89: 0 | CF89: 0.009933 | CG89: 0 | CH89: 0 | CI89: 0 | CJ89: 0.02359 | CK89: 0.123386 | CL89: 83.264641 | CM89: 16.677454 | CN89: 71.395744 | CO89: 71.500389 | CP89: 72.696846 | CQ89: 0.603974
A90: 25.08.2026 00:09:07 | B90: 7 | C90: 200 | D90: 210 | E90: 25.3053 | F90: 25.0521 | G90: 1420.03 | H90: 1419.69 | I90: 1420.72 | J90: 1420.55 | K90: 1420.07 | L90: 1420.81 | M90: 1420.23 | N90: 1420.01 | O90: 0.939749 | P90: 2498.66 | Q90: 2500.26 | R90: 2498.83 | S90: 2500.19 | T90: 2499.98 | U90: 2499.63 | V90: 2499.63 | W90: 2501.44 | X90: 210 | Y90: 0.0688869 | Z90: -0.0620887 | AA90: -0.0608552 | AB90: -0.000508606 | AC90: -0.0724771 | AD90: -0.0610815 | AE90: 2.00154 | AF90: -0.071126 | AG90: 25.08.2026 01:51:46 | AH90: H2 | AI90: 34.76711 | AJ90: 30.566758 | AK90: 5428840 | AL90: 1.615 | AM90: 65.23289 | AN90: 57.351848 | AO90: 273702271 | AP90: 4.05 | AR90: =(AO90-5710532)/(4716081) -> 56.825092 | AS90: =(AK90-180057)/(179209) -> 29.288613 | AU90: =DATEVALUE(SUBSTITUTE(LEFT(A90,10),".","/")) -> 46259 | AV90: =TIMEVALUE(RIGHT(A90,8)) -> 0.0063310185 | AW90: =DATEVALUE(SUBSTITUTE(LEFT(AG90,10),".","/")) -> 46259 | AX90: =TIMEVALUE(RIGHT(AG90,8)) -> 0.077615741 | AY90: 46259 | AZ90: 0.0063425926 | BA90: R16_C3_S2_005_2026-08-24 23-4 | BB90: 0 | BC90: 0 | BD90: 7.818482 | BE90: 3.522254 | BF90: 15.853535 | BG90: 12.24075 | BH90: 10.937943 | BI90: 0 | BJ90: 13.237562 | BK90: 8.571445 | BL90: 5.22697 | BM90: 2.68317 | BN90: 0.481923 | BO90: 0.303629 | BP90: 0.57994 | BQ90: 0 | BR90: 5.476633 | BS90: 7.489718 | BT90: 3.04596 | BU90: 0.968044 | BV90: 0 | BW90: 0.649322 | BX90: 0.639131 | BY90: 0 | BZ90: 0.116198 | CA90: 0.002463 | CB90: 0 | CC90: 0 | CD90: 0 | CE90: 0 | CF90: 0.009744 | CG90: 0 | CH90: 0 | CI90: 0 | CJ90: 0.022878 | CK90: 0.1223 | CL90: 83.263535 | CM90: 16.678291 | CN90: 71.435646 | CO90: 71.541573 | CP90: 72.682457 | CQ90: 0.60399
A91: 25.08.2026 02:13:08 | B91: 7 | C91: 200 | D91: 210.1 | E91: 25.2416 | F91: 25.0477 | G91: 1441.69 | H91: 1442.96 | I91: 1441.89 | J91: 1442.44 | K91: 1442.03 | L91: 1442.6 | M91: 1442.32 | N91: 1442.68 | O91: 0.935446 | P91: 2499.75 | Q91: 2499.4 | R91: 2499.33 | S91: 2499.84 | T91: 2499.84 | U91: 2500.12 | V91: 2499.33 | W91: 2499.61 | X91: 209.9 | Y91: 0.066912 | Z91: -0.0639114 | AA91: -0.0553542 | AB91: -0.00455888 | AC91: -0.0723424 | AD91: -0.060213 | AE91: 1.99943 | AF91: -0.0659436 | AG91: 25.08.2026 03:55:43 | AH91: H2 | AI91: 34.729129 | AJ91: 30.526602 | AK91: 5421708 | AL91: 1.615 | AM91: 65.270871 | AN91: 57.372527 | AO91: 273800960 | AP91: 4.05 | AR91: =(AO91-5710532)/(4716081) -> 56.846019 | AS91: =(AK91-180057)/(179209) -> 29.248816 | AU91: =DATEVALUE(SUBSTITUTE(LEFT(A91,10),".","/")) -> 46259 | AV91: =TIMEVALUE(RIGHT(A91,8)) -> 0.092453704 | AW91: =DATEVALUE(SUBSTITUTE(LEFT(AG91,10),".","/")) -> 46259 | AX91: =TIMEVALUE(RIGHT(AG91,8)) -> 0.16369213 | AY91: 46259 | AZ91: 0.092476852 | BA91: R16_C3_S2_006_2026-08-25 01-5 | BB91: 0 | BC91: 0 | BD91: 7.835473 | BE91: 3.521175 | BF91: 15.870238 | BG91: 12.241673 | BH91: 10.939192 | BI91: 0 | BJ91: 13.225744 | BK91: 8.575481 | BL91: 5.22891 | BM91: 2.685299 | BN91: 0.482683 | BO91: 0.303602 | BP91: 0.580137 | BQ91: 0 | BR91: 5.46131 | BS91: 7.47938 | BT91: 3.045486 | BU91: 0.968236 | BV91: 0 | BW91: 0.641058 | BX91: 0.640839 | BY91: 0 | BZ91: 0.116786 | CA91: 0.002414 | CB91: 0 | CC91: 0 | CD91: 0 | CE91: 0 | CF91: 0.009952 | CG91: 0 | CH91: 0 | CI91: 0 | CJ91: 0.023715 | CK91: 0.12121 | CL91: 83.263046 | CM91: 16.678848 | CN91: 71.471313 | CO91: 71.581696 | CP91: 72.664482 | CQ91: 0.603894
A92: 25.08.2026 04:17:09 | B92: 7 | C92: 200 | D92: 210 | E92: 25.3472 | F92: 25.0521 | G92: 1458.91 | H92: 1459.33 | I92: 1459.14 | J92: 1459.01 | K92: 1459.16 | L92: 1458.85 | M92: 1459.2 | N92: 1459.4 | O92: 0.862961 | P92: 2500.98 | Q92: 2499.65 | R92: 2500.2 | S92: 2499.83 | T92: 2500.14 | U92: 2500.67 | V92: 2500.12 | W92: 2500.48 | X92: 210 | Y92: 0.0705685 | Z92: -0.0591862 | AA92: -0.0586402 | AB92: 0.00499698 | AC92: -0.0717492 | AD92: -0.0550555 | AE92: 2.00079 | AF92: -0.0615022 | AG92: 25.08.2026 05:59:48 | AH92: H2 | AI92: 34.752455 | AJ92: 30.507559 | AK92: 5418326 | AL92: 1.615 | AM92: 65.247545 | AN92: 57.277778 | AO92: 273348784 | AP92: 4.05 | AR92: =(AO92-5710532)/(4716081) -> 56.750139 | AS92: =(AK92-180057)/(179209) -> 29.229944 | AU92: =DATEVALUE(SUBSTITUTE(LEFT(A92,10),".","/")) -> 46259 | AV92: =TIMEVALUE(RIGHT(A92,8)) -> 0.17857639 | AW92: =DATEVALUE(SUBSTITUTE(LEFT(AG92,10),".","/")) -> 46259 | AX92: =TIMEVALUE(RIGHT(AG92,8)) -> 0.24986111 | AY92: 46259 | AZ92: 0.17861111 | BA92: R16_C3_S2_007_2026-08-25 03-5 | BB92: 0 | BC92: 0 | BD92: 7.823155 | BE92: 3.515504 | BF92: 15.855604 | BG92: 12.227272 | BH92: 10.925393 | BI92: 0 | BJ92: 13.232051 | BK92: 8.57427 | BL92: 5.229827 | BM92: 2.684206 | BN92: 0.483124 | BO92: 0.303726 | BP92: 0.580357 | BQ92: 0 | BR92: 5.478569 | BS92: 7.500367 | BT92: 3.049939 | BU92: 0.96757 | BV92: 0 | BW92: 0.647054 | BX92: 0.642721 | BY92: 0 | BZ92: 0.115924 | CA92: 0.00228 | CB92: 0 | CC92: 0 | CD92: 0 | CE92: 0 | CF92: 0.010143 | CG92: 0 | CH92: 0 | CI92: 0 | CJ92: 0.022634 | CK92: 0.127316 | CL92: 83.265076 | CM92: 16.677275 | CN92: 71.432961 | CO92: 71.538826 | CP92: 72.687134 | CQ92: 0.603923
A93: 25.08.2026 06:21:11 | B93: 7 | C93: 200 | D93: 210 | E93: 25.4152 | F93: 25.0694 | G93: 1439.31 | H93: 1439.77 | I93: 1439.31 | J93: 1439.57 | K93: 1439.94 | L93: 1439.29 | M93: 1439.24 | N93: 1439.22 | O93: 0.881382 | P93: 2500.13 | Q93: 2500.21 | R93: 2499.18 | S93: 2499.61 | T93: 2499.44 | U93: 2499.41 | V93: 2500.86 | W93: 2499.94 | X93: 210.2 | Y93: 0.0716084 | Z93: -0.0656378 | AA93: -0.0590206 | AB93: -0.0022591 | AC93: -0.0705635 | AD93: -0.0609505 | AE93: 2.00192 | AF93: -0.170833 | AG93: 25.08.2026 08:03:46 | AH93: H2 | AI93: 34.803195 | AJ93: 30.462831 | AK93: 5410382 | AL93: 1.615 | AM93: 65.196805 | AN93: 57.066003 | AO93: 272338126 | AP93: 4.048 | AR93: =(AO93-5710532)/(4716081) -> 56.535839 | AS93: =(AK93-180057)/(179209) -> 29.185616 | AU93: =DATEVALUE(SUBSTITUTE(LEFT(A93,10),".","/")) -> 46259 | AV93: =TIMEVALUE(RIGHT(A93,8)) -> 0.26471065 | AW93: =DATEVALUE(SUBSTITUTE(LEFT(AG93,10),".","/")) -> 46259 | AX93: =TIMEVALUE(RIGHT(AG93,8)) -> 0.33594907 | AY93: 46259 | AZ93: 0.26474537 | BA93: R16_C3_S2_008_2026-08-25 05-5 | BB93: 0 | BC93: 0 | BD93: 7.776637 | BE93: 3.516537 | BF93: 15.774815 | BG93: 12.282621 | BH93: 10.948058 | BI93: 0 | BJ93: 13.266182 | BK93: 8.569478 | BL93: 5.22647 | BM93: 2.682422 | BN93: 0.481004 | BO93: 0.301688 | BP93: 0.577739 | BQ93: 0 | BR93: 5.505779 | BS93: 7.5031 | BT93: 3.050222 | BU93: 0.965814 | BV93: 0 | BW93: 0.656399 | BX93: 0.639753 | BY93: 0 | BZ93: 0.116379 | CA93: 0.002238 | CB93: 0 | CC93: 0 | CD93: 0 | CE93: 0 | CF93: 0.009671 | CG93: 0 | CH93: 0 | CI93: 0 | CJ93: 0.023487 | CK93: 0.123519 | CL93: 83.265518 | CM93: 16.676542 | CN93: 71.346214 | CO93: 71.438972 | CP93: 72.731262 | CQ93: 0.599424
A94: 25.08.2026 08:25:12 | C94: 193.6 | D94: 201.5 | E94: 25.0911 | F94: 25.0477 | G94: 1418.82 | H94: 1419.15 | I94: 1419.39 | J94: 1418.61 | K94: 1419.06 | L94: 1419.54 | M94: 1419.17 | N94: 1418.79 | O94: 0.997624 | P94: 2499.67 | Q94: 2499.69 | R94: 2500.19 | S94: 2499.8 | T94: 2500.2 | U94: 2499.24 | V94: 2499.77 | W94: 2500.21 | X94: 210 | Y94: 0.067324 | Z94: -0.061621 | AA94: -0.0563199 | AB94: 0.00395637 | AC94: -0.0722518 | AD94: -0.0610917 | AE94: 1.9998 | AF94: -0.0575054 | AG94: 25.08.2026 10:07:47 | AH94: H2 | AI94: 35.141757 | AJ94: 31.164046 | AK94: 5534922 | AL94: 1.6133333 | AM94: 64.858243 | AN94: 57.51691 | AO94: 274490005 | AP94: 4.047 | AR94: =(AO94-5710532)/(4716081) -> 56.992124 | AS94: =(AK94-180057)/(179209) -> 29.880558 | AU94: =DATEVALUE(SUBSTITUTE(LEFT(A94,10),".","/")) -> 46259 | AV94: =TIMEVALUE(RIGHT(A94,8)) -> 0.35083333 | AW94: =DATEVALUE(SUBSTITUTE(LEFT(AG94,10),".","/")) -> 46259 | AX94: =TIMEVALUE(RIGHT(AG94,8)) -> 0.42207176 | AY94: 46259 | AZ94: 0.35085648 | BA94: R16_C3_S2_009_2026-08-25 08-0 | BB94: 0 | BC94: 0 | BD94: 5.561199 | BE94: 3.262126 | BF94: 12.552619 | BG94: 12.475557 | BH94: 10.419965 | BI94: 0 | BJ94: 14.702402 | BK94: 8.034978 | BL94: 4.869563 | BM94: 2.475131 | BN94: 0.331074 | BO94: 0.340677 | BP94: 0.578603 | BQ94: 0 | BR94: 7.919877 | BS94: 9.377679 | BT94: 3.605296 | BU94: 1.006386 | BV94: 0 | BW94: 1.493297 | BX94: 0.708691 | BY94: 0 | BZ94: 0.117234 | CA94: 0.002188 | CB94: 0 | CC94: 0 | CD94: 0 | CE94: 0 | CF94: 0.007685 | CG94: 0 | CH94: 0 | CI94: 0 | CJ94: 0.034399 | CK94: 0.12339 | CL94: 83.366226 | CM94: 16.577139 | CN94: 65.899155 | CO94: 65.215408 | CP94: 75.778618 | CQ94: 0.612384 | CR94: Unstable sample. Hence not considered
A95: 25.08.2026 10:29:14 | B95: 7 | C95: 190 | D95: 190.2 | E95: 25.246 | F95: 25.0622 | G95: 1449.65 | H95: 1448.32 | I95: 1448.72 | J95: 1449.06 | K95: 1449.26 | L95: 1448.91 | M95: 1448.66 | N95: 1449.15 | O95: 0.861392 | P95: 2499.61 | Q95: 2499.8 | R95: 2499.69 | S95: 2501.07 | T95: 2500.05 | U95: 2500.08 | V95: 2498.98 | W95: 2499.07 | X95: 210.1 | Y95: 0.0671379 | Z95: -0.0616023 | AA95: -0.0597247 | AB95: 0.000169812 | AC95: -0.0712104 | AD95: -0.0583585 | AE95: 1.99953 | AF95: -0.0603504 | AG95: 25.08.2026 12:11:53 | AH95: H2 | AI95: 35.697467 | AJ95: 31.866382 | AK95: 5659661 | AL95: 1.6133333 | AM95: 64.302533 | AN95: 57.401525 | AO95: 273939348 | AP95: 4.047 | AR95: =(AO95-5710532)/(4716081) -> 56.875362 | AS95: =(AK95-180057)/(179209) -> 30.576612 | AU95: =DATEVALUE(SUBSTITUTE(LEFT(A95,10),".","/")) -> 46259 | AV95: =TIMEVALUE(RIGHT(A95,8)) -> 0.43696759 | AW95: =DATEVALUE(SUBSTITUTE(LEFT(AG95,10),".","/")) -> 46259 | AX95: =TIMEVALUE(RIGHT(AG95,8)) -> 0.50825231 | AY95: 46259 | AZ95: 0.43697917 | BA95: R16_C3_S2_010_2026-08-25 10-0 | BB95: 0 | BC95: 0 | BD95: 2.562857 | BE95: 2.681036 | BF95: 7.54863 | BG95: 12.621606 | BH95: 9.387417 | BI95: 0 | BJ95: 16.354994 | BK95: 7.354009 | BL95: 4.378782 | BM95: 2.043111 | BN95: 0.152092 | BO95: 0.395361 | BP95: 0.559369 | BQ95: 0 | BR95: 11.818125 | BS95: 11.205767 | BT95: 4.035414 | BU95: 1.046656 | BV95: 0 | BW95: 4.79654 | BX95: 0.758366 | BY95: 0 | BZ95: 0.112286 | CA95: 0.003415 | CB95: 0 | CC95: 0 | CD95: 0 | CE95: 0 | CF95: 0.004689 | CG95: 0 | CH95: 0 | CI95: 0.007686 | CJ95: 0.061733 | CK95: 0.110069 | CL95: 83.525734 | CM95: 16.423288 | CN95: 56.670452 | CO95: 55.101421 | CP95: 81.071564 | CQ95: 0.626125
AY96: 46259 | AZ96: 0.52311343 | BA96: R16_C3_S2_011_2026-08-25 12-1 | BB96: 0 | BC96: 0 | BD96: 2.609864 | BE96: 2.697792 | BF96: 7.651476 | BG96: 12.63951 | BH96: 9.41766 | BI96: 0 | BJ96: 16.35173 | BK96: 7.355541 | BL96: 4.384884 | BM96: 2.058022 | BN96: 0.15463 | BO96: 0.395946 | BP96: 0.559154 | BQ96: 0 | BR96: 11.77282 | BS96: 11.187414 | BT96: 4.044338 | BU96: 1.048894 | BV96: 0 | BW96: 4.595108 | BX96: 0.767529 | BY96: 0 | BZ96: 0.115916 | CA96: 0.003348 | CB96: 0 | CC96: 0 | CD96: 0 | CE96: 0 | CF96: 0.004323 | CG96: 0 | CH96: 0 | CI96: 0.007048 | CJ96: 0.060824 | CK96: 0.115236 | CL96: 83.523178 | CM96: 16.425884 | CN96: 56.885597 | CO96: 55.328297 | CP96: 80.946747 | CQ96: 0.625731

Sheet Reactor1
A1: Light Naphtha (<120 oC)
A2: Carbon_Online DHA | B2: wt% | D2: 83.84
A3: Hydrogen_Online DHA | B3: wt% | D3: =100-D2 -> 16.16
A4: Total_Online DHA | B4: wt% | D4: =SUM(D2:D3) -> 100
A5: RON_Online DHA | B5: --
A6: Molecular Weight_Online DHA | B6: -- | D6: 89 | F6: Feed Cut-In | G6: 46247
A7: Density_Online DHA | B7: g/ml | D7: 0.665 | G7: 0.66666667
A8: n-Hexane | B8: wt% | D8: 17.808795
A9: 2-Methyl Pentane | B9: wt% | D9: 8.0247838
A10: 3-Methyl Pentane | B10: wt% | D10: 3.688351
A11: 2,3-Dimethyl Butane | B11: wt% | D11: 0.72080225
A12: 2,2-Dimethyl Butane | B12: wt% | D12: 0.016720375 | H12: np cprrectopm | I12: cprr
A13: n-Heptane | B13: wt% | D13: 16.071278 | H13: 1.82 | I13: 2.3
A14: iC7 Single Branched | B14: wt% | D14: 13.769736
A15: iC7 Multi Branched | B15: wt% | D15: 0.99247038
A17: Catalyst Performance (Z-700A)
A19: Date | B19: -- | D19: {=TRANSPOSE(_xlfn._xlws.FILTER('Raw Data'!AU2:AU505,('Raw Data'!B2:B505=1)*('Raw Data'!AU2:AU505<>"")))} -> 46248 | E19: 46251 | F19: 46252 | G19: 46252 | H19: 46253 | I19: 46253 | J19: 46254 | K19: 46255 | L19: 46255 | M19: 46256 | N19: 46257 | O19: 46257
A20: Injection Time | B20: -- | D20: {=TRANSPOSE(_xlfn._xlws.FILTER('Raw Data'!AV2:AV505,('Raw Data'!B2:B505=1)*('Raw Data'!AV2:AV505<>"")))} -> 0.90052083 | E20: 0.58864583 | F20: 0.27766204 | G20: 0.47577546 | H20: 0.16478009 | I20: 0.8537963 | J20: 0.5428125 | K20: 0.23184028 | L20: 0.92087963 | M20: 0.60989583 | N20: 0.29891204 | O20: 0.98792824
A21: Duration | B21: hrs | D21: =((D19+D20)-(G6+G7))*24 -> 29.6125 | E21: =((E19+E20)-(D19+D20))*24 -> 64.515 | F21: =((F19+F20)-(E19+E20))*24 -> 16.536389 | G21: =((G19+G20)-(F19+F20))*24 -> 4.7547222 | H21: =((H19+H20)-(G19+G20))*24 -> 16.536111 | I21: =((I19+I20)-(H19+H20))*24 -> 16.536389 | J21: =((J19+J20)-(I19+I20))*24 -> 16.536389 | K21: =((K19+K20)-(J19+J20))*24 -> 16.536667 | L21: =((L19+L20)-(K19+K20))*24 -> 16.536944 | ... O21: =((O19+O20)-(N19+N20))*24 -> 16.536389
A22: Run length | B22: hr | D22: =D21 -> 29.6125 | E22: =E21+D22-40 -> 54.1275 | F22: =F21+E22 -> 70.663889 | G22: =G21+F22 -> 75.418611 | H22: =H21+G22 -> 91.954722 | I22: =I21+H22 -> 108.49111 | J22: =J21+I22 -> 125.0275 | K22: =K21+J22 -> 141.56417 | L22: =L21+K22 -> 158.10111 | M22: =M21+L22 -> 174.6375 | ... O22: =O21+N22 -> 207.71028
A23: Pressure | B23: barg | D23: {=TRANSPOSE(_xlfn._xlws.FILTER('Raw Data'!E2:E505,('Raw Data'!B2:B505=1)*('Raw Data'!E2:E505<>"")))} -> 25.0825 | E23: 25.3371 | F23: 25.2344 | G23: 25.1808 | H23: 25.0463 | I23: 25.2054 | J23: 25.3805 | K23: 25.2402 | L23: 25.1982 | M23: 25.3255 | N23: 25.272 | O23: 25.2865
A24: Temperature | B24: oC | D24: {=TRANSPOSE(_xlfn._xlws.FILTER('Raw Data'!C2:C505,('Raw Data'!B2:B505=1)*('Raw Data'!C2:C505<>"")))} -> 210.1 | E24: 220 | F24: 220 | G24: 220 | H24: 220 | I24: 215 | J24: 215 | K24: 215 | L24: 210 | M24: 205 | N24: 205 | O24: 200
A25: LHSV | B25: h-1 | D25: =D37/$D$7*(1/2) -> 1.3673642 | E25: =E37/$D$7*(1/2) -> 1.3417774 | F25: =F37/$D$7*(1/2) -> 1.3665799 | G25: =G37/$D$7*(1/2) -> 1.327441 | H25: =H37/$D$7*(1/2) -> 1.3603188 | I25: =I37/$D$7*(1/2) -> 1.3227874 | J25: =J37/$D$7*(1/2) -> 1.3412446 | K25: =K37/$D$7*(1/2) -> 1.3433799 | ... N25: =N37/$D$7*(1/2) -> 1.2905716
A26: H2/Naphtha | B26: mol. Basis | D26: =(D35/2)/(D37/$D$6) -> 4.5590792 | E26: =(E35/2)/(E37/$D$6) -> 3.892904 | F26: =(F35/2)/(F37/$D$6) -> 3.8385445 | G26: =(G35/2)/(G37/$D$6) -> 3.9679026 | H26: =(H35/2)/(H37/$D$6) -> 3.8461909 | I26: =(I35/2)/(I37/$D$6) -> 4.0009756 | J26: =(J35/2)/(J37/$D$6) -> 3.9609124 | K26: =(K35/2)/(K37/$D$6) -> 3.9389421 | ... N26: =(N35/2)/(N37/$D$6) -> 4.9280753
A27: N2 (Rx effluent) | B27: NLPH | D27: 3.2 | E27: 3.2 | F27: 3.2 | G27: 3.2 | H27: 3.2 | I27: 3.2 | J27: 3.2 | K27: 3.2 | L27: 3.2 | M27: 3.2 | N27: 3.2 | O27: 3.2
A28: H2 (Rx effluent) | B28: % vol | D28: {=TRANSPOSE(_xlfn._xlws.FILTER('Raw Data'!AJ2:AJ505,('Raw Data'!B2:B505=1)*('Raw Data'!AJ2:AJ505<>"")))} -> 37.76049 | E28: 33.704794 | F28: 33.757585 | G28: 33.937753 | H28: 33.711178 | I28: 34.064719 | J28: 34.109211 | K28: 34.015543 | L28: 34.145347 | M28: 38.189045 | N28: 38.395609 | O28: 37.51418
A29: N2 (Rx effluent) | B29: % vol | D29: {=TRANSPOSE(_xlfn._xlws.FILTER('Raw Data'!AN2:AN505,('Raw Data'!B2:B505=1)*('Raw Data'!AN2:AN505<>"")))} -> 53.952507 | E29: 57.480319 | F29: 57.325973 | G29: 57.396914 | H29: 57.396321 | I29: 57.336415 | J29: 57.193954 | K29: 57.263862 | L29: 57.356832 | M29: 53.656103 | N29: 53.777893 | O29: 63.786705
A30: Naphtha (Rx effluent) | B30: % vol | D30: =100-D29-D28 -> 8.287003 | E30: =100-E29-E28 -> 8.814887 | F30: =100-F29-F28 -> 8.916442 | G30: =100-G29-G28 -> 8.665333 | H30: =100-H29-H28 -> 8.892501 | I30: =100-I29-I28 -> 8.598866 | J30: =100-J29-J28 -> 8.696835 | K30: =100-K29-K28 -> 8.720595 | ... N30: =100-N29-N28 -> 7.826498
A31: Total | B31: % vol | D31: =SUM(D28:D30) -> 100 | E31: =SUM(E28:E30) -> 100 | F31: =SUM(F28:F30) -> 100 | G31: =SUM(G28:G30) -> 100 | H31: =SUM(H28:H30) -> 100 | I31: =SUM(I28:I30) -> 100 | J31: =SUM(J28:J30) -> 100 | K31: =SUM(K28:K30) -> 100 | ... O31: =SUM(O28:O30) -> 101.30088
A32: Mol. Weight | B32: -- | D32: {=TRANSPOSE(_xlfn._xlws.FILTER('Raw Data'!CP2:CP505,('Raw Data'!B2:B505=1)*('Raw Data'!CP2:CP505<>"")))} -> 89.028351 | E32: 87.93605 | F32: 87.904762 | G32: 87.945862 | H32: 87.847733 | I32: 88.216347 | J32: 88.219795 | K32: 88.227074 | L32: 88.538155 | M32: 88.727432 | N32: 88.682823 | O32: 70.470772
A33: Carbon_Naphtha (Rx effluent) | B33: wt% | D33: =SUMPRODUCT($C$42:$C$77,D42:D77) -> 83.767573 | E33: =SUMPRODUCT($C$42:$C$77,E42:E77) -> 83.344233 | F33: =SUMPRODUCT($C$42:$C$77,F42:F77) -> 83.722478 | G33: =SUMPRODUCT($C$42:$C$77,G42:G77) -> 83.745734 | H33: =SUMPRODUCT($C$42:$C$77,H42:H77) -> 83.720128 | I33: =SUMPRODUCT($C$42:$C$77,I42:I77) -> 83.750987 | J33: =SUMPRODUCT($C$42:$C$77,J42:J77) -> 83.751084 | K33: =SUMPRODUCT($C$42:$C$77,K42:K77) -> 83.751211 | ... N33: =SUMPRODUCT($C$42:$C$77,N42:N77) -> 83.760355
A34: Hydrogen_Naphtha (Rx effluent) | B34: wt% | D34: =100-D33 -> 16.232427 | E34: =100-E33 -> 16.655767 | F34: =100-F33 -> 16.277522 | G34: =100-G33 -> 16.254266 | H34: =100-H33 -> 16.279872 | I34: =100-I33 -> 16.249013 | J34: =100-J33 -> 16.248916 | K34: =100-K33 -> 16.248789 | ... N34: =100-N33 -> 16.239645
A35: H2 (Rx effluent) | B35: gms/hr | D35: =(D27/(D29/100))*(D28/100)*(273/293)*(2/22.4) -> 0.18631721 | E35: =(E27/(E29/100))*(E28/100)*(0.0416)*2 -> 0.15611542 | F35: =(F27/(F29/100))*(F28/100)*(0.0416)*2 -> 0.15678093 | G35: =(G27/(G29/100))*(G28/100)*(0.0416)*2 -> 0.15742288 | H35: =(H27/(H29/100))*(H28/100)*(0.0416)*2 -> 0.15637351 | I35: =(I27/(I29/100))*(I28/100)*(0.0416)*2 -> 0.15817855 | J35: =(J27/(J29/100))*(J28/100)*(0.0416)*2 -> 0.15877966 | K35: =(K27/(K29/100))*(K28/100)*(0.0416)*2 -> 0.15815032 | L35: =(L27/(L29/100))*(L28/100)*(0.0416)*2 -> 0.1584965 | ... N35: =(N27/(N29/100))*(N28/100)*(0.0416)*2 -> 0.19008642
A36: Naphtha (Rx effluent) | B36: gms/hr | D36: =(D27/(D29/100))*(D30/100)*(273/293)*(D32/22.4) -> 1.8201668 | E36: =(E27/(E29/100))*(E30/100)*(0.0416)*(E32) -> 1.7951793 | F36: =(F27/(F29/100))*(F30/100)*(0.0416)*(F32) -> 1.8201026 | G36: =(G27/(G29/100))*(G30/100)*(0.0416)*(G32) -> 1.7674838 | H36: =(H27/(H29/100))*(H30/100)*(0.0416)*(H32) -> 1.8118145 | I36: =(I27/(I29/100))*(I30/100)*(0.0416)*(I32) -> 1.7611771 | J36: =(J27/(J29/100))*(J30/100)*(0.0416)*(J32) -> 1.7857492 | K36: =(K27/(K29/100))*(K30/100)*(0.0416)*(K32) -> 1.7885895 | L36: =(L27/(L29/100))*(L30/100)*(0.0416)*(L32) -> 1.7462089 | ... N36: =(N27/(N29/100))*(N30/100)*(0.0416)*(N32) -> 1.7180924
A37: Naphtha (Feed Rate) | B37: gms/hr | D37: =(D36*D33)/($D$2) -> 1.8185944 | E37: =(E36*E33)/($D$2) -> 1.784564 | F37: =(F36*F33)/($D$2) -> 1.8175513 | G37: =(G36*G33)/($D$2) -> 1.7654965 | H37: =(H36*H33)/($D$2) -> 1.809224 | I37: =(I36*I33)/($D$2) -> 1.7593072 | J37: =(J36*J33)/($D$2) -> 1.7838553 | K37: =(K36*K33)/($D$2) -> 1.7866953 | ... N37: =(N36*N33)/($D$2) -> 1.7164603
A38: Naphtha/H2 (Rx effluent) | B38: mass basis | D38: =D36/D35 -> 9.7691822 | E38: =(E30*E32)/(E28*2) -> 11.499052 | F38: =(F30*F32)/(F28*2) -> 11.609209 | G38: =(G30*G32)/(G28*2) -> 11.227617 | H38: =(H30*H32)/(H28*2) -> 11.586454 | I38: =(I30*I32)/(I28*2) -> 11.134108 | J38: =(J30*J32)/(J28*2) -> 11.246713 | K38: =(K30*K32)/(K28*2) -> 11.309427 | L38: =(L30*L32)/(L28*2) -> 11.017334 | ... N38: =(N30*N32)/(N28*2) -> 9.0384806
A39: Estimated RON | B39: -- | D39: {=TRANSPOSE(_xlfn._xlws.FILTER('Raw Data'!CO2:CO505,('Raw Data'!B2:B505=1)*('Raw Data'!CO2:CO505<>"")))} -> 41.119297 | E39: 43.404808 | F39: 43.299541 | G39: 43.266727 | H39: 43.381676 | I39: 42.588989 | J39: 42.599304 | K39: 42.601185 | L39: 41.942051 | M39: 41.463333 | N39: 41.551033 | O39: 72.484444
A40: Specific Gravity (Online DHA) | D40: {=TRANSPOSE(_xlfn._xlws.FILTER('Raw Data'!CQ2:CQ506,('Raw Data'!B2:B506=1)*('Raw Data'!CQ2:CQ506<>"")))} -> 0.664206 | E40: 0.660153 | F40: 0.659007 | G40: 0.661557 | H40: 0.659919 | I40: 0.661578 | J40: 0.659564 | K40: 0.659618 | L40: 0.663873 | M40: 0.664262 | N40: 0.664468 | O40: 0.60866
C41: Carbon, wt%
A42: Methane | B42: wt% | C42: 0.749 | D42: {=TRANSPOSE(_xlfn._xlws.FILTER('Raw Data'!BB2:BB505,('Raw Data'!B2:B505=1)*('Raw Data'!BB2:BB505<>"")))} -> 0 | E42: 0 | F42: 0 | G42: 0 | H42: 0 | I42: 0 | J42: 0 | K42: 0 | L42: 0 | M42: 0 | N42: 0 | O42: 0
A43: Ethane | B43: wt% | C43: 0.799 | D43: {=TRANSPOSE(_xlfn._xlws.FILTER('Raw Data'!BC2:BC505,('Raw Data'!B2:B505=1)*('Raw Data'!BC2:BC505<>"")))} -> 0 | E43: 0 | F43: 0 | G43: 0 | H43: 0 | I43: 0 | J43: 0 | K43: 0 | L43: 0 | M43: 0 | N43: 0 | O43: 0
A44: Propane | B44: wt% | C44: 0.817 | D44: {=TRANSPOSE(_xlfn._xlws.FILTER('Raw Data'!BD2:BD505,('Raw Data'!B2:B505=1)*('Raw Data'!BD2:BD505<>"")))} -> 0.117733 | E44: 0.28497 | F44: 0.28584 | G44: 0.292385 | H44: 0.286052 | I44: 0.205121 | J44: 0.199323 | K44: 0.19844 | L44: 0.141749 | M44: 0.104713 | N44: 0.105247 | O44: 8.118989
A45: n-Butane | B45: wt% | C45: 0.826 | D45: {=TRANSPOSE(_xlfn._xlws.FILTER('Raw Data'!BE2:BE505,('Raw Data'!B2:B505=1)*('Raw Data'!BE2:BE505<>"")))} -> 1.648836 | E45: 1.818896 | F45: 1.815977 | G45: 1.819745 | H45: 1.819776 | I45: 1.733201 | J45: 1.727615 | K45: 1.722799 | L45: 1.645691 | M45: 1.614254 | N45: 1.616589 | O45: 4.665766
A46: iso-Butane | B46: wt% | C46: 0.826 | D46: {=TRANSPOSE(_xlfn._xlws.FILTER('Raw Data'!BF2:BF505,('Raw Data'!B2:B505=1)*('Raw Data'!BF2:BF505<>"")))} -> 0.549996 | E46: 1.055753 | F46: 1.107602 | G46: 1.132289 | H46: 1.138939 | I46: 0.868432 | J46: 0.856766 | K46: 0.859795 | L46: 0.657928 | M46: 0.521507 | N46: 0.526136 | O46: 21.228971
A47: n-Pentane | B47: wt% | C47: 0.833 | D47: {=TRANSPOSE(_xlfn._xlws.FILTER('Raw Data'!BG2:BG505,('Raw Data'!B2:B505=1)*('Raw Data'!BG2:BG505<>"")))} -> 12.49423 | E47: 12.831335 | F47: 12.823763 | G47: 12.822315 | H47: 12.861259 | I47: 12.831433 | J47: 12.846728 | K47: 12.836833 | L47: 12.769761 | M47: 12.775618 | N47: 12.8006 | O47: 12.114812
A48: iso-Pentane | B48: wt% | C48: 0.833 | D48: {=TRANSPOSE(_xlfn._xlws.FILTER('Raw Data'!BH2:BH505,('Raw Data'!B2:B505=1)*('Raw Data'!BH2:BH505<>"")))} -> 7.563905 | E48: 7.991463 | F48: 7.971118 | G48: 7.979043 | H48: 8.001502 | I48: 7.833358 | J48: 7.829029 | K48: 7.823738 | L48: 7.670522 | M48: 7.602844 | N48: 7.618309 | O48: 13.628721
A49: Cyclopentane | B49: wt% | C49: 0.857 | D49: {=TRANSPOSE(_xlfn._xlws.FILTER('Raw Data'!BI2:BI505,('Raw Data'!B2:B505=1)*('Raw Data'!BI2:BI505<>"")))} -> 0 | E49: 0 | F49: 0 | G49: 0 | H49: 0 | I49: 0 | J49: 0 | K49: 0 | L49: 0 | M49: 0 | N49: 0 | O49: 0
A50: n-Hexane | B50: wt% | C50: 0.837 | D50: {=TRANSPOSE(_xlfn._xlws.FILTER('Raw Data'!BJ2:BJ505,('Raw Data'!B2:B505=1)*('Raw Data'!BJ2:BJ505<>"")))} -> 17.33242 | E50: 17.402658 | F50: 17.453924 | G50: 17.415951 | H50: 17.484606 | I50: 17.58931 | J50: 17.607956 | K50: 17.610229 | L50: 17.680426 | M50: 17.690884 | N50: 17.741339 | O50: 11.552959
A51: 2-Methyl Pentane | B51: wt% | C51: 0.837 | D51: {=TRANSPOSE(_xlfn._xlws.FILTER('Raw Data'!BK2:BK505,('Raw Data'!B2:B505=1)*('Raw Data'!BK2:BK505<>"")))} -> 7.742486 | E51: 7.718058 | F51: 7.662102 | G51: 7.642704 | H51: 7.654064 | I51: 7.735907 | J51: 7.735227 | K51: 7.726504 | L51: 7.791828 | M51: 7.841915 | N51: 7.859368 | O51: 6.760047
A52: 3-Methyl Pentane | B52: wt% | C52: 0.837 | D52: {=TRANSPOSE(_xlfn._xlws.FILTER('Raw Data'!BL2:BL505,('Raw Data'!B2:B505=1)*('Raw Data'!BL2:BL505<>"")))} -> 3.727007 | E52: 3.961844 | F52: 3.943781 | G52: 3.935753 | H52: 3.952102 | I52: 3.891305 | J52: 3.902319 | K52: 3.903982 | L52: 3.849524 | M52: 3.795046 | N52: 3.811389 | O52: 3.834857
A53: 2,3-Dimethyl Butane | B53: wt% | C53: 0.837 | D53: {=TRANSPOSE(_xlfn._xlws.FILTER('Raw Data'!BM2:BM505,('Raw Data'!B2:B505=1)*('Raw Data'!BM2:BM505<>"")))} -> 0.810594 | E53: 1.020448 | F53: 1.051682 | G53: 1.061426 | H53: 1.075346 | I53: 0.980015 | J53: 0.986683 | K53: 0.991348 | L53: 0.914361 | M53: 0.849682 | N53: 0.857086 | O53: 1.485029
A54: 2,2-Dimethyl Butane | B54: wt% | C54: 0.837 | D54: {=TRANSPOSE(_xlfn._xlws.FILTER('Raw Data'!BN2:BN505,('Raw Data'!B2:B505=1)*('Raw Data'!BN2:BN505<>"")))} -> 0.03882 | E54: 0.080764 | F54: 0.075099 | G54: 0.073532 | H54: 0.073417 | I54: 0.058863 | J54: 0.057828 | K54: 0.058274 | L54: 0.046292 | M54: 0.036176 | N54: 0.03659 | O54: 0.834889
A55: Cyclohexane | B55: wt% | C55: 0.857 | D55: {=TRANSPOSE(_xlfn._xlws.FILTER('Raw Data'!BO2:BO505,('Raw Data'!B2:B505=1)*('Raw Data'!BO2:BO505<>"")))} -> 0.353294 | E55: 0.333525 | F55: 0.33433 | G55: 0.333351 | H55: 0.335032 | I55: 0.341376 | J55: 0.342058 | K55: 0.341836 | L55: 0.348152 | M55: 0.352334 | N55: 0.352323 | O55: 0
A56: Methyl Cyclopentane | B56: wt% | C56: 0.857 | D56: {=TRANSPOSE(_xlfn._xlws.FILTER('Raw Data'!BP2:BP506,('Raw Data'!B2:B506=1)*('Raw Data'!BP2:BP506<>"")))} -> 0.667111 | E56: 0.672966 | F56: 0.674737 | G56: 0.672149 | H56: 0.675183 | I56: 0.675786 | J56: 0.677046 | K56: 0.678887 | L56: 0.679126 | M56: 0.677848 | N56: 0.67986 | O56: 0
A57: Benzene | B57: wt% | C57: 0.923 | D57: {=TRANSPOSE(_xlfn._xlws.FILTER('Raw Data'!BQ2:BQ505,('Raw Data'!B2:B505=1)*('Raw Data'!BQ2:BQ505<>"")))} -> 0 | E57: 0 | F57: 0 | G57: 0 | H57: 0 | I57: 0 | J57: 0 | K57: 0 | L57: 0 | M57: 0 | N57: 0 | O57: 0
A58: n-Heptane | B58: wt% | C58: 0.839 | D58: {=TRANSPOSE(_xlfn._xlws.FILTER('Raw Data'!BR2:BR505,('Raw Data'!B2:B505=1)*('Raw Data'!BR2:BR505<>"")))} -> 15.871069 | E58: 15.10768 | F58: 15.257998 | G58: 15.208715 | H58: 15.250907 | I58: 15.532736 | J58: 15.516939 | K58: 15.517382 | L58: 15.772957 | M58: 15.885249 | N58: 15.875308 | O58: 7.311441
A59: iC7 Single Branched | B59: wt% | C59: 0.839 | D59: {=TRANSPOSE(_xlfn._xlws.FILTER('Raw Data'!BS2:BS505,('Raw Data'!B2:B505=1)*('Raw Data'!BS2:BS505<>"")))} -> 13.507695 | E59: 13.079929 | F59: 12.872382 | G59: 12.762139 | H59: 12.768054 | I59: 13.014289 | J59: 12.99057 | K59: 12.970175 | L59: 13.2126 | M59: 13.352736 | N59: 13.358385 | O59: 5.036693
A60: iC7 Multi Branched | B60: wt% | C60: 0.839 | D60: {=TRANSPOSE(_xlfn._xlws.FILTER('Raw Data'!BT2:BT505,('Raw Data'!B2:B505=1)*('Raw Data'!BT2:BT505<>"")))} -> 1.329567 | E60: 2.044778 | F60: 2.318589 | G60: 2.32858 | H60: 2.375294 | I60: 2.075717 | J60: 2.096311 | K60: 2.121741 | L60: 1.85324 | M60: 1.606812 | N60: 1.63761 | O60: 0
A61: C7N | B61: wt% | C61: 0.8562 | D61: {=TRANSPOSE(_xlfn._xlws.FILTER('Raw Data'!BU2:BU505,('Raw Data'!B2:B505=1)*('Raw Data'!BU2:BU505<>"")))} -> 1.140245 | E61: 1.089932 | F61: 1.090329 | G61: 1.087186 | H61: 1.09012 | I61: 1.099623 | J61: 1.100094 | K61: 1.096938 | L61: 1.109722 | M61: 1.116994 | N61: 1.111184 | O61: 0
A62: Toluene | B62: wt% | C62: 0.913 | D62: {=TRANSPOSE(_xlfn._xlws.FILTER('Raw Data'!BV2:BV505,('Raw Data'!B2:B505=1)*('Raw Data'!BV2:BV505<>"")))} -> 0 | E62: 0 | F62: 0 | G62: 0 | H62: 0 | I62: 0 | J62: 0 | K62: 0 | L62: 0 | M62: 0 | N62: 0 | O62: 0
A63: C8P | B63: wt% | C63: 0.841 | D63: {=TRANSPOSE(_xlfn._xlws.FILTER('Raw Data'!BW2:BW505,('Raw Data'!B2:B505=1)*('Raw Data'!BW2:BW505<>"")))} -> 13.552277 | E63: 11.798962 | F63: 12.116983 | G63: 12.076274 | H63: 12.035034 | I63: 12.506154 | J63: 12.521623 | K63: 12.536552 | L63: 12.876482 | M63: 13.223485 | N63: 13.066122 | O63: 1.248784
A64: C8N | B64: wt% | C64: 0.8563 | D64: {=TRANSPOSE(_xlfn._xlws.FILTER('Raw Data'!BX2:BX505,('Raw Data'!B2:B505=1)*('Raw Data'!BX2:BX505<>"")))} -> 0.529629 | E64: 0.696706 | F64: 0.629808 | G64: 0.613692 | H64: 0.611581 | I64: 0.562268 | J64: 0.561689 | K64: 0.562285 | L64: 0.531298 | M64: 0.503829 | N64: 0.500295 | O64: 0
A65: C8A | B65: wt% | C65: 0.906 | D65: {=TRANSPOSE(_xlfn._xlws.FILTER('Raw Data'!BY2:BY505,('Raw Data'!B2:B505=1)*('Raw Data'!BY2:BY505<>"")))} -> 0 | E65: 0 | F65: 0 | G65: 0 | H65: 0 | I65: 0 | J65: 0 | K65: 0 | L65: 0 | M65: 0 | N65: 0 | O65: 0
A66: C9P | B66: wt% | C66: 0.843 | D66: {=TRANSPOSE(_xlfn._xlws.FILTER('Raw Data'!BZ2:BZ505,('Raw Data'!B2:B505=1)*('Raw Data'!BZ2:BZ505<>"")))} -> 0.213448 | E66: 0.141872 | F66: 0.143771 | G66: 0.143635 | H66: 0.143426 | I66: 0.151871 | J66: 0.150626 | K66: 0.150889 | L66: 0.159624 | M66: 0.168553 | N66: 0.168823 | O66: 0
A67: C9N | B67: wt% | C67: 0.857 | D67: {=TRANSPOSE(_xlfn._xlws.FILTER('Raw Data'!CA2:CA505,('Raw Data'!B2:B505=1)*('Raw Data'!CA2:CA505<>"")))} -> 0.031009 | E67: 0.022949 | F67: 0.023167 | G67: 0.023434 | H67: 0.022865 | I67: 0.02046 | J67: 0.021986 | K67: 0.020729 | L67: 0.020413 | M67: 0.019951 | N67: 0.01964 | O67: 0
A68: C9A | B68: wt% | C68: 0.9 | D68: {=TRANSPOSE(_xlfn._xlws.FILTER('Raw Data'!CB2:CB505,('Raw Data'!B2:B505=1)*('Raw Data'!CB2:CB505<>"")))} -> 0 | E68: 0 | F68: 0 | G68: 0 | H68: 0 | I68: 0 | J68: 0 | K68: 0 | L68: 0 | M68: 0 | N68: 0 | O68: 0
A69: C10P | B69: wt% | C69: 0.844 | D69: {=TRANSPOSE(_xlfn._xlws.FILTER('Raw Data'!CC2:CC505,('Raw Data'!B2:B505=1)*('Raw Data'!CC2:CC505<>"")))} -> 0 | E69: 0 | F69: 0 | G69: 0 | H69: 0 | I69: 0 | J69: 0 | K69: 0 | L69: 0 | M69: 0 | N69: 0 | O69: 0
A70: C10N | B70: wt% | C70: 0.8571 | D70: {=TRANSPOSE(_xlfn._xlws.FILTER('Raw Data'!CD2:CD505,('Raw Data'!B2:B505=1)*('Raw Data'!CD2:CD505<>"")))} -> 0.040806 | E70: 0 | F70: 0 | G70: 0.000307 | H70: 0 | I70: 0 | J70: 0 | K70: 0 | L70: 0 | M70: 0 | N70: 0 | O70: 0
A71: C10A | B71: wt% | C71: 0.896 | D71: {=TRANSPOSE(_xlfn._xlws.FILTER('Raw Data'!CE2:CE505,('Raw Data'!B2:B505=1)*('Raw Data'!CE2:CE505<>"")))} -> 0 | E71: 0 | F71: 0 | G71: 0 | H71: 0 | I71: 0 | J71: 0 | K71: 0 | L71: 0 | M71: 0 | N71: 0 | O71: 0
A72: C3 & Below | B72: wt% | C72: 0.79 | D72: {=TRANSPOSE(_xlfn._xlws.FILTER('Raw Data'!CF2:CF505,('Raw Data'!B2:B505=1)*('Raw Data'!CF2:CF505<>"")))} -> 0.039426 | E72: 0.056127 | F72: 0.017889 | G72: 0.018323 | H72: 0.017205 | I72: 0.012626 | J72: 0.01272 | K72: 0.012319 | L72: 0.008432 | M72: 0.007727 | N72: 0.007753 | O72: 0
A73: C4-C5 Unknowns | B73: wt% | C73: 0.83 | D73: {=TRANSPOSE(_xlfn._xlws.FILTER('Raw Data'!CG2:CG505,('Raw Data'!B2:B505=1)*('Raw Data'!CG2:CG505<>"")))} -> 0 | E73: 0.002643 | F73: 0.00336 | G73: 0.003032 | H73: 0.003339 | I73: 0.002752 | J73: 0.002423 | K73: 0.002283 | L73: 0.00216 | M73: 0.002108 | N73: 0.002728 | O73: 2.178042
A74: C5-C6 Unknowns | B74: wt% | C74: 0.835 | D74: {=TRANSPOSE(_xlfn._xlws.FILTER('Raw Data'!CH2:CH505,('Raw Data'!B2:B505=1)*('Raw Data'!CH2:CH505<>"")))} -> 0 | E74: 0 | F74: 0 | G74: 0 | H74: 0 | I74: 0 | J74: 0 | K74: 0 | L74: 0 | M74: 0 | N74: 0 | O74: 0
A75: C6-C7 Unknowns | B75: wt% | C75: 0.8386 | D75: {=TRANSPOSE(_xlfn._xlws.FILTER('Raw Data'!CI2:CI505,('Raw Data'!B2:B505=1)*('Raw Data'!CI2:CI505<>"")))} -> 0.169391 | E75: 0.052779 | F75: 0.058064 | G75: 0.056927 | H75: 0.06017 | I75: 0.054124 | J75: 0.055495 | K75: 0.056655 | L75: 0.048884 | M75: 0.040306 | N75: 0.042371 | O75: 0
A76: C7-C8 Unknowns | B76: wt% | C76: 0.8406 | D76: {=TRANSPOSE(_xlfn._xlws.FILTER('Raw Data'!CJ2:CJ505,('Raw Data'!B2:B505=1)*('Raw Data'!CJ2:CJ505<>"")))} -> 0.108001 | E76: 0.077681 | F76: 0.07291 | G76: 0.068228 | H76: 0.066856 | I76: 0.062438 | J76: 0.062355 | K76: 0.062693 | L76: 0.060474 | M76: 0.058743 | N76: 0.059135 | O76: 0
A77: C8 Plus | B77: wt% | C77: 0.848 | D77: {=TRANSPOSE(_xlfn._xlws.FILTER('Raw Data'!CK2:CK505,('Raw Data'!B2:B505=1)*('Raw Data'!CK2:CK505<>"")))} -> 0.421052 | E77: 0.179404 | F77: 0.168778 | G77: 0.428907 | H77: 0.170725 | I77: 0.160836 | J77: 0.138587 | K77: 0.136686 | L77: 0.148372 | M77: 0.147372 | N77: 0.144817 | O77: 0
A78: Total | B78: wt% | D78: =SUM(D42:D77) -> 100.00005 | E78: =SUM(E42:E77) -> 99.524122 | F78: =SUM(F42:F77) -> 99.973983 | G78: =SUM(G42:G77) -> 100.00002 | H78: =SUM(H42:H77) -> 99.972854 | I78: =SUM(I42:I77) -> 100 | J78: =SUM(J42:J77) -> 99.999996 | K78: =SUM(K42:K77) -> 99.999992 | ... O78: =SUM(O42:O77) -> 100
A80: Methane | B80: wof% | D80: =(D36*D42)/(D37) -> 0 | E80: =(E36*E42)/(E37) -> 0 | F80: =(F36*F42)/(F37) -> 0 | G80: =(G36*G42)/(G37) -> 0 | H80: =(H36*H42)/(H37) -> 0 | I80: =(I36*I42)/(I37) -> 0 | J80: =(J36*J42)/(J37) -> 0 | K80: =(K36*K42)/(K37) -> 0 | ... N80: =(N36*N42)/(N37) -> 0
A81: Ethane | B81: wof% | D81: =(D36*D43)/(D37) -> 0 | E81: =(E36*E43)/(E37) -> 0 | F81: =(F36*F43)/(F37) -> 0 | G81: =(G36*G43)/(G37) -> 0 | H81: =(H36*H43)/(H37) -> 0 | I81: =(I36*I43)/(I37) -> 0 | J81: =(J36*J43)/(J37) -> 0 | K81: =(K36*K43)/(K37) -> 0 | ... N81: =(N36*N43)/(N37) -> 0
A82: Propane | B82: wof% | D82: =(D36*D44)/(D37) -> 0.11783479 | E82: =(E36*E44)/(E37) -> 0.28666512 | F82: =(F36*F44)/(F37) -> 0.28624123 | G82: =(G36*G44)/(G37) -> 0.29271411 | H82: =(H36*H44)/(H37) -> 0.28646157 | I82: =(I36*I44)/(I37) -> 0.20533901 | J82: =(J36*J44)/(J37) -> 0.19953462 | K82: =(K36*K44)/(K37) -> 0.19865038 | ... N82: =(N36*N44)/(N37) -> 0.10534708
A83: n-Butane | B83: wof% | D83: =(D36*D45)/(D37) -> 1.6502616 | E83: =(E36*E45)/(E37) -> 1.8297156 | F83: =(F36*F45)/(F37) -> 1.8185261 | G83: =(G36*G45)/(G37) -> 1.8217933 | H83: =(H36*H45)/(H37) -> 1.8223816 | I83: =(I36*I45)/(I37) -> 1.7350431 | J83: =(J36*J45)/(J37) -> 1.7294492 | K83: =(K36*K45)/(K37) -> 1.7246254 | ... N83: =(N36*N45)/(N37) -> 1.6181262
A84: iso-Butane | B84: wof% | D84: =(D36*D46)/(D37) -> 0.55047154 | E84: =(E36*E46)/(E37) -> 1.0620331 | F84: =(F36*F46)/(F37) -> 1.1091567 | G84: =(G36*G46)/(G37) -> 1.1335635 | H84: =(H36*H46)/(H37) -> 1.1405697 | I84: =(I36*I46)/(I37) -> 0.86935499 | J84: =(J36*J46)/(J37) -> 0.8576756 | K84: =(K36*K46)/(K37) -> 0.86070651 | ... N84: =(N36*N46)/(N37) -> 0.52663628
A85: n-Pentane | B85: wof% | D85: =(D36*D47)/(D37) -> 12.505033 | E85: =(E36*E47)/(E37) -> 12.907661 | F85: =(F36*F47)/(F37) -> 12.841764 | G85: =(G36*G47)/(G37) -> 12.836748 | H85: =(H36*H47)/(H37) -> 12.879674 | I85: =(I36*I47)/(I37) -> 12.845071 | J85: =(J36*J47)/(J37) -> 12.860367 | K85: =(K36*K47)/(K37) -> 12.850442 | ... N85: =(N36*N47)/(N37) -> 12.812772
A86: iso-Pentane | B86: wof% | D86: =(D36*D48)/(D37) -> 7.5704449 | E86: =(E36*E48)/(E37) -> 8.0389996 | F86: =(F36*F48)/(F37) -> 7.9823071 | G86: =(G36*G48)/(G37) -> 7.9880244 | H86: =(H36*H48)/(H37) -> 8.0129587 | I86: =(I36*I48)/(I37) -> 7.8416835 | J86: =(J36*J48)/(J37) -> 7.8373408 | K86: =(K36*K48)/(K37) -> 7.8320323 | ... N86: =(N36*N48)/(N37) -> 7.625553
A87: Cyclopentane | B87: wof% | D87: =(D36*D49)/(D37) -> 0 | E87: =(E36*E49)/(E37) -> 0 | F87: =(F36*F49)/(F37) -> 0 | G87: =(G36*G49)/(G37) -> 0 | H87: =(H36*H49)/(H37) -> 0 | I87: =(I36*I49)/(I37) -> 0 | J87: =(J36*J49)/(J37) -> 0 | K87: =(K36*K49)/(K37) -> 0 | ... N87: =(N36*N49)/(N37) -> 0
A88: n-Hexane | B88: wof% | D88: =(D36*D50)/(D37) -> 17.347406 | E88: =(E36*E50)/(E37) -> 17.506176 | F88: =(F36*F50)/(F37) -> 17.478424 | G88: =(G36*G50)/(G37) -> 17.435555 | H88: =(H36*H50)/(H37) -> 17.509641 | I88: =(I36*I50)/(I37) -> 17.608004 | J88: =(J36*J50)/(J37) -> 17.62665 | K88: =(K36*K50)/(K37) -> 17.628898 | ... N88: =(N36*N50)/(N37) -> 17.758209
A89: 2-Methyl Pentane | B89: wof% | D89: =(D36*D51)/(D37) -> 7.7491803 | E89: =(E36*E51)/(E37) -> 7.7639683 | F89: =(F36*F51)/(F37) -> 7.6728573 | G89: =(G36*G51)/(G37) -> 7.6513068 | H89: =(H36*H51)/(H37) -> 7.6650232 | I89: =(I36*I51)/(I37) -> 7.7441289 | J89: =(J36*J51)/(J37) -> 7.7434393 | K89: =(K36*K51)/(K37) -> 7.7346953 | ... N89: =(N36*N51)/(N37) -> 7.8668412
A90: 3-Methyl Pentane | B90: wof% | D90: =(D36*D52)/(D37) -> 3.7302294 | E90: =(E36*E52)/(E37) -> 3.9854107 | F90: =(F36*F52)/(F37) -> 3.9493169 | G90: =(G36*G52)/(G37) -> 3.9401832 | H90: =(H36*H52)/(H37) -> 3.9577607 | I90: =(I36*I52)/(I37) -> 3.8954408 | J90: =(J36*J52)/(J37) -> 3.906462 | K90: =(K36*K52)/(K37) -> 3.9081208 | ... N90: =(N36*N52)/(N37) -> 3.8150131
A91: 2,3-Dimethyl Butane | B91: wof% | D91: =(D36*D53)/(D37) -> 0.81129486 | E91: =(E36*E53)/(E37) -> 1.0265181 | F91: =(F36*F53)/(F37) -> 1.0531582 | G91: =(G36*G53)/(G37) -> 1.0626208 | H91: =(H36*H53)/(H37) -> 1.0768857 | I91: =(I36*I53)/(I37) -> 0.98105658 | J91: =(J36*J53)/(J37) -> 0.98773053 | K91: =(K36*K53)/(K37) -> 0.99239898 | ... N91: =(N36*N53)/(N37) -> 0.85790097
A92: 2,2-Dimethyl Butane | B92: wof% | D92: =(D36*D54)/(D37) -> 0.038853565 | E92: =(E36*E54)/(E37) -> 0.081244418 | F92: =(F36*F54)/(F37) -> 0.075204417 | G92: =(G36*G54)/(G37) -> 0.073614769 | H92: =(H36*H54)/(H37) -> 0.073522119 | I92: =(I36*I54)/(I37) -> 0.058925561 | J92: =(J36*J54)/(J37) -> 0.057889394 | K92: =(K36*K54)/(K37) -> 0.058335779 | ... N92: =(N36*N54)/(N37) -> 0.036624792
A93: Cyclohexane | B93: wof% | D93: =(D36*D55)/(D37) -> 0.35359947 | E93: =(E36*E55)/(E37) -> 0.33550895 | F93: =(F36*F55)/(F37) -> 0.3347993 | G93: =(G36*G55)/(G37) -> 0.33372623 | H93: =(H36*H55)/(H37) -> 0.3355117 | I93: =(I36*I55)/(I37) -> 0.34173882 | J93: =(J36*J55)/(J37) -> 0.34242115 | K93: =(K36*K55)/(K37) -> 0.3421984 | ... N93: =(N36*N55)/(N37) -> 0.35265801
A94: Methyl Cyclopentane | B94: wof% | D94: =(D36*D56)/(D37) -> 0.6676878 | E94: =(E36*E56)/(E37) -> 0.67696909 | F94: =(F36*F56)/(F37) -> 0.67568413 | G94: =(G36*G56)/(G37) -> 0.67290559 | H94: =(H36*H56)/(H37) -> 0.67614974 | I94: =(I36*I56)/(I37) -> 0.67650424 | J94: =(J36*J56)/(J37) -> 0.6777648 | K94: =(K36*K56)/(K37) -> 0.67960672 | ... N94: =(N36*N56)/(N37) -> 0.68050645
A95: Benzene | B95: wof% | D95: =(D36*D57)/(D37) -> 0 | E95: =(E36*E57)/(E37) -> 0 | F95: =(F36*F57)/(F37) -> 0 | G95: =(G36*G57)/(G37) -> 0 | H95: =(H36*H57)/(H37) -> 0 | I95: =(I36*I57)/(I37) -> 0 | J95: =(J36*J57)/(J37) -> 0 | K95: =(K36*K57)/(K37) -> 0 | ... N95: =(N36*N57)/(N37) -> 0
A96: n-Heptane | B96: wof% | D96: =(D36*D58)/(D37) -> 15.884791 | E96: =(E36*E58)/(E37) -> 15.197547 | F96: =(F36*F58)/(F37) -> 15.279416 | G96: =(G36*G58)/(G37) -> 15.225834 | H96: =(H36*H58)/(H37) -> 15.272743 | I96: =(I36*I58)/(I37) -> 15.549245 | J96: =(J36*J58)/(J37) -> 15.533413 | K96: =(K36*K58)/(K37) -> 15.533833 | ... N96: =(N36*N58)/(N37) -> 15.890403
A97: iC7 Single Branched | B97: wof% | D97: =(D36*D59)/(D37) -> 13.519374 | E97: =(E36*E59)/(E37) -> 13.157734 | F97: =(F36*F59)/(F37) -> 12.890451 | G97: =(G36*G59)/(G37) -> 12.776504 | H97: =(H36*H59)/(H37) -> 12.786335 | I97: =(I36*I59)/(I37) -> 13.028121 | J97: =(J36*J59)/(J37) -> 13.004362 | K97: =(K36*K59)/(K37) -> 12.983925 | ... N97: =(N36*N59)/(N37) -> 13.371087
A98: iC7 Multi Branched | B98: wof% | D98: =(D36*D60)/(D37) -> 1.3307166 | E98: =(E36*E60)/(E37) -> 2.0569412 | F98: =(F36*F60)/(F37) -> 2.3218436 | G98: =(G36*G60)/(G37) -> 2.3312011 | H98: =(H36*H60)/(H37) -> 2.378695 | I98: =(I36*I60)/(I37) -> 2.0779231 | J98: =(J36*J60)/(J37) -> 2.0985366 | K98: =(K36*K60)/(K37) -> 2.1239904 | ... N98: =(N36*N60)/(N37) -> 1.6391671
A99: C7N | B99: wof% | D99: =(D36*D61)/(D37) -> 1.1412309 | E99: =(E36*E61)/(E37) -> 1.0964154 | F99: =(F36*F61)/(F37) -> 1.0918595 | G99: =(G36*G61)/(G37) -> 1.0884098 | H99: =(H36*H61)/(H37) -> 1.0916808 | I99: =(I36*I61)/(I37) -> 1.1007917 | J99: =(J36*J61)/(J37) -> 1.1012619 | K99: =(K36*K61)/(K37) -> 1.0981009 | ... N99: =(N36*N61)/(N37) -> 1.1122406
A100: Toluene | B100: wof% | D100: =(D36*D62)/(D37) -> 0 | E100: =(E36*E62)/(E37) -> 0 | F100: =(F36*F62)/(F37) -> 0 | G100: =(G36*G62)/(G37) -> 0 | H100: =(H36*H62)/(H37) -> 0 | I100: =(I36*I62)/(I37) -> 0 | J100: =(J36*J62)/(J37) -> 0 | K100: =(K36*K62)/(K37) -> 0 | ... N100: =(N36*N62)/(N37) -> 0
A101: C8P | B101: wof% | D101: =(D36*SUM(D63,D64,D65,D66,D67,D68,D69,D70,D71,D77))/(D37) -> 14.801007 | E101: =(E36*SUM(E63,E64,E65,E66,E67,E68,E69,E70,E71,E77))/(E37) -> 12.91627 | F101: =(F36*SUM(F63,F64,F65,F66,F67,F68,F69,F70,F71,F77))/(F37) -> 13.100871 | G101: =(G36*SUM(G63,G64,G65,G66,G67,G68,G69,G70,G71,G77))/(G37) -> 13.301204 | H101: =(H36*SUM(H63,H64,H65,H66,H67,H68,H69,H70,H71,H77))/(H37) -> 13.002221 | I101: =(I36*SUM(I63,I64,I65,I66,I67,I68,I69,I70,I71,I77))/(I37) -> 13.415833 | J101: =(J36*SUM(J63,J64,J65,J66,J67,J68,J69,J70,J71,J77))/(J37) -> 13.408732 | K101: =(K36*SUM(K63,K64,K65,K66,K67,K68,K69,K70,K71,K77))/(K37) -> 13.421355 | ... N101: =(N36*SUM(N63,N64,N65,N66,N67,N68,N69,N70,N71,N77))/(N37) -> 13.912914
A102: C3 & Below | B102: wof% | D102: =(D36*D72)/(D37) -> 0.039460089 | E102: =(E36*E72)/(E37) -> 0.056460867 | F102: =(F36*F72)/(F37) -> 0.017914111 | G102: =(G36*G72)/(G37) -> 0.018343625 | H102: =(H36*H72)/(H37) -> 0.017229634 | I102: =(I36*I72)/(I37) -> 0.012639419 | J102: =(J36*J72)/(J37) -> 0.012733504 | K102: =(K36*K72)/(K37) -> 0.01233206 | ... N102: =(N36*N72)/(N37) -> 0.007760372
A103: C4-C5 Unknowns | B103: wof% | D103: =(D36*D73)/(D37) -> 0 | E103: =(E36*E73)/(E37) -> 0.0026587217 | F103: =(F36*F73)/(F37) -> 0.0033647164 | G103: =(G36*G73)/(G37) -> 0.0030354129 | H103: =(H36*H73)/(H37) -> 0.0033437808 | I103: =(I36*I73)/(I37) -> 0.0027549249 | J103: =(J36*J73)/(J37) -> 0.0024255724 | K103: =(K36*K73)/(K37) -> 0.0022854203 | ... N103: =(N36*N73)/(N37) -> 0.002730594
...

Sheet Reactor2
A1: Light Naphtha (<120 oC)
A2: Carbon_Online DHA | B2: wt% | D2: =Reactor1!D2 -> 83.84
A3: Hydrogen_Online DHA | B3: wt% | D3: =Reactor1!D3 -> 16.16
A4: Total_Online DHA | B4: wt% | D4: =Reactor1!D4 -> 100
A5: RON_Online DHA | B5: -- | D5: =Reactor1!D5 -> 0
A6: Molecular Weight_Online DHA | B6: -- | D6: =Reactor1!D6 -> 89 | F6: Feed Cut-In | G6: 46247
A7: Density_Online DHA | B7: g/ml | D7: =Reactor1!D7 -> 0.665 | G7: 0.66666667
A8: n-Hexane | B8: wt% | D8: =Reactor1!D8 -> 17.808795
A9: 2-Methyl Pentane | B9: wt% | D9: =Reactor1!D9 -> 8.0247838
A10: 3-Methyl Pentane | B10: wt% | D10: =Reactor1!D10 -> 3.688351
A11: 2,3-Dimethyl Butane | B11: wt% | D11: =Reactor1!D11 -> 0.72080225
A12: 2,2-Dimethyl Butane | B12: wt% | D12: =Reactor1!D12 -> 0.016720375
A13: n-Heptane | B13: wt% | D13: =Reactor1!D13 -> 16.071278
A14: iC7 Single Branched | B14: wt% | D14: =Reactor1!D14 -> 13.769736
A15: iC7 Multi Branched | B15: wt% | D15: =Reactor1!D15 -> 0.99247038
A17: Catalyst Performance (ATHOS-1) | N17: No Liquid Feed
A19: Date | B19: -- | D19: {=TRANSPOSE(_xlfn._xlws.FILTER('Raw Data'!AU2:AU505,('Raw Data'!B2:B505=2)*('Raw Data'!AU2:AU505<>"")))} -> 46248 | E19: 46251 | F19: 46252 | G19: 46253 | H19: 46253 | I19: 46254 | J19: 46255 | K19: 46256 | L19: 46256 | M19: 46257 | N19: 46258
A20: Injection Time | B20: -- | D20: {=TRANSPOSE(_xlfn._xlws.FILTER('Raw Data'!AV2:AV505,('Raw Data'!B2:B505=2)*('Raw Data'!AV2:AV505<>"")))} -> 0.98664352 | E20: 0.67476852 | F20: 0.56189815 | G20: 0.25092593 | H20: 0.93994213 | I20: 0.62894676 | J20: 0.31797454 | K20: 0.0070023148 | L20: 0.69600694 | M20: 0.38503472 | N20: 0.074050926
A21: Duration | B21: hrs | D21: =((D19+D20)-(G6+G7))*24 -> 31.679444 | E21: =((E19+E20)-(D19+D20))*24 -> 64.515 | F21: =((F19+F20)-(E19+E20))*24 -> 21.291111 | G21: =((G19+G20)-(F19+F20))*24 -> 16.536667 | H21: =((H19+H20)-(G19+G20))*24 -> 16.536389 | I21: =((I19+I20)-(H19+H20))*24 -> 16.536111 | J21: =((J19+J20)-(I19+I20))*24 -> 16.536667 | K21: =((K19+K20)-(J19+J20))*24 -> 16.536667 | L21: =((L19+L20)-(K19+K20))*24 -> 16.536111 | ... N21: =((N19+N20)-(M19+M20))*24 -> 16.536389
A22: Run length | B22: hr | D22: =D21 -> 31.679444 | E22: =E21+D22-40 -> 56.194444 | F22: =F21+E22 -> 77.485556 | G22: =G21+F22 -> 94.022222 | H22: =H21+G22 -> 110.55861 | I22: =I21+H22 -> 127.09472 | J22: =J21+I22 -> 143.63139 | K22: =K21+J22 -> 160.16806 | L22: =L21+K22 -> 176.70417 | M22: =M21+L22 -> 193.24083 | N22: =N21+M22 -> 209.77722
A23: Pressure | B23: barg | D23: {=TRANSPOSE(_xlfn._xlws.FILTER('Raw Data'!E2:E505,('Raw Data'!B2:B505=2)*('Raw Data'!E2:E505<>"")))} -> 25.0246 | E23: 25.0796 | F23: 25.1562 | G23: 25.2402 | H23: 25.2633 | I23: 25.1273 | J23: 25.2185 | K23: 25.272 | L23: 25.2778 | M23: 25.1027 | N23: 25.2691
A24: Temperature | B24: oC | D24: {=TRANSPOSE(_xlfn._xlws.FILTER('Raw Data'!C2:C505,('Raw Data'!B2:B505=2)*('Raw Data'!C2:C505<>"")))} -> 210 | E24: 220 | F24: 220 | G24: 220 | H24: 215 | I24: 215 | J24: 215 | K24: 210 | L24: 205 | M24: 205 | N24: 200
A25: LHSV | B25: h-1 | D25: =D37/$D$7*(1/2) -> 1.5352791 | E25: =E37/$D$7*(1/2) -> 1.5846389 | F25: =F37/$D$7*(1/2) -> 1.5083086 | G25: =G37/$D$7*(1/2) -> 1.5007846 | H25: =H37/$D$7*(1/2) -> 1.4787859 | I25: =I37/$D$7*(1/2) -> 1.5252896 | J25: =J37/$D$7*(1/2) -> 1.4920342 | K25: =K37/$D$7*(1/2) -> 1.4794855 | ... M25: =M37/$D$7*(1/2) -> 1.4376492
A26: H2/Naphtha | B26: mol. Basis | D26: =(D35/2)/(D37/$D$6) -> 3.7708691 | E26: =(E35/2)/(E37/$D$6) -> 2.9556654 | F26: =(F35/2)/(F37/$D$6) -> 3.0613282 | G26: =(G35/2)/(G37/$D$6) -> 3.062694 | H26: =(H35/2)/(H37/$D$6) -> 3.1941498 | I26: =(I35/2)/(I37/$D$6) -> 3.1196857 | J26: =(J35/2)/(J37/$D$6) -> 3.1364181 | K26: =(K35/2)/(K37/$D$6) -> 3.231378 | ... M26: =(M35/2)/(M37/$D$6) -> 4.0655255
A27: N2 (Rx effluent) | B27: NLPH | D27: 3.2 | E27: 3.2 | F27: 3.2 | G27: 3.2 | H27: 3.2 | I27: 3.2 | J27: 3.2 | K27: 3.2 | L27: 3.2 | M27: 3.2 | N27: 3.2
A28: H2 (Rx effluent) | B28: % vol | D28: {=TRANSPOSE(_xlfn._xlws.FILTER('Raw Data'!AJ2:AJ505,('Raw Data'!B2:B505=2)*('Raw Data'!AJ2:AJ505<>"")))} -> 35.565789 | E28: 30.608519 | F28: 30.327757 | G28: 30.237467 | H28: 30.963597 | I28: 31.015245 | J28: 30.733318 | K28: 31.303788 | L28: 35.638118 | M28: 35.952206 | N28: 35.933029
A29: N2 (Rx effluent) | B29: % vol | D29: {=TRANSPOSE(_xlfn._xlws.FILTER('Raw Data'!AN2:AN505,('Raw Data'!B2:B505=2)*('Raw Data'!AN2:AN505<>"")))} -> 54.719108 | E29: 58.215472 | F29: 58.508893 | G29: 58.601011 | H29: 58.394575 | I29: 58.062233 | J29: 58.503036 | K29: 58.328404 | L29: 54.758921 | M29: 54.794579 | N29: 65.305843
A30: Naphtha (Rx effluent) | B30: % vol | D30: =100-D29-D28 -> 9.715103 | E30: =100-E29-E28 -> 11.176009 | F30: =100-F29-F28 -> 11.16335 | G30: =100-G29-G28 -> 11.161522 | H30: =100-H29-H28 -> 10.641828 | I30: =100-I29-I28 -> 10.922522 | J30: =100-J29-J28 -> 10.763646 | K30: =100-K29-K28 -> 10.367808 | ... M30: =100-M29-M28 -> 9.253215
A31: Total | B31: % vol | D31: =SUM(D28:D30) -> 100 | E31: =SUM(E28:E30) -> 100 | F31: =SUM(F28:F30) -> 100 | G31: =SUM(G28:G30) -> 100 | H31: =SUM(H28:H30) -> 100 | I31: =SUM(I28:I30) -> 100 | J31: =SUM(J28:J30) -> 100 | K31: =SUM(K28:K30) -> 100 | ... N31: =SUM(N28:N30) -> 101.23887
A32: Mol. Weight | B32: -- | D32: {=TRANSPOSE(_xlfn._xlws.FILTER('Raw Data'!CP2:CP505,('Raw Data'!B2:B505=2)*('Raw Data'!CP2:CP505<>"")))} -> 86.532341 | E32: 82.848114 | F32: 79.277275 | G32: 79.024895 | H32: 81.318886 | I32: 81.257027 | J32: 81.26992 | K32: 83.360016 | L32: 85.279663 | M32: 85.215157 | N32: 63.422665
A33: Carbon_Naphtha (Rx effluent) | B33: wt% | D33: =SUMPRODUCT($C$42:$C$77,D42:D77) -> 83.715602 | E33: =SUMPRODUCT($C$42:$C$77,E42:E77) -> 83.456268 | F33: =SUMPRODUCT($C$42:$C$77,F42:F77) -> 83.527296 | G33: =SUMPRODUCT($C$42:$C$77,G42:G77) -> 83.521008 | H33: =SUMPRODUCT($C$42:$C$77,H42:H77) -> 83.58527 | I33: =SUMPRODUCT($C$42:$C$77,I42:I77) -> 83.583739 | J33: =SUMPRODUCT($C$42:$C$77,J42:J77) -> 83.584843 | K33: =SUMPRODUCT($C$42:$C$77,K42:K77) -> 83.63839 | ... M33: =SUMPRODUCT($C$42:$C$77,M42:M77) -> 83.683653
A34: Hydrogen_Naphtha (Rx effluent) | B34: wt% | D34: =100-D33 -> 16.284398 | E34: =100-E33 -> 16.543732 | F34: =100-F33 -> 16.472704 | G34: =100-G33 -> 16.478992 | H34: =100-H33 -> 16.41473 | I34: =100-I33 -> 16.416261 | J34: =100-J33 -> 16.415157 | K34: =100-K33 -> 16.36161 | ... M34: =100-M33 -> 16.316347
A35: H2 (Rx effluent) | B35: gms/hr | D35: =(D27/(D29/100))*(D28/100)*(273/293)*(2/22.4) -> 0.17302961 | E35: =(E27/(E29/100))*(E28/100)*(0.0416)*2 -> 0.13998361 | F35: =(F27/(F29/100))*(F28/100)*(0.0416)*2 -> 0.13800401 | G35: =(G27/(G29/100))*(G28/100)*(0.0416)*2 -> 0.13737687 | H35: =(H27/(H29/100))*(H28/100)*(0.0416)*2 -> 0.14117318 | I35: =(I27/(I29/100))*(I28/100)*(0.0416)*2 -> 0.14221807 | J35: =(J27/(J29/100))*(J28/100)*(0.0416)*2 -> 0.13986349 | K35: =(K27/(K29/100))*(K28/100)*(0.0416)*2 -> 0.14288614 | L35: =(L27/(L29/100))*(L28/100)*(0.0416)*2 -> 0.17327391 | ... N35: =(N27/(N29/100))*(N28/100)*(0.0416)*2 -> 0.1464924
A36: Naphtha (Rx effluent) | B36: gms/hr | D36: =(D27/(D29/100))*(D30/100)*(273/293)*(D32/22.4) -> 2.0449554 | E36: =(E27/(E29/100))*(E30/100)*(0.0416)*(E32) -> 2.1172603 | F36: =(F27/(F29/100))*(F30/100)*(0.0416)*(F32) -> 2.0135605 | G36: =(G27/(G29/100))*(G30/100)*(0.0416)*(G32) -> 2.003667 | H36: =(H27/(H29/100))*(H30/100)*(0.0416)*(H32) -> 1.9727791 | I36: =(I27/(I29/100))*(I30/100)*(0.0416)*(I32) -> 2.0348548 | J36: =(J27/(J29/100))*(J30/100)*(0.0416)*(J32) -> 1.9904632 | K36: =(K27/(K29/100))*(K30/100)*(0.0416)*(K32) -> 1.9724588 | L36: =(L27/(L29/100))*(L30/100)*(0.0416)*(L32) -> 1.9908524 | M36: =(M27/(M29/100))*(M30/100)*(0.0416)*(M32) -> 1.9156458
A37: Naphtha (Feed Rate) | B37: gms/hr | D37: =(D36*D33)/($D$2) -> 2.0419212 | E37: =(E36*E33)/($D$2) -> 2.1075697 | F37: =(F36*F33)/($D$2) -> 2.0060504 | G37: =(G36*G33)/($D$2) -> 1.9960435 | H37: =(H36*H33)/($D$2) -> 1.9667852 | I37: =(I36*I33)/($D$2) -> 2.0286352 | J37: =(J36*J33)/($D$2) -> 1.9844054 | K37: =(K36*K33)/($D$2) -> 1.9677157 | ... M37: =(M36*M33)/($D$2) -> 1.9120735
A38: Naphtha/H2 (Rx effluent) | B38: mass basis | D38: =D36/D35 -> 11.818529 | E38: =(E30*E32)/(E28*2) -> 15.125058 | F38: =(F30*F32)/(F28*2) -> 14.590594 | G38: =(G30*G32)/(G28*2) -> 14.585185 | H38: =(H30*H32)/(H28*2) -> 13.974177 | I38: =(I30*I32)/(I28*2) -> 14.307991 | J38: =(J30*J32)/(J28*2) -> 14.231471 | K38: =(K30*K32)/(K28*2) -> 13.80441 | L38: =(L30*L32)/(L28*2) -> 11.489626 | M38: =(M30*M32)/(M28*2) -> 10.966144
A39: Estimated RON | B39: -- | D39: {=TRANSPOSE(_xlfn._xlws.FILTER('Raw Data'!CO2:CO505,('Raw Data'!B2:B505=2)*('Raw Data'!CO2:CO505<>"")))} -> 47.755909 | E39: 54.669144 | F39: 58.715191 | G39: 58.837646 | H39: 54.550499 | I39: 54.661957 | J39: 54.634132 | K39: 50.890472 | L39: 47.52066 | M39: 47.628494 | N39: 84.516464
A40: Specific Gravity (Online DHA) | B40: -- | D40: {=TRANSPOSE(_xlfn._xlws.FILTER('Raw Data'!CQ2:CQ506,('Raw Data'!B2:B506=2)*('Raw Data'!CQ2:CQ506<>"")))} -> 0.666729 | E40: 0.648528 | F40: 0.640353 | G40: 0.631291 | H40: 0.608504 | I40: 0.608038 | J40: 0.612968 | K40: 0.650303 | L40: 0.655202 | M40: 0.655515 | N40: 0.581504
C41: Carbon, wt%
A42: Methane | B42: wt% | C42: =Reactor1!C42 -> 0.749 | D42: {=TRANSPOSE(_xlfn._xlws.FILTER('Raw Data'!BB2:BB505,('Raw Data'!B2:B505=2)*('Raw Data'!BB2:BB505<>"")))} -> 0 | E42: 0 | F42: 0 | G42: 0 | H42: 0 | I42: 0 | J42: 0 | K42: 0 | L42: 0 | M42: 0 | N42: 0
A43: Ethane | B43: wt% | C43: =Reactor1!C43 -> 0.799 | D43: {=TRANSPOSE(_xlfn._xlws.FILTER('Raw Data'!BC2:BC505,('Raw Data'!B2:B505=2)*('Raw Data'!BC2:BC505<>"")))} -> 0 | E43: 0 | F43: 0 | G43: 0 | H43: 0 | I43: 0 | J43: 0 | K43: 0 | L43: 0 | M43: 0 | N43: 0
A44: Propane | B44: wt% | C44: =Reactor1!C44 -> 0.817 | D44: {=TRANSPOSE(_xlfn._xlws.FILTER('Raw Data'!BD2:BD505,('Raw Data'!B2:B505=2)*('Raw Data'!BD2:BD505<>"")))} -> 0.964969 | E44: 2.675393 | F44: 3.812616 | G44: 3.970956 | H44: 2.807613 | I44: 2.837811 | J44: 2.82707 | K44: 1.911318 | L44: 1.160245 | M44: 1.182823 | N44: 16.925957
A45: n-Butane | B45: wt% | C45: =Reactor1!C45 -> 0.826 | D45: {=TRANSPOSE(_xlfn._xlws.FILTER('Raw Data'!BE2:BE505,('Raw Data'!B2:B505=2)*('Raw Data'!BE2:BE505<>"")))} -> 2.131811 | E45: 2.798299 | F45: 3.164127 | G45: 3.189907 | H45: 2.840911 | I45: 2.848259 | J45: 2.839431 | K45: 2.496132 | L45: 2.19203 | M45: 2.20309 | N45: 5.620364
A46: iso-Butane | B46: wt% | C46: =Reactor1!C46 -> 0.826 | D46: {=TRANSPOSE(_xlfn._xlws.FILTER('Raw Data'!BF2:BF505,('Raw Data'!B2:B505=2)*('Raw Data'!BF2:BF505<>"")))} -> 2.8011 | E46: 6.216341 | F46: 8.310115 | G46: 8.576976 | H46: 6.538784 | I46: 6.59547 | J46: 6.571963 | K46: 4.817657 | L46: 3.215246 | M46: 3.268278 | N46: 30.401775
A47: n-Pentane | B47: wt% | C47: =Reactor1!C47 -> 0.833 | D47: {=TRANSPOSE(_xlfn._xlws.FILTER('Raw Data'!BG2:BG505,('Raw Data'!B2:B505=2)*('Raw Data'!BG2:BG505<>"")))} -> 12.247929 | E47: 12.047641 | F47: 12.63098 | G47: 12.65209 | H47: 12.674299 | I47: 12.6809 | J47: 12.684281 | K47: 12.689608 | L47: 12.742856 | M47: 12.750721 | N47: 8.593878
A48: iso-Pentane | B48: wt% | C48: =Reactor1!C48 -> 0.833 | D48: {=TRANSPOSE(_xlfn._xlws.FILTER('Raw Data'!BH2:BH505,('Raw Data'!B2:B505=2)*('Raw Data'!BH2:BH505<>"")))} -> 8.297296 | E48: 9.180503 | F48: 9.845032 | G48: 9.869136 | H48: 9.361141 | I48: 9.373085 | J48: 9.364015 | K48: 8.878201 | L48: 8.443713 | M48: 8.464501 | N48: 10.10393
A49: Cyclopentane | B49: wt% | C49: =Reactor1!C49 -> 0.857 | D49: {=TRANSPOSE(_xlfn._xlws.FILTER('Raw Data'!BI2:BI505,('Raw Data'!B2:B505=2)*('Raw Data'!BI2:BI505<>"")))} -> 0 | E49: 0 | F49: 0 | G49: 0 | H49: 0 | I49: 0 | J49: 0 | K49: 0 | L49: 0 | M49: 0 | N49: 0
A50: n-Hexane | B50: wt% | C50: =Reactor1!C50 -> 0.837 | D50: {=TRANSPOSE(_xlfn._xlws.FILTER('Raw Data'!BJ2:BJ505,('Raw Data'!B2:B505=2)*('Raw Data'!BJ2:BJ505<>"")))} -> 15.944094 | E50: 14.33091 | F50: 15.327868 | G50: 15.449664 | H50: 16.159931 | I50: 16.144863 | J50: 16.188631 | K50: 16.714819 | L50: 17.141283 | M50: 17.114016 | N50: 8.811566
A51: 2-Methyl Pentane | B51: wt% | C51: =Reactor1!C51 -> 0.837 | D51: {=TRANSPOSE(_xlfn._xlws.FILTER('Raw Data'!BK2:BK505,('Raw Data'!B2:B505=2)*('Raw Data'!BK2:BK505<>"")))} -> 7.95385 | E51: 8.065376 | F51: 8.075448 | G51: 7.975151 | H51: 7.813263 | I51: 7.813927 | J51: 7.824262 | K51: 7.759078 | L51: 7.809134 | M51: 7.80356 | N51: 6.428466
A52: 3-Methyl Pentane | B52: wt% | C52: =Reactor1!C52 -> 0.837 | D52: {=TRANSPOSE(_xlfn._xlws.FILTER('Raw Data'!BL2:BL505,('Raw Data'!B2:B505=2)*('Raw Data'!BL2:BL505<>"")))} -> 4.285481 | E52: 4.715255 | F52: 4.740813 | G52: 4.664421 | H52: 4.430535 | I52: 4.433902 | J52: 4.440717 | K52: 4.248241 | L52: 4.074545 | M52: 4.076202 | N52: 3.864878
A53: 2,3-Dimethyl Butane | B53: wt% | C53: =Reactor1!C53 -> 0.837 | D53: {=TRANSPOSE(_xlfn._xlws.FILTER('Raw Data'!BM2:BM505,('Raw Data'!B2:B505=2)*('Raw Data'!BM2:BM505<>"")))} -> 1.14805 | E53: 1.620711 | F53: 1.925304 | G53: 1.963517 | H53: 1.73219 | I53: 1.740368 | J53: 1.74538 | K53: 1.516445 | L53: 1.258886 | M53: 1.265523 | N53: 0
A54: 2,2-Dimethyl Butane | B54: wt% | C54: =Reactor1!C54 -> 0.837 | D54: {=TRANSPOSE(_xlfn._xlws.FILTER('Raw Data'!BN2:BN505,('Raw Data'!B2:B505=2)*('Raw Data'!BN2:BN505<>"")))} -> 0.125951 | E54: 0.257456 | F54: 0.2029 | G54: 0.17686 | H54: 0.122751 | I54: 0.123953 | J54: 0.124314 | K54: 0.084598 | L54: 0.054172 | M54: 0.054876 | N54: 0
A55: Cyclohexane | B55: wt% | C55: =Reactor1!C55 -> 0.857 | D55: {=TRANSPOSE(_xlfn._xlws.FILTER('Raw Data'!BO2:BO505,('Raw Data'!B2:B505=2)*('Raw Data'!BO2:BO505<>"")))} -> 0.349556 | E55: 0.322725 | F55: 0.363507 | G55: 0.372556 | H55: 0.387372 | I55: 0.387843 | J55: 0.388124 | K55: 0.394519 | L55: 0.389133 | M55: 0.388885 | N55: 0
A56: Methyl Cyclopentane | B56: wt% | C56: =Reactor1!C56 -> 0.857 | D56: {=TRANSPOSE(_xlfn._xlws.FILTER('Raw Data'!BP2:BP506,('Raw Data'!B2:B506=2)*('Raw Data'!BP2:BP506<>"")))} -> 0.666889 | E56: 0.654495 | F56: 0.648795 | G56: 0.6364 | H56: 0.63292 | I56: 0.633159 | J56: 0.632552 | K56: 0.634293 | L56: 0.644154 | M56: 0.642911 | N56: 0
A57: Benzene | B57: wt% | C57: =Reactor1!C57 -> 0.923 | D57: {=TRANSPOSE(_xlfn._xlws.FILTER('Raw Data'!BQ2:BQ505,('Raw Data'!B2:B505=2)*('Raw Data'!BQ2:BQ505<>"")))} -> 0 | E57: 0 | F57: 0 | G57: 0 | H57: 0 | I57: 0 | J57: 0 | K57: 0 | L57: 0 | M57: 0 | N57: 0
A58: n-Heptane | B58: wt% | C58: =Reactor1!C58 -> 0.839 | D58: {=TRANSPOSE(_xlfn._xlws.FILTER('Raw Data'!BR2:BR505,('Raw Data'!B2:B505=2)*('Raw Data'!BR2:BR505<>"")))} -> 11.79993 | E58: 8.509689 | F58: 9.562285 | G58: 9.875226 | H58: 11.542631 | I58: 11.513144 | J58: 11.52045 | K58: 12.888361 | L58: 13.995964 | M58: 13.959902 | N58: 4.207907
A59: iC7 Single Branched | B59: wt% | C59: =Reactor1!C59 -> 0.839 | D59: {=TRANSPOSE(_xlfn._xlws.FILTER('Raw Data'!BS2:BS505,('Raw Data'!B2:B505=2)*('Raw Data'!BS2:BS505<>"")))} -> 14.601999 | E59: 13.338917 | F59: 11.803225 | G59: 11.238345 | H59: 11.885299 | I59: 11.850049 | J59: 11.858104 | K59: 12.29231 | L59: 12.719107 | M59: 12.702547 | N59: 5.041277
A60: iC7 Multi Branched | B60: wt% | C60: =Reactor1!C60 -> 0.839 | D60: {=TRANSPOSE(_xlfn._xlws.FILTER('Raw Data'!BT2:BT505,('Raw Data'!B2:B505=2)*('Raw Data'!BT2:BT505<>"")))} -> 2.717272 | E60: 3.150783 | F60: 3.44794 | G60: 3.308863 | H60: 3.298481 | I60: 3.299205 | J60: 3.308141 | K60: 3.163306 | L60: 2.818836 | M60: 2.827352 | N60: 0
A61: C7N | B61: wt% | C61: =Reactor1!C61 -> 0.8562 | D61: {=TRANSPOSE(_xlfn._xlws.FILTER('Raw Data'!BU2:BU505,('Raw Data'!B2:B505=2)*('Raw Data'!BU2:BU505<>"")))} -> 1.120726 | E61: 1.050407 | F61: 1.070355 | G61: 1.066078 | H61: 1.087146 | I61: 1.09509 | J61: 1.085066 | K61: 1.109357 | L61: 1.111125 | M61: 1.112351 | N61: 0
A62: Toluene | B62: wt% | C62: =Reactor1!C62 -> 0.913 | D62: {=TRANSPOSE(_xlfn._xlws.FILTER('Raw Data'!BV2:BV505,('Raw Data'!B2:B505=2)*('Raw Data'!BV2:BV505<>"")))} -> 0 | E62: 0 | F62: 0 | G62: 0 | H62: 0 | I62: 0 | J62: 0 | K62: 0 | L62: 0 | M62: 0 | N62: 0
A63: C8P | B63: wt% | C63: =Reactor1!C63 -> 0.841 | D63: {=TRANSPOSE(_xlfn._xlws.FILTER('Raw Data'!BW2:BW505,('Raw Data'!B2:B505=2)*('Raw Data'!BW2:BW505<>"")))} -> 9.749968 | E63: 5.665665 | F63: 4.131979 | G63: 3.953566 | H63: 5.70729 | I63: 5.631137 | J63: 5.624889 | K63: 7.442234 | L63: 9.30434 | M63: 9.259519 | N63: 0
A64: C8N | B64: wt% | C64: =Reactor1!C64 -> 0.8563 | D64: {=TRANSPOSE(_xlfn._xlws.FILTER('Raw Data'!BX2:BX505,('Raw Data'!B2:B505=2)*('Raw Data'!BX2:BX505<>"")))} -> 0.933777 | E64: 0.820283 | F64: 0.739569 | G64: 0.737069 | H64: 0.739717 | I64: 0.736249 | J64: 0.737598 | K64: 0.715647 | L64: 0.675744 | M64: 0.67777 | N64: 0
A65: C8A | B65: wt% | C65: =Reactor1!C65 -> 0.906 | D65: {=TRANSPOSE(_xlfn._xlws.FILTER('Raw Data'!BY2:BY505,('Raw Data'!B2:B505=2)*('Raw Data'!BY2:BY505<>"")))} -> 0 | E65: 0 | F65: 0 | G65: 0 | H65: 0 | I65: 0 | J65: 0 | K65: 0 | L65: 0 | M65: 0 | N65: 0
A66: C9P | B66: wt% | C66: =Reactor1!C66 -> 0.843 | D66: {=TRANSPOSE(_xlfn._xlws.FILTER('Raw Data'!BZ2:BZ505,('Raw Data'!B2:B505=2)*('Raw Data'!BZ2:BZ505<>"")))} -> 0.119804 | E66: 0.089527 | F66: 0.088965 | G66: 0.089923 | H66: 0.092547 | I66: 0.092573 | J66: 0.093062 | K66: 0.096514 | L66: 0.102768 | M66: 0.103706 | N66: 0
A67: C9N | B67: wt% | C67: =Reactor1!C67 -> 0.857 | D67: {=TRANSPOSE(_xlfn._xlws.FILTER('Raw Data'!CA2:CA505,('Raw Data'!B2:B505=2)*('Raw Data'!CA2:CA505<>"")))} -> 0.012434 | E67: 0.001928 | F67: 0 | G67: 0 | H67: 0.002097 | I67: 0.001825 | J67: 0.001499 | K67: 0.003447 | L67: 0.006124 | M67: 0.007627 | N67: 0
A68: C9A | B68: wt% | C68: =Reactor1!C68 -> 0.9 | D68: {=TRANSPOSE(_xlfn._xlws.FILTER('Raw Data'!CB2:CB505,('Raw Data'!B2:B505=2)*('Raw Data'!CB2:CB505<>"")))} -> 0 | E68: 0 | F68: 0 | G68: 0 | H68: 0 | I68: 0 | J68: 0 | K68: 0 | L68: 0 | M68: 0 | N68: 0
A69: C10P | B69: wt% | C69: =Reactor1!C69 -> 0.844 | D69: {=TRANSPOSE(_xlfn._xlws.FILTER('Raw Data'!CC2:CC505,('Raw Data'!B2:B505=2)*('Raw Data'!CC2:CC505<>"")))} -> 0 | E69: 0 | F69: 0 | G69: 0 | H69: 0 | I69: 0 | J69: 0 | K69: 0 | L69: 0 | M69: 0 | N69: 0
A70: C10N | B70: wt% | C70: =Reactor1!C70 -> 0.8571 | D70: {=TRANSPOSE(_xlfn._xlws.FILTER('Raw Data'!CD2:CD505,('Raw Data'!B2:B505=2)*('Raw Data'!CD2:CD505<>"")))} -> 0.008718 | E70: 0 | F70: 0 | G70: 0 | H70: 0 | I70: 0 | J70: 0 | K70: 0 | L70: 0 | M70: 0 | N70: 0
A71: C10A | B71: wt% | C71: =Reactor1!C71 -> 0.896 | D71: {=TRANSPOSE(_xlfn._xlws.FILTER('Raw Data'!CE2:CE505,('Raw Data'!B2:B505=2)*('Raw Data'!CE2:CE505<>"")))} -> 0 | E71: 0 | F71: 0 | G71: 0 | H71: 0 | I71: 0 | J71: 0 | K71: 0 | L71: 0 | M71: 0 | N71: 0
A72: C3 & Below | B72: wt% | C72: =Reactor1!C72 -> 0.79 | D72: {=TRANSPOSE(_xlfn._xlws.FILTER('Raw Data'!CF2:CF505,('Raw Data'!B2:B505=2)*('Raw Data'!CF2:CF505<>"")))} -> 0.027466 | E72: 0.029753 | F72: 0.018758 | G72: 0.017981 | H72: 0.01388 | I72: 0.013565 | J72: 0.013092 | K72: 0.008741 | L72: 0.008092 | M72: 0.008031 | N72: 0
A73: C4-C5 Unknowns | B73: wt% | C73: =Reactor1!C73 -> 0.83 | D73: {=TRANSPOSE(_xlfn._xlws.FILTER('Raw Data'!CG2:CG505,('Raw Data'!B2:B505=2)*('Raw Data'!CG2:CG505<>"")))} -> 0 | E73: 0 | F73: 0 | G73: 0 | H73: 0 | I73: 0 | J73: 0 | K73: 0 | L73: 0 | M73: 0 | N73: 0
A74: C5-C6 Unknowns | B74: wt% | C74: =Reactor1!C74 -> 0.835 | D74: {=TRANSPOSE(_xlfn._xlws.FILTER('Raw Data'!CH2:CH505,('Raw Data'!B2:B505=2)*('Raw Data'!CH2:CH505<>"")))} -> 0 | E74: 0 | F74: 0 | G74: 0 | H74: 0 | I74: 0 | J74: 0 | K74: 0 | L74: 0 | M74: 0 | N74: 0
A75: C6-C7 Unknowns | B75: wt% | C75: =Reactor1!C75 -> 0.8386 | D75: {=TRANSPOSE(_xlfn._xlws.FILTER('Raw Data'!CI2:CI505,('Raw Data'!B2:B505=2)*('Raw Data'!CI2:CI505<>"")))} -> 0.654126 | E75: 0.004731 | F75: 0 | G75: 0 | H75: 0 | I75: 0.004669 | J75: 0 | K75: 0.006147 | L75: 0.007124 | M75: 0.006212 | N75: 0
A76: C7-C8 Unknowns | B76: wt% | C76: =Reactor1!C76 -> 0.8406 | D76: {=TRANSPOSE(_xlfn._xlws.FILTER('Raw Data'!CJ2:CJ505,('Raw Data'!B2:B505=2)*('Raw Data'!CJ2:CJ505<>"")))} -> 0.13954 | E76: 0.070029 | F76: 0.063911 | G76: 0.061693 | H76: 0.064676 | I76: 0.066246 | J76: 0.065943 | K76: 0.06623 | L76: 0.066949 | M76: 0.064509 | N76: 0
A77: C8 Plus | B77: wt% | C77: =Reactor1!C77 -> 0.848 | D77: {=TRANSPOSE(_xlfn._xlws.FILTER('Raw Data'!CK2:CK505,('Raw Data'!B2:B505=2)*('Raw Data'!CK2:CK505<>"")))} -> 1.196871 | E77: 4.168551 | F77: 0.023481 | G77: 0.152217 | H77: 0.064544 | I77: 0.082681 | J77: 0.062432 | K77: 0.062819 | L77: 0.056422 | M77: 0.05511 | N77: 0
A78: Total | B78: wt% | D78: =SUM(D42:D77) -> 99.999607 | E78: =SUM(E42:E77) -> 99.785368 | F78: =SUM(F42:F77) -> 99.997973 | G78: =SUM(G42:G77) -> 99.998595 | H78: =SUM(H42:H77) -> 100.00002 | I78: =SUM(I42:I77) -> 99.999973 | J78: =SUM(J42:J77) -> 100.00102 | K78: =SUM(K42:K77) -> 100.00002 | ... N78: =SUM(N42:N77) -> 99.999998
A80: Methane | B80: wof% | D80: =(D36*D42)/(D37) -> 0 | E80: =(E36*E42)/(E37) -> 0 | F80: =(F36*F42)/(F37) -> 0 | G80: =(G36*G42)/(G37) -> 0 | H80: =(H36*H42)/(H37) -> 0 | I80: =(I36*I42)/(I37) -> 0 | J80: =(J36*J42)/(J37) -> 0 | K80: =(K36*K42)/(K37) -> 0 | ... M80: =(M36*M42)/(M37) -> 0
A81: Ethane | B81: wof% | D81: =(D36*D43)/(D37) -> 0 | E81: =(E36*E43)/(E37) -> 0 | F81: =(F36*F43)/(F37) -> 0 | G81: =(G36*G43)/(G37) -> 0 | H81: =(H36*H43)/(H37) -> 0 | I81: =(I36*I43)/(I37) -> 0 | J81: =(J36*J43)/(J37) -> 0 | K81: =(K36*K43)/(K37) -> 0 | ... M81: =(M36*M43)/(M37) -> 0
A82: Propane | B82: wof% | D82: =(D36*D44)/(D37) -> 0.9664029 | E82: =(E36*E44)/(E37) -> 2.6876945 | F82: =(F36*F44)/(F37) -> 3.8268894 | G82: =(G36*G44)/(G37) -> 3.9861223 | H82: =(H36*H44)/(H37) -> 2.8161693 | I82: =(I36*I44)/(I37) -> 2.8465115 | J82: =(J36*J44)/(J37) -> 2.8357001 | K82: =(K36*K44)/(K37) -> 1.9159252 | ... M82: =(M36*M44)/(M37) -> 1.1850329
A83: n-Butane | B83: wof% | D83: =(D36*D45)/(D37) -> 2.1349788 | E83: =(E36*E45)/(E37) -> 2.8111656 | F83: =(F36*F45)/(F37) -> 3.1759726 | G83: =(G36*G45)/(G37) -> 3.2020902 | H83: =(H36*H45)/(H37) -> 2.8495688 | I83: =(I36*I45)/(I37) -> 2.8569915 | J83: =(J36*J45)/(J37) -> 2.8480988 | K83: =(K36*K45)/(K37) -> 2.5021489 | ... M83: =(M36*M45)/(M37) -> 2.207206
A84: iso-Butane | B84: wof% | D84: =(D36*D46)/(D37) -> 2.8052623 | E84: =(E36*E46)/(E37) -> 6.2449238 | F84: =(F36*F46)/(F37) -> 8.3412258 | G84: =(G36*G46)/(G37) -> 8.6097341 | H84: =(H36*H46)/(H37) -> 6.5587113 | I84: =(I36*I46)/(I37) -> 6.6156912 | J84: =(J36*J46)/(J37) -> 6.592025 | K84: =(K36*K46)/(K37) -> 4.8292699 | ... M84: =(M36*M46)/(M37) -> 3.2743841
A85: n-Pentane | B85: wof% | D85: =(D36*D47)/(D37) -> 12.266129 | E85: =(E36*E47)/(E37) -> 12.103036 | F85: =(F36*F47)/(F37) -> 12.678267 | G85: =(G36*G47)/(G37) -> 12.700412 | H85: =(H36*H47)/(H37) -> 12.712925 | I85: =(I36*I47)/(I37) -> 12.719779 | J85: =(J36*J47)/(J37) -> 12.723002 | K85: =(K36*K47)/(K37) -> 12.720196 | ... M85: =(M36*M47)/(M37) -> 12.774543
A86: iso-Pentane | B86: wof% | D86: =(D36*D48)/(D37) -> 8.3096254 | E86: =(E36*E48)/(E37) -> 9.222715 | F86: =(F36*F48)/(F37) -> 9.8818892 | G86: =(G36*G48)/(G37) -> 9.9068293 | H86: =(H36*H48)/(H37) -> 9.3896696 | I86: =(I36*I48)/(I37) -> 9.4018221 | J86: =(J36*J48)/(J37) -> 9.3926003 | K86: =(K36*K48)/(K37) -> 8.8996018 | ... M86: =(M36*M48)/(M37) -> 8.4803153
A87: Cyclopentane | B87: wof% | D87: =(D36*D49)/(D37) -> 0 | E87: =(E36*E49)/(E37) -> 0 | F87: =(F36*F49)/(F37) -> 0 | G87: =(G36*G49)/(G37) -> 0 | H87: =(H36*H49)/(H37) -> 0 | I87: =(I36*I49)/(I37) -> 0 | J87: =(J36*J49)/(J37) -> 0 | K87: =(K36*K49)/(K37) -> 0 | ... M87: =(M36*M49)/(M37) -> 0
A88: n-Hexane | B88: wof% | D88: =(D36*D50)/(D37) -> 15.967786 | E88: =(E36*E50)/(E37) -> 14.396804 | F88: =(F36*F50)/(F37) -> 15.385251 | G88: =(G36*G50)/(G37) -> 15.508671 | H88: =(H36*H50)/(H37) -> 16.209179 | I88: =(I36*I50)/(I37) -> 16.194362 | J88: =(J36*J50)/(J37) -> 16.23805 | K88: =(K36*K50)/(K37) -> 16.75511 | ... M88: =(M36*M50)/(M37) -> 17.14599
A89: 2-Methyl Pentane | B89: wof% | D89: =(D36*D51)/(D37) -> 7.9656691 | E89: =(E36*E51)/(E37) -> 8.1024606 | F89: =(F36*F51)/(F37) -> 8.1056803 | G89: =(G36*G51)/(G37) -> 8.0056106 | H89: =(H36*H51)/(H37) -> 7.8370743 | I89: =(I36*I51)/(I37) -> 7.8378839 | J89: =(J36*J51)/(J37) -> 7.8481469 | K89: =(K36*K51)/(K37) -> 7.7777812 | ... M89: =(M36*M51)/(M37) -> 7.8181394
A90: 3-Methyl Pentane | B90: wof% | D90: =(D36*D52)/(D37) -> 4.291849 | E90: =(E36*E52)/(E37) -> 4.7369358 | F90: =(F36*F52)/(F37) -> 4.7585613 | G90: =(G36*G52)/(G37) -> 4.6822359 | H90: =(H36*H52)/(H37) -> 4.4440373 | I90: =(I36*I52)/(I37) -> 4.447496 | J90: =(J36*J52)/(J37) -> 4.454273 | K90: =(K36*K52)/(K37) -> 4.2584813 | ... M90: =(M36*M52)/(M37) -> 4.0838176
A91: 2,3-Dimethyl Butane | B91: wof% | D91: =(D36*D53)/(D37) -> 1.149756 | E91: =(E36*E53)/(E37) -> 1.628163 | F91: =(F36*F53)/(F37) -> 1.9325118 | G91: =(G36*G53)/(G37) -> 1.9710163 | H91: =(H36*H53)/(H37) -> 1.7374689 | I91: =(I36*I53)/(I37) -> 1.7457038 | J91: =(J36*J53)/(J37) -> 1.7507081 | K91: =(K36*K53)/(K37) -> 1.5201004 | ... M91: =(M36*M53)/(M37) -> 1.2678874
A92: 2,2-Dimethyl Butane | B92: wof% | D92: =(D36*D54)/(D37) -> 0.12613816 | E92: =(E36*E54)/(E37) -> 0.25863978 | F92: =(F36*F54)/(F37) -> 0.2036596 | G92: =(G36*G54)/(G37) -> 0.17753548 | H92: =(H36*H54)/(H37) -> 0.12312509 | I92: =(I36*I54)/(I37) -> 0.12433303 | J92: =(J36*J54)/(J37) -> 0.12469349 | K92: =(K36*K54)/(K37) -> 0.084801923 | ... M92: =(M36*M54)/(M37) -> 0.054978525
A93: Cyclohexane | B93: wof% | D93: =(D36*D55)/(D37) -> 0.35007543 | E93: =(E36*E55)/(E37) -> 0.32420889 | F93: =(F36*F55)/(F37) -> 0.36486787 | G93: =(G36*G55)/(G37) -> 0.37397891 | H93: =(H36*H55)/(H37) -> 0.38855254 | I93: =(I36*I55)/(I37) -> 0.3890321 | J93: =(J36*J55)/(J37) -> 0.38930881 | K93: =(K36*K55)/(K37) -> 0.39546998 | ... M93: =(M36*M55)/(M37) -> 0.38961156
A94: Methyl Cyclopentane | B94: wof% | D94: =(D36*D56)/(D37) -> 0.66787997 | E94: =(E36*E56)/(E37) -> 0.65750437 | F94: =(F36*F56)/(F37) -> 0.65122391 | G94: =(G36*G56)/(G37) -> 0.63883061 | H94: =(H36*H56)/(H37) -> 0.63484886 | I94: =(I36*I56)/(I37) -> 0.63510022 | J94: =(J36*J56)/(J37) -> 0.63448297 | K94: =(K36*K56)/(K37) -> 0.63582196 | ... M94: =(M36*M56)/(M37) -> 0.64411215
A95: Benzene | B95: wof% | D95: =(D36*D57)/(D37) -> 0 | E95: =(E36*E57)/(E37) -> 0 | F95: =(F36*F57)/(F37) -> 0 | G95: =(G36*G57)/(G37) -> 0 | H95: =(H36*H57)/(H37) -> 0 | I95: =(I36*I57)/(I37) -> 0 | J95: =(J36*J57)/(J37) -> 0 | K95: =(K36*K57)/(K37) -> 0 | ... M95: =(M36*M57)/(M37) -> 0
A96: n-Heptane | B96: wof% | D96: =(D36*D58)/(D37) -> 11.817464 | E96: =(E36*E58)/(E37) -> 8.5488166 | F96: =(F36*F58)/(F37) -> 9.5980836 | G96: =(G36*G58)/(G37) -> 9.9129425 | H96: =(H36*H58)/(H37) -> 11.577808 | I96: =(I36*I58)/(I37) -> 11.548442 | J96: =(J36*J58)/(J37) -> 11.555618 | K96: =(K36*K58)/(K37) -> 12.919428 | ... M96: =(M36*M58)/(M37) -> 13.985983
A97: iC7 Single Branched | B97: wof% | D97: =(D36*D59)/(D37) -> 14.623697 | E97: =(E36*E59)/(E37) -> 13.400249 | F97: =(F36*F59)/(F37) -> 11.847413 | G97: =(G36*G59)/(G37) -> 11.281268 | H97: =(H36*H59)/(H37) -> 11.92152 | I97: =(I36*I59)/(I37) -> 11.88638 | J97: =(J36*J59)/(J37) -> 11.894303 | K97: =(K36*K59)/(K37) -> 12.321941 | ... M97: =(M36*M59)/(M37) -> 12.726279
A98: iC7 Multi Branched | B98: wof% | D98: =(D36*D60)/(D37) -> 2.7213098 | E98: =(E36*E60)/(E37) -> 3.1652703 | F98: =(F36*F60)/(F37) -> 3.4608482 | G98: =(G36*G60)/(G37) -> 3.3215006 | H98: =(H36*H60)/(H37) -> 3.3085333 | I98: =(I36*I60)/(I37) -> 3.3093201 | J98: =(J36*J60)/(J37) -> 3.3182397 | K98: =(K36*K60)/(K37) -> 3.1709311 | ... M98: =(M36*M60)/(M37) -> 2.8326344
A99: C7N | B99: wof% | D99: =(D36*D61)/(D37) -> 1.1223914 | E99: =(E36*E61)/(E37) -> 1.0552368 | F99: =(F36*F61)/(F37) -> 1.0743621 | G99: =(G36*G61)/(G37) -> 1.0701497 | H99: =(H36*H61)/(H37) -> 1.0904591 | I99: =(I36*I61)/(I37) -> 1.0984475 | J99: =(J36*J61)/(J37) -> 1.0883783 | K99: =(K36*K61)/(K37) -> 1.1120311 | ... M99: =(M36*M61)/(M37) -> 1.1144292
A100: Toluene | B100: wof% | D100: =(D36*D62)/(D37) -> 0 | E100: =(E36*E62)/(E37) -> 0 | F100: =(F36*F62)/(F37) -> 0 | G100: =(G36*G62)/(G37) -> 0 | H100: =(H36*H62)/(H37) -> 0 | I100: =(I36*I62)/(I37) -> 0 | J100: =(J36*J62)/(J37) -> 0 | K100: =(K36*K62)/(K37) -> 0 | ... M100: =(M36*M62)/(M37) -> 0
A101: C8P | B101: wof% | D101: =(D36*SUM(D63,D64,D65,D66,D67,D68,D69,D70,D71,D77))/(D37) -> 12.039436 | E101: =(E36*SUM(E63,E64,E65,E66,E67,E68,E69,E70,E71,E77))/(E37) -> 10.795364 | F101: =(F36*SUM(F63,F64,F65,F66,F67,F68,F69,F70,F71,F77))/(F37) -> 5.0026527 | G101: =(G36*SUM(G63,G64,G65,G66,G67,G68,G69,G70,G71,G77))/(G37) -> 4.9516148 | H101: =(H36*SUM(H63,H64,H65,H66,H67,H68,H69,H70,H71,H77))/(H37) -> 6.6263277 | I101: =(I36*SUM(I63,I64,I65,I66,I67,I68,I69,I70,I71,I77))/(I37) -> 6.5645298 | J101: =(J36*SUM(J63,J64,J65,J66,J67,J68,J69,J70,J71,J77))/(J37) -> 6.5393818 | K101: =(K36*SUM(K63,K64,K65,K66,K67,K68,K69,K70,K71,K77))/(K37) -> 8.3407179 | ... M101: =(M36*SUM(M63,M64,M65,M66,M67,M68,M69,M70,M71,M77))/(M37) -> 10.122609
A102: C3 & Below | B102: wof% | D102: =(D36*D72)/(D37) -> 0.027506813 | E102: =(E36*E72)/(E37) -> 0.029889804 | F102: =(F36*F72)/(F37) -> 0.018828225 | G102: =(G36*G72)/(G37) -> 0.018049675 | H102: =(H36*H72)/(H37) -> 0.0139223 | I102: =(I36*I72)/(I37) -> 0.013606589 | J102: =(J36*J72)/(J37) -> 0.013131966 | K102: =(K36*K72)/(K37) -> 0.0087620701 | ... M102: =(M36*M72)/(M37) -> 0.0080460044
A103: C4-C5 Unknowns | B103: wof% | D103: =(D36*D73)/(D37) -> 0 | E103: =(E36*E73)/(E37) -> 0 | F103: =(F36*F73)/(F37) -> 0 | G103: =(G36*G73)/(G37) -> 0 | H103: =(H36*H73)/(H37) -> 0 | I103: =(I36*I73)/(I37) -> 0 | J103: =(J36*J73)/(J37) -> 0 | K103: =(K36*K73)/(K37) -> 0 | ... M103: =(M36*M73)/(M37) -> 0
...

Sheet Reactor3
A1: Light Naphtha (<120 oC)
A2: Carbon_Online DHA | B2: wt% | D2: =Reactor1!D2 -> 83.84
A3: Hydrogen_Online DHA | B3: wt% | D3: =Reactor1!D3 -> 16.16
A4: Total_Online DHA | B4: wt% | D4: =Reactor1!D4 -> 100
A5: RON_Online DHA | B5: -- | D5: =Reactor1!D5 -> 0
A6: Molecular Weight_Online DHA | B6: -- | D6: =Reactor1!D6 -> 89 | F6: Feed Cut-In | G6: 46247
A7: Density_Online DHA | B7: g/ml | D7: =Reactor1!D7 -> 0.665 | G7: 0.66666667
A8: n-Hexane | B8: wt% | D8: =Reactor1!D8 -> 17.808795
A9: 2-Methyl Pentane | B9: wt% | D9: =Reactor1!D9 -> 8.0247838
A10: 3-Methyl Pentane | B10: wt% | D10: =Reactor1!D10 -> 3.688351
A11: 2,3-Dimethyl Butane | B11: wt% | D11: =Reactor1!D11 -> 0.72080225
A12: 2,2-Dimethyl Butane | B12: wt% | D12: =Reactor1!D12 -> 0.016720375
A13: n-Heptane | B13: wt% | D13: =Reactor1!D13 -> 16.071278
A14: iC7 Single Branched | B14: wt% | D14: =Reactor1!D14 -> 13.769736
A15: iC7 Multi Branched | B15: wt% | D15: =Reactor1!D15 -> 0.99247038
A17: Catalyst Performance (ATHOS-3)
A19: Date | B19: -- | D19: {=TRANSPOSE(_xlfn._xlws.FILTER('Raw Data'!AU2:AU505,('Raw Data'!B2:B505=3)*('Raw Data'!AU2:AU505<>"")))} -> 46251 | E19: 46252 | F19: 46253 | G19: 46254 | H19: 46254 | I19: 46255 | J19: 46256 | K19: 46256 | L19: 46257 | M19: 46258
A20: Injection Time | B20: -- | D20: {=TRANSPOSE(_xlfn._xlws.FILTER('Raw Data'!AV2:AV505,('Raw Data'!B2:B505=3)*('Raw Data'!AV2:AV505<>"")))} -> 0.76090278 | E20: 0.64803241 | F20: 0.33703704 | G20: 0.026064815 | H20: 0.71506944 | I20: 0.40409722 | J20: 0.093113426 | K20: 0.78215278 | L20: 0.47116898 | M20: 0.16017361
A21: Duration | B21: hrs | D21: =((D19+D20)-(G6+G7))*24 -> 98.261667 | E21: =((E19+E20)-(D19+D20))*24 -> 21.291111 | F21: =((F19+F20)-(E19+E20))*24 -> 16.536111 | G21: =((G19+G20)-(F19+F20))*24 -> 16.536667 | H21: =((H19+H20)-(G19+G20))*24 -> 16.536111 | I21: =((I19+I20)-(H19+H20))*24 -> 16.536667 | J21: =((J19+J20)-(I19+I20))*24 -> 16.536389 | K21: =((K19+K20)-(J19+J20))*24 -> 16.536944 | L21: =((L19+L20)-(K19+K20))*24 -> 16.536389 | M21: =((M19+M20)-(L19+L20))*24 -> 16.536111
A22: Run length | B22: hr | D22: =D21-40 -> 58.261667 | E22: =E21+D22 -> 79.552778 | F22: =F21+E22 -> 96.088889 | G22: =G21+F22 -> 112.62556 | H22: =H21+G22 -> 129.16167 | I22: =I21+H22 -> 145.69833 | J22: =J21+I22 -> 162.23472 | K22: =K21+J22 -> 178.77167 | L22: =L21+K22 -> 195.30806 | M22: =M21+L22 -> 211.84417
A23: Pressure | B23: barg | D23: {=TRANSPOSE(_xlfn._xlws.FILTER('Raw Data'!E2:E505,('Raw Data'!B2:B505=3)*('Raw Data'!E2:E505<>"")))} -> 25.2922 | E23: 25.1259 | F23: 25.2416 | G23: 25.3805 | H23: 25.2894 | I23: 25.2604 | J23: 25.2214 | K23: 25.0911 | L23: 25.2358 | M23: 25.0955
A24: Temperature | B24: oC | D24: {=TRANSPOSE(_xlfn._xlws.FILTER('Raw Data'!C2:C505,('Raw Data'!B2:B505=3)*('Raw Data'!C2:C505<>"")))} -> 220 | E24: 220 | F24: 220 | G24: 214.9 | H24: 215.1 | I24: 215 | J24: 210 | K24: 205 | L24: 200 | M24: 200
A25: LHSV | B25: h-1 | D25: =D37/$D$7*(1/2) -> 1.5410916 | E25: =E37/$D$7*(1/2) -> 1.5397491 | F25: =F37/$D$7*(1/2) -> 1.4956943 | G25: =G37/$D$7*(1/2) -> 1.4848332 | H25: =H37/$D$7*(1/2) -> 1.5320846 | I25: =I37/$D$7*(1/2) -> 1.5033552 | J25: =J37/$D$7*(1/2) -> 1.4913689 | K25: =K37/$D$7*(1/2) -> 1.4692848
A26: H2/Naphtha | B26: mol. Basis | D26: =(D35/2)/(D37/$D$6) -> 2.8666217 | E26: =(E35/2)/(E37/$D$6) -> 2.8232035 | F26: =(F35/2)/(F37/$D$6) -> 2.9219341 | G26: =(G35/2)/(G37/$D$6) -> 3.0090038 | H26: =(H35/2)/(H37/$D$6) -> 2.9040807 | I26: =(I35/2)/(I37/$D$6) -> 2.9711708 | J26: =(J35/2)/(J37/$D$6) -> 3.021929 | K26: =(K35/2)/(K37/$D$6) -> 3.7911714
A27: N2 (Rx effluent) | B27: NLPH | D27: 3.2 | E27: 3.2 | F27: 3.2 | G27: 3.2 | H27: 3.2 | I27: 3.2 | J27: 3.2 | K27: 3.2 | L27: 3.2 | M27: 3.2
A28: H2 (Rx effluent) | B28: % vol | D28: {=TRANSPOSE(_xlfn._xlws.FILTER('Raw Data'!AJ2:AJ505,('Raw Data'!B2:B505=3)*('Raw Data'!AJ2:AJ505<>"")))} -> 28.932162 | E28: 28.546714 | F28: 28.733661 | G28: 29.297184 | H28: 29.083886 | I28: 29.2374 | J28: 29.553943 | K28: 34.324598 | L28: 36.003308 | M28: 35.828624
A29: N2 (Rx effluent) | B29: % vol | D29: {=TRANSPOSE(_xlfn._xlws.FILTER('Raw Data'!AN2:AN505,('Raw Data'!B2:B505=3)*('Raw Data'!AN2:AN505<>"")))} -> 58.333416 | E29: 58.498623 | F29: 58.567864 | G29: 58.412683 | H29: 58.22945 | I29: 58.308411 | J29: 58.415458 | K29: 54.891832 | L29: 65.146379 | M29: 65.273762
A30: Naphtha (Rx effluent) | B30: % vol | D30: =100-D29-D28 -> 12.734422 | E30: =100-E29-E28 -> 12.954663 | F30: =100-F29-F28 -> 12.698475 | G30: =100-G29-G28 -> 12.290133 | H30: =100-H29-H28 -> 12.686664 | I30: =100-I29-I28 -> 12.454189 | J30: =100-J29-J28 -> 12.030599 | K30: =100-K29-K28 -> 10.78357
A31: Total | B31: % vol | D31: =SUM(D28:D30) -> 100 | E31: =SUM(E28:E30) -> 100 | F31: =SUM(F28:F30) -> 100 | G31: =SUM(G28:G30) -> 100 | H31: =SUM(H28:H30) -> 100 | I31: =SUM(I28:I30) -> 100 | J31: =SUM(J28:J30) -> 100 | K31: =SUM(K28:K30) -> 100 | ... M31: =SUM(M28:M30) -> 101.10239
A32: Mol. Weight | B32: -- | D32: {=TRANSPOSE(_xlfn._xlws.FILTER('Raw Data'!CP2:CP505,('Raw Data'!B2:B505=3)*('Raw Data'!CP2:CP505<>"")))} -> 71.02758 | E32: 69.981392 | F32: 69.448814 | G32: 70.969315 | H32: 70.751762 | I32: 70.81498 | J32: 72.796196 | K32: 75.11618 | L32: 63.937546 | M32: 68.44632
A33: Carbon_Naphtha (Rx effluent) | B33: wt% | D33: =SUMPRODUCT($C$42:$C$77,D42:D77) -> 83.261747 | E33: =SUMPRODUCT($C$42:$C$77,E42:E77) -> 83.223604 | F33: =SUMPRODUCT($C$42:$C$77,F42:F77) -> 83.204232 | G33: =SUMPRODUCT($C$42:$C$77,G42:G77) -> 83.294673 | H33: =SUMPRODUCT($C$42:$C$77,H42:H77) -> 83.253085 | I33: =SUMPRODUCT($C$42:$C$77,I42:I77) -> 83.255285 | J33: =SUMPRODUCT($C$42:$C$77,J42:J77) -> 83.32523 | K33: =SUMPRODUCT($C$42:$C$77,K42:K77) -> 83.402152
A34: Hydrogen_Naphtha (Rx effluent) | B34: wt% | D34: =100-D33 -> 16.738253 | E34: =100-E33 -> 16.776396 | F34: =100-F33 -> 16.795768 | G34: =100-G33 -> 16.705327 | H34: =100-H33 -> 16.746915 | I34: =100-I33 -> 16.744715 | J34: =100-J33 -> 16.67477 | K34: =100-K33 -> 16.597848
A35: H2 (Rx effluent) | B35: gms/hr | D35: =(D27/(D29/100))*(D28/100)*(273/293)*(2/22.4) -> 0.13203542 | E35: =(E27/(E29/100))*(E28/100)*(0.0416)*2 -> 0.12992233 | F35: =(F27/(F29/100))*(F28/100)*(0.0416)*2 -> 0.13061856 | G35: =(G27/(G29/100))*(G28/100)*(0.0416)*2 -> 0.13353405 | H35: =(H27/(H29/100))*(H28/100)*(0.0416)*2 -> 0.132979 | I35: =(I27/(I29/100))*(I28/100)*(0.0416)*2 -> 0.13349987 | J35: =(J27/(J29/100))*(J28/100)*(0.0416)*2 -> 0.13469794 | K35: =(K27/(K29/100))*(K28/100)*(0.0416)*2 -> 0.16648344 | L35: =(L27/(L29/100))*(L28/100)*(0.0416)*2 -> 0.1471382 | M35: =(M27/(M29/100))*(M28/100)*(0.0416)*2 -> 0.14613855
A36: Naphtha (Rx effluent) | B36: gms/hr | D36: =(D27/(D29/100))*(D30/100)*(273/293)*(D32/22.4) -> 2.0638866 | E36: =(E27/(E29/100))*(E30/100)*(0.0416)*(E32) -> 2.0630339 | F36: =(F27/(F29/100))*(F30/100)*(0.0416)*(F32) -> 2.0044735 | G36: =(G27/(G29/100))*(G30/100)*(0.0416)*(G32) -> 1.9877573 | H36: =(H27/(H29/100))*(H30/100)*(0.0416)*(H32) -> 2.0520376 | I36: =(I27/(I29/100))*(I30/100)*(0.0416)*(I32) -> 2.0135049 | J36: =(J27/(J29/100))*(J30/100)*(0.0416)*(J32) -> 1.9957745 | K36: =(K27/(K29/100))*(K30/100)*(0.0416)*(K32) -> 1.9644078
A37: Naphtha (Feed Rate) | B37: gms/hr | D37: =(D36*D33)/($D$2) -> 2.0496518 | E37: =(E36*E33)/($D$2) -> 2.0478664 | F37: =(F36*F33)/($D$2) -> 1.9892734 | G37: =(G36*G33)/($D$2) -> 1.9748281 | H37: =(H36*H33)/($D$2) -> 2.0376725 | I37: =(I36*I33)/($D$2) -> 1.9994624 | J37: =(J36*J33)/($D$2) -> 1.9835206 | K37: =(K36*K33)/($D$2) -> 1.9541488
A38: Naphtha/H2 (Rx effluent) | B38: mass basis | D38: =D36/D35 -> 15.63131 | E38: =(E30*E32)/(E28*2) -> 15.878979 | F38: =(F30*F32)/(F28*2) -> 15.346009 | G38: =(G30*G32)/(G28*2) -> 14.885771 | H38: =(H30*H32)/(H28*2) -> 15.431291 | I38: =(I30*I32)/(I28*2) -> 15.082448 | J38: =(J30*J32)/(J28*2) -> 14.816667 | K38: =(K30*K32)/(K28*2) -> 11.799418
A39: Estimated RON | B39: -- | D39: {=TRANSPOSE(_xlfn._xlws.FILTER('Raw Data'!CO2:CO505,('Raw Data'!B2:B505=3)*('Raw Data'!CO2:CO505<>"")))} -> 76.392838 | E39: 78.203964 | F39: 78.930344 | G39: 75.380821 | H39: 75.883331 | I39: 75.758659 | J39: 71.458839 | K39: 66.482964 | L39: 89.387978 | M39: 79.209663
A40: Specific Gravity (Online DHA) | B40: -- | D40: {=TRANSPOSE(_xlfn._xlws.FILTER('Raw Data'!CQ2:CQ506,('Raw Data'!B2:B506=3)*('Raw Data'!CQ2:CQ506<>"")))} -> 0.563085 | E40: 0.55628 | F40: 0.554593 | G40: 0.563651 | H40: 0.560287 | I40: 0.560016 | J40: 0.619886 | K40: 0.627967 | L40: 0.588955 | M40: 0.605173
C41: Carbon, wt%
A42: Methane | B42: wt% | C42: =Reactor1!C42 -> 0.749 | D42: {=TRANSPOSE(_xlfn._xlws.FILTER('Raw Data'!BB2:BB505,('Raw Data'!B2:B505=3)*('Raw Data'!BB2:BB505<>"")))} -> 0 | E42: 0 | F42: 0 | G42: 0 | H42: 0 | I42: 0 | J42: 0 | K42: 0 | L42: 0 | M42: 0
A43: Ethane | B43: wt% | C43: =Reactor1!C43 -> 0.799 | D43: {=TRANSPOSE(_xlfn._xlws.FILTER('Raw Data'!BC2:BC505,('Raw Data'!B2:B505=3)*('Raw Data'!BC2:BC505<>"")))} -> 0 | E43: 0 | F43: 0 | G43: 0 | H43: 0 | I43: 0 | J43: 0 | K43: 0 | L43: 0 | M43: 0
A44: Propane | B44: wt% | C44: =Reactor1!C44 -> 0.817 | D44: {=TRANSPOSE(_xlfn._xlws.FILTER('Raw Data'!BD2:BD505,('Raw Data'!B2:B505=3)*('Raw Data'!BD2:BD505<>"")))} -> 9.028569 | E44: 9.891309 | F44: 10.353241 | G44: 9.053514 | H44: 9.225105 | I44: 9.177466 | J44: 7.591495 | K44: 5.915039 | L44: 15.24262 | M44: 10.92606
A45: n-Butane | B45: wt% | C45: =Reactor1!C45 -> 0.826 | D45: {=TRANSPOSE(_xlfn._xlws.FILTER('Raw Data'!BE2:BE505,('Raw Data'!B2:B505=3)*('Raw Data'!BE2:BE505<>"")))} -> 3.705124 | E45: 3.735582 | F45: 3.75052 | G45: 3.623135 | H45: 3.629029 | I45: 3.619736 | J45: 3.457404 | K45: 3.299569 | L45: 4.722693 | M45: 4.772906
A46: iso-Butane | B46: wt% | C46: =Reactor1!C46 -> 0.826 | D46: {=TRANSPOSE(_xlfn._xlws.FILTER('Raw Data'!BF2:BF505,('Raw Data'!B2:B505=3)*('Raw Data'!BF2:BF505<>"")))} -> 17.745235 | E46: 19.062832 | F46: 19.737593 | G46: 18.000826 | H46: 18.265266 | I46: 18.218029 | J46: 16.028065 | K46: 13.474015 | L46: 30.142546 | M46: 20.056726
A47: n-Pentane | B47: wt% | C47: =Reactor1!C47 -> 0.833 | D47: {=TRANSPOSE(_xlfn._xlws.FILTER('Raw Data'!BG2:BG505,('Raw Data'!B2:B505=3)*('Raw Data'!BG2:BG505<>"")))} -> 11.996096 | E47: 11.938774 | F47: 11.94685 | G47: 12.145188 | H47: 12.12237 | I47: 12.103302 | J47: 12.25702 | K47: 12.451097 | L47: 8.172313 | M47: 9.54243
A48: iso-Pentane | B48: wt% | C48: =Reactor1!C48 -> 0.833 | D48: {=TRANSPOSE(_xlfn._xlws.FILTER('Raw Data'!BH2:BH505,('Raw Data'!B2:B505=3)*('Raw Data'!BH2:BH505<>"")))} -> 11.612995 | E48: 11.752045 | F48: 11.781513 | G48: 11.393465 | H48: 11.439116 | I48: 11.416169 | J48: 11.001996 | K48: 10.555583 | L48: 13.380931 | M48: 10.223031
A49: Cyclopentane | B49: wt% | C49: =Reactor1!C49 -> 0.857 | D49: {=TRANSPOSE(_xlfn._xlws.FILTER('Raw Data'!BI2:BI505,('Raw Data'!B2:B505=3)*('Raw Data'!BI2:BI505<>"")))} -> 0 | E49: 0 | F49: 0 | G49: 0 | H49: 0 | I49: 0 | J49: 0 | K49: 0 | L49: 0 | M49: 0
A50: n-Hexane | B50: wt% | C50: =Reactor1!C50 -> 0.837 | D50: {=TRANSPOSE(_xlfn._xlws.FILTER('Raw Data'!BJ2:BJ505,('Raw Data'!B2:B505=3)*('Raw Data'!BJ2:BJ505<>"")))} -> 10.937249 | E50: 10.856396 | F50: 11.068094 | G50: 12.203727 | H50: 12.073672 | I50: 12.098523 | J50: 13.227259 | K50: 14.463719 | L50: 6.427291 | M50: 17.589853
A51: 2-Methyl Pentane | B51: wt% | C51: =Reactor1!C51 -> 0.837 | D51: {=TRANSPOSE(_xlfn._xlws.FILTER('Raw Data'!BK2:BK505,('Raw Data'!B2:B505=3)*('Raw Data'!BK2:BK505<>"")))} -> 9.574555 | E51: 9.56094 | F51: 9.405034 | G51: 8.948146 | H51: 9.01184 | I51: 9.000156 | J51: 8.552631 | K51: 8.051529 | L51: 7.364925 | M51: 14.172425
A52: 3-Methyl Pentane | B52: wt% | C52: =Reactor1!C52 -> 0.837 | D52: {=TRANSPOSE(_xlfn._xlws.FILTER('Raw Data'!BL2:BL505,('Raw Data'!B2:B505=3)*('Raw Data'!BL2:BL505<>"")))} -> 5.931809 | E52: 5.90704 | F52: 5.79576 | G52: 5.4757 | H52: 5.518102 | I52: 5.508924 | J52: 5.20364 | K52: 4.871033 | L52: 4.483313 | M52: 7.093829
A53: 2,3-Dimethyl Butane | B53: wt% | C53: =Reactor1!C53 -> 0.837 | D53: {=TRANSPOSE(_xlfn._xlws.FILTER('Raw Data'!BM2:BM505,('Raw Data'!B2:B505=3)*('Raw Data'!BM2:BM505<>"")))} -> 2.760134 | E53: 2.871224 | F53: 2.947571 | G53: 2.831783 | H53: 2.855276 | I53: 2.851279 | J53: 2.700425 | K53: 2.511302 | L53: 2.490237 | M53: 3.140682
A54: 2,2-Dimethyl Butane | B54: wt% | C54: =Reactor1!C54 -> 0.837 | D54: {=TRANSPOSE(_xlfn._xlws.FILTER('Raw Data'!BN2:BN505,('Raw Data'!B2:B505=3)*('Raw Data'!BN2:BN505<>"")))} -> 0.86876 | E54: 0.836999 | F54: 0.764861 | G54: 0.616245 | H54: 0.636649 | I54: 0.634237 | J54: 0.500867 | K54: 0.35497 | L54: 0.684352 | M54: 0
A55: Cyclohexane | B55: wt% | C55: =Reactor1!C55 -> 0.857 | D55: {=TRANSPOSE(_xlfn._xlws.FILTER('Raw Data'!BO2:BO505,('Raw Data'!B2:B505=3)*('Raw Data'!BO2:BO505<>"")))} -> 0.247892 | E55: 0.243104 | F55: 0.24413 | G55: 0.265301 | H55: 0.262155 | I55: 0.261953 | J55: 0.287273 | K55: 0.325026 | L55: 0.360253 | M55: 0
A56: Methyl Cyclopentane | B56: wt% | C56: =Reactor1!C56 -> 0.857 | D56: {=TRANSPOSE(_xlfn._xlws.FILTER('Raw Data'!BP2:BP506,('Raw Data'!B2:B506=3)*('Raw Data'!BP2:BP506<>"")))} -> 0.575232 | E56: 0.552187 | F56: 0.538282 | G56: 0.540422 | H56: 0.5382 | I56: 0.536958 | J56: 0.540539 | K56: 0.551734 | L56: 0.826517 | M56: 0
A57: Benzene | B57: wt% | C57: =Reactor1!C57 -> 0.923 | D57: {=TRANSPOSE(_xlfn._xlws.FILTER('Raw Data'!BQ2:BQ505,('Raw Data'!B2:B505=3)*('Raw Data'!BQ2:BQ505<>"")))} -> 0 | E57: 0 | F57: 0 | G57: 0 | H57: 0 | I57: 0 | J57: 0 | K57: 0 | L57: 0 | M57: 0
A58: n-Heptane | B58: wt% | C58: =Reactor1!C58 -> 0.839 | D58: {=TRANSPOSE(_xlfn._xlws.FILTER('Raw Data'!BR2:BR505,('Raw Data'!B2:B505=3)*('Raw Data'!BR2:BR505<>"")))} -> 2.838834 | E58: 2.605005 | F58: 2.716918 | G58: 4.012933 | H58: 3.830891 | I58: 3.868518 | J58: 5.451882 | K58: 7.450567 | L58: 1.899907 | M58: 2.482052
A59: iC7 Single Branched | B59: wt% | C59: =Reactor1!C59 -> 0.839 | D59: {=TRANSPOSE(_xlfn._xlws.FILTER('Raw Data'!BS2:BS505,('Raw Data'!B2:B505=3)*('Raw Data'!BS2:BS505<>"")))} -> 7.003602 | E59: 5.683332 | F59: 4.819706 | G59: 6.063242 | H59: 5.880285 | I59: 5.929247 | J59: 7.495494 | K59: 8.931383 | L59: 2.098461 | M59: 0
A60: iC7 Multi Branched | B60: wt% | C60: =Reactor1!C60 -> 0.839 | D60: {=TRANSPOSE(_xlfn._xlws.FILTER('Raw Data'!BT2:BT505,('Raw Data'!B2:B505=3)*('Raw Data'!BT2:BT505<>"")))} -> 3.048162 | E60: 2.537032 | F60: 2.216016 | G60: 2.649189 | H60: 2.600417 | I60: 2.622334 | J60: 3.132719 | K60: 3.518526 | L60: 1.157671 | M60: 0
A61: C7N | B61: wt% | C61: =Reactor1!C61 -> 0.8562 | D61: {=TRANSPOSE(_xlfn._xlws.FILTER('Raw Data'!BU2:BU505,('Raw Data'!B2:B505=3)*('Raw Data'!BU2:BU505<>"")))} -> 0.904318 | E61: 0.873419 | F61: 0.864503 | G61: 0.895632 | H61: 0.890005 | I61: 0.889545 | J61: 0.92363 | K61: 0.96073 | L61: 0.390345 | M61: 0
A62: Toluene | B62: wt% | C62: =Reactor1!C62 -> 0.913 | D62: {=TRANSPOSE(_xlfn._xlws.FILTER('Raw Data'!BV2:BV505,('Raw Data'!B2:B505=3)*('Raw Data'!BV2:BV505<>"")))} -> 0 | E62: 0 | F62: 0 | G62: 0 | H62: 0 | I62: 0 | J62: 0 | K62: 0 | L62: 0 | M62: 0
A63: C8P | B63: wt% | C63: =Reactor1!C63 -> 0.841 | D63: {=TRANSPOSE(_xlfn._xlws.FILTER('Raw Data'!BW2:BW505,('Raw Data'!B2:B505=3)*('Raw Data'!BW2:BW505<>"")))} -> 0.40426 | E63: 0.279101 | F63: 0.220843 | G63: 0.393171 | H63: 0.306503 | I63: 0.329499 | J63: 0.63064 | K63: 1.270606 | L63: 0.155628 | M63: 0
A64: C8N | B64: wt% | C64: =Reactor1!C64 -> 0.8563 | D64: {=TRANSPOSE(_xlfn._xlws.FILTER('Raw Data'!BX2:BX505,('Raw Data'!B2:B505=3)*('Raw Data'!BX2:BX505<>"")))} -> 0.526211 | E64: 0.523358 | F64: 0.547649 | G64: 0.609885 | H64: 0.605021 | I64: 0.609985 | J64: 0.672779 | K64: 0.716583 | L64: 0 | M64: 0
A65: C8A | B65: wt% | C65: =Reactor1!C65 -> 0.906 | D65: {=TRANSPOSE(_xlfn._xlws.FILTER('Raw Data'!BY2:BY505,('Raw Data'!B2:B505=3)*('Raw Data'!BY2:BY505<>"")))} -> 0 | E65: 0 | F65: 0 | G65: 0 | H65: 0 | I65: 0 | J65: 0 | K65: 0 | L65: 0 | M65: 0
A66: C9P | B66: wt% | C66: =Reactor1!C66 -> 0.843 | D66: {=TRANSPOSE(_xlfn._xlws.FILTER('Raw Data'!BZ2:BZ505,('Raw Data'!B2:B505=3)*('Raw Data'!BZ2:BZ505<>"")))} -> 0.120694 | E66: 0.12111 | F66: 0.118947 | G66: 0.125149 | H66: 0.126144 | I66: 0.126904 | J66: 0.130375 | K66: 0.126976 | L66: 0 | M66: 0
A67: C9N | B67: wt% | C67: =Reactor1!C67 -> 0.857 | D67: {=TRANSPOSE(_xlfn._xlws.FILTER('Raw Data'!CA2:CA505,('Raw Data'!B2:B505=3)*('Raw Data'!CA2:CA505<>"")))} -> 0.002437 | E67: 0.002628 | F67: 0.002488 | G67: 0.003305 | H67: 0.003101 | I67: 0.003199 | J67: 0.003499 | K67: 0.002847 | L67: 0 | M67: 0
A68: C9A | B68: wt% | C68: =Reactor1!C68 -> 0.9 | D68: {=TRANSPOSE(_xlfn._xlws.FILTER('Raw Data'!CB2:CB505,('Raw Data'!B2:B505=3)*('Raw Data'!CB2:CB505<>"")))} -> 0 | E68: 0 | F68: 0 | G68: 0 | H68: 0 | I68: 0 | J68: 0 | K68: 0 | L68: 0 | M68: 0
A69: C10P | B69: wt% | C69: =Reactor1!C69 -> 0.844 | D69: {=TRANSPOSE(_xlfn._xlws.FILTER('Raw Data'!CC2:CC505,('Raw Data'!B2:B505=3)*('Raw Data'!CC2:CC505<>"")))} -> 0 | E69: 0 | F69: 0 | G69: 0 | H69: 0 | I69: 0 | J69: 0 | K69: 0 | L69: 0 | M69: 0
A70: C10N | B70: wt% | C70: =Reactor1!C70 -> 0.8571 | D70: {=TRANSPOSE(_xlfn._xlws.FILTER('Raw Data'!CD2:CD505,('Raw Data'!B2:B505=3)*('Raw Data'!CD2:CD505<>"")))} -> 0 | E70: 0 | F70: 0 | G70: 0 | H70: 0 | I70: 0 | J70: 0 | K70: 0 | L70: 0 | M70: 0
A71: C10A | B71: wt% | C71: =Reactor1!C71 -> 0.896 | D71: {=TRANSPOSE(_xlfn._xlws.FILTER('Raw Data'!CE2:CE505,('Raw Data'!B2:B505=3)*('Raw Data'!CE2:CE505<>"")))} -> 0 | E71: 0 | F71: 0 | G71: 0 | H71: 0 | I71: 0 | J71: 0 | K71: 0 | L71: 0 | M71: 0
A72: C3 & Below | B72: wt% | C72: =Reactor1!C72 -> 0.79 | D72: {=TRANSPOSE(_xlfn._xlws.FILTER('Raw Data'!CF2:CF505,('Raw Data'!B2:B505=3)*('Raw Data'!CF2:CF505<>"")))} -> 0.021372 | E72: 0.017843 | F72: 0.017647 | G72: 0.013227 | H72: 0.012788 | I72: 0.012463 | J72: 0.00899 | K72: 0.007694 | L72: 0 | M72: 0
A73: C4-C5 Unknowns | B73: wt% | C73: =Reactor1!C73 -> 0.83 | D73: {=TRANSPOSE(_xlfn._xlws.FILTER('Raw Data'!CG2:CG505,('Raw Data'!B2:B505=3)*('Raw Data'!CG2:CG505<>"")))} -> 0 | E73: 0.004514 | F73: 0.004393 | G73: 0 | H73: 0 | I73: 0 | J73: 0 | K73: 0 | L73: 0 | M73: 0
A74: C5-C6 Unknowns | B74: wt% | C74: =Reactor1!C74 -> 0.835 | D74: {=TRANSPOSE(_xlfn._xlws.FILTER('Raw Data'!CH2:CH505,('Raw Data'!B2:B505=3)*('Raw Data'!CH2:CH505<>"")))} -> 0 | E74: 0 | F74: 0 | G74: 0 | H74: 0 | I74: 0 | J74: 0 | K74: 0 | L74: 0 | M74: 0
A75: C6-C7 Unknowns | B75: wt% | C75: =Reactor1!C75 -> 0.8386 | D75: {=TRANSPOSE(_xlfn._xlws.FILTER('Raw Data'!CI2:CI505,('Raw Data'!B2:B505=3)*('Raw Data'!CI2:CI505<>"")))} -> 0 | E75: 0 | F75: 0 | G75: 0 | H75: 0 | I75: 0 | J75: 0 | K75: 0 | L75: 0 | M75: 0
A76: C7-C8 Unknowns | B76: wt% | C76: =Reactor1!C76 -> 0.8406 | D76: {=TRANSPOSE(_xlfn._xlws.FILTER('Raw Data'!CJ2:CJ505,('Raw Data'!B2:B505=3)*('Raw Data'!CJ2:CJ505<>"")))} -> 0.007257 | E76: 0.007781 | F76: 0.005199 | G76: 0.016327 | H76: 0.005561 | I76: 0.01482 | J76: 0.021343 | K76: 0.03299 | L76: 0 | M76: 0
A77: C8 Plus | B77: wt% | C77: =Reactor1!C77 -> 0.848 | D77: {=TRANSPOSE(_xlfn._xlws.FILTER('Raw Data'!CK2:CK505,('Raw Data'!B2:B505=3)*('Raw Data'!CK2:CK505<>"")))} -> 0.139207 | E77: 0.136439 | F77: 0.132239 | G77: 0.160673 | H77: 0.162532 | I77: 0.166768 | J77: 0.180025 | K77: 0.156479 | L77: 0 | M77: 0
A78: Total | B78: wt% | D78: =SUM(D42:D77) -> 100 | E78: =SUM(E42:E77) -> 99.999994 | F78: =SUM(F42:F77) -> 99.999997 | G78: =SUM(G42:G77) -> 100.04019 | H78: =SUM(H42:H77) -> 100.00003 | I78: =SUM(I42:I77) -> 100.00001 | J78: =SUM(J42:J77) -> 99.99999 | K78: =SUM(K42:K77) -> 99.999997 | ... M78: =SUM(M42:M77) -> 99.999994
A80: Methane | B80: wof% | D80: =(D36*D42)/(D37) -> 0 | E80: =(E36*E42)/(E37) -> 0 | F80: =(F36*F42)/(F37) -> 0 | G80: =(G36*G42)/(G37) -> 0 | H80: =(H36*H42)/(H37) -> 0 | I80: =(I36*I42)/(I37) -> 0 | J80: =(J36*J42)/(J37) -> 0 | K80: =(K36*K42)/(K37) -> 0
A81: Ethane | B81: wof% | D81: =(D36*D43)/(D37) -> 0 | E81: =(E36*E43)/(E37) -> 0 | F81: =(F36*F43)/(F37) -> 0 | G81: =(G36*G43)/(G37) -> 0 | H81: =(H36*H43)/(H37) -> 0 | I81: =(I36*I43)/(I37) -> 0 | J81: =(J36*J43)/(J37) -> 0 | K81: =(K36*K43)/(K37) -> 0
A82: Propane | B82: wof% | D82: =(D36*D44)/(D37) -> 9.0912724 | E82: =(E36*E44)/(E37) -> 9.964569 | F82: =(F36*F44)/(F37) -> 10.432351 | G82: =(G36*G44)/(G37) -> 9.112787 | H82: =(H36*H44)/(H37) -> 9.2901398 | I82: =(I36*I44)/(I37) -> 9.2419208 | J82: =(J36*J44)/(J37) -> 7.6383941 | K82: =(K36*K44)/(K37) -> 5.946092
A83: n-Butane | B83: wof% | D83: =(D36*D45)/(D37) -> 3.7308561 | E83: =(E36*E45)/(E37) -> 3.7632496 | F83: =(F36*F45)/(F37) -> 3.7791779 | G83: =(G36*G45)/(G37) -> 3.6468555 | H83: =(H36*H45)/(H37) -> 3.6546128 | I83: =(I36*I45)/(I37) -> 3.645158 | J83: =(J36*J45)/(J37) -> 3.4787633 | K83: =(K36*K45)/(K37) -> 3.3168912
A84: iso-Butane | B84: wof% | D84: =(D36*D46)/(D37) -> 17.868476 | E84: =(E36*E46)/(E37) -> 19.204021 | F84: =(F36*F46)/(F37) -> 19.888409 | G84: =(G36*G46)/(G37) -> 18.118677 | H84: =(H36*H46)/(H37) -> 18.394032 | I84: =(I36*I46)/(I37) -> 18.345977 | J84: =(J36*J46)/(J37) -> 16.127084 | K84: =(K36*K46)/(K37) -> 13.544751
A85: n-Pentane | B85: wof% | D85: =(D36*D47)/(D37) -> 12.079409 | E85: =(E36*E47)/(E37) -> 12.027199 | F85: =(F36*F47)/(F37) -> 12.038137 | G85: =(G36*G47)/(G37) -> 12.224702 | H85: =(H36*H47)/(H37) -> 12.20783 | I85: =(I36*I47)/(I37) -> 12.188305 | J85: =(J36*J47)/(J37) -> 12.332742 | K85: =(K36*K47)/(K37) -> 12.516463
A86: iso-Pentane | B86: wof% | D86: =(D36*D48)/(D37) -> 11.693647 | E86: =(E36*E48)/(E37) -> 11.839087 | F86: =(F36*F48)/(F37) -> 11.871536 | G86: =(G36*G48)/(G37) -> 11.468058 | H86: =(H36*H48)/(H37) -> 11.519759 | I86: =(I36*I48)/(I37) -> 11.496347 | J86: =(J36*J48)/(J37) -> 11.069965 | K86: =(K36*K48)/(K37) -> 10.610998
A87: Cyclopentane | B87: wof% | D87: =(D36*D49)/(D37) -> 0 | E87: =(E36*E49)/(E37) -> 0 | F87: =(F36*F49)/(F37) -> 0 | G87: =(G36*G49)/(G37) -> 0 | H87: =(H36*H49)/(H37) -> 0 | I87: =(I36*I49)/(I37) -> 0 | J87: =(J36*J49)/(J37) -> 0 | K87: =(K36*K49)/(K37) -> 0
A88: n-Hexane | B88: wof% | D88: =(D36*D50)/(D37) -> 11.013208 | E88: =(E36*E50)/(E37) -> 10.936804 | F88: =(F36*F50)/(F37) -> 11.152666 | G88: =(G36*G50)/(G37) -> 12.283624 | H88: =(H36*H50)/(H37) -> 12.158789 | I88: =(I36*I50)/(I37) -> 12.183493 | J88: =(J36*J50)/(J37) -> 13.308975 | K88: =(K36*K50)/(K37) -> 14.539651
A89: 2-Methyl Pentane | B89: wof% | D89: =(D36*D51)/(D37) -> 9.6410503 | E89: =(E36*E51)/(E37) -> 9.6317531 | F89: =(F36*F51)/(F37) -> 9.4768984 | G89: =(G36*G51)/(G37) -> 9.0067292 | H89: =(H36*H51)/(H37) -> 9.0753714 | I89: =(I36*I51)/(I37) -> 9.0633655 | J89: =(J36*J51)/(J37) -> 8.6054678 | K89: =(K36*K51)/(K37) -> 8.0937982
